Price,Adj Close,Close,High,Low,Open,Volume
Ticker,HDFCBANK.NS,HDFCBANK.NS,HDFCBANK.NS,HDFCBANK.NS,HDFCBANK.NS,HDFCBANK.NS
Date,,,,,,
1996-01-01,1.1312601566314697,1.4900000095367432,1.5149999856948853,1.462499976158142,1.5149999856948853,700000
1996-01-02,1.1293621063232422,1.4874999523162842,1.5125000476837158,1.475000023841858,1.4900000095367432,824000
1996-01-03,1.1331582069396973,1.4924999475479126,1.497499942779541,1.475000023841858,1.4874999523162842,568000
1996-01-04,1.1255656480789185,1.4824999570846558,1.4900000095367432,1.4700000286102295,1.4924999475479126,564000
1996-01-05,1.1236674785614014,1.4800000190734863,1.4900000095367432,1.475000023841858,1.4824999570846558,378000
1996-01-08,1.1103812456130981,1.462499976158142,1.475000023841858,1.4550000429153442,1.4800000190734863,474000
1996-01-09,1.0743176937103271,1.4149999618530273,1.462499976158142,1.399999976158142,1.462499976158142,966000
1996-01-10,1.0781135559082031,1.4199999570846558,1.4325000047683716,1.4049999713897705,1.4149999618530273,452000
1996-01-11,1.0743176937103271,1.4149999618530273,1.440000057220459,1.399999976158142,1.4199999570846558,636000
1996-01-12,1.072419285774231,1.412500023841858,1.4175000190734863,1.399999976158142,1.4149999618530273,862000
1996-01-15,1.0591325759887695,1.3949999809265137,1.4075000286102295,1.3875000476837158,1.412500023841858,362000
1996-01-16,1.0401519536972046,1.3700000047683716,1.399999976158142,1.3700000047683716,1.3949999809265137,716000
1996-01-17,1.0078846216201782,1.3274999856948853,1.3975000381469727,1.315000057220459,1.3700000047683716,858000
1996-01-18,1.0021899938583374,1.3200000524520874,1.3274999856948853,1.2999999523162842,1.3274999856948853,660000
1996-01-19,0.969922661781311,1.277500033378601,1.315000057220459,1.2675000429153442,1.3200000524520874,852000
1996-01-22,0.9661266803741455,1.2725000381469727,1.2949999570846558,1.2599999904632568,1.277500033378601,718000
1996-01-23,0.960432231426239,1.2649999856948853,1.2999999523162842,1.2549999952316284,1.2725000381469727,798000
1996-01-24,0.9357569813728333,1.2324999570846558,1.2649999856948853,1.225000023841858,1.2649999856948853,898000
1996-01-25,0.9243685007095337,1.2174999713897705,1.225000023841858,1.2050000429153442,1.2324999570846558,780000
1996-01-26,0.9243685007095337,1.2174999713897705,1.2174999713897705,1.2174999713897705,1.2174999713897705,0
1996-01-29,0.9433493614196777,1.2424999475479126,1.247499942779541,1.1974999904632568,1.2174999713897705,622000
1996-01-30,0.9566360116004944,1.2599999904632568,1.274999976158142,1.2424999475479126,1.2424999475479126,904000
1996-01-31,0.9832093119621277,1.2949999570846558,1.3174999952316284,1.274999976158142,1.2599999904632568,688000
1996-02-01,1.055336594581604,1.3899999856948853,1.399999976158142,1.2999999523162842,1.2949999570846558,848000
1996-02-02,1.106584906578064,1.4574999809265137,1.497499942779541,1.399999976158142,1.3899999856948853,1638000
1996-02-05,1.136954426765442,1.497499942779541,1.5499999523162842,1.475000023841858,1.4574999809265137,1812000
1996-02-06,1.1293621063232422,1.4874999523162842,1.524999976158142,1.475000023841858,1.497499942779541,1776000
1996-02-07,1.08760404586792,1.4325000047683716,1.462499976158142,1.412500023841858,1.4874999523162842,1172000
1996-02-08,1.1559350490570068,1.5225000381469727,1.5750000476837158,1.4424999952316284,1.4325000047683716,1334000
1996-02-09,1.385603904724121,1.8250000476837158,1.8274999856948853,1.6749999523162842,1.5225000381469727,3440000
1996-02-12,1.3324573040008545,1.7549999952316284,1.8975000381469727,1.725000023841858,1.8250000476837158,5702000
1996-02-13,1.3096805810928345,1.725000023841858,1.7999999523162842,1.662500023841858,1.7999999523162842,2902000
1996-02-14,1.4083808660507202,1.8550000190734863,1.899999976158142,1.7949999570846558,1.725000023841858,4928000
1996-02-15,1.3988900184631348,1.8424999713897705,1.8849999904632568,1.8350000381469727,1.8550000190734863,2382000
1996-02-16,1.351438283920288,1.7799999713897705,1.837499976158142,1.7549999952316284,1.8424999713897705,2792000
1996-02-19,1.3343552350997925,1.7575000524520874,1.8250000476837158,1.75,1.7799999713897705,2594000
1996-02-20,1.2774131298065186,1.6825000047683716,1.7575000524520874,1.652500033378601,1.7575000524520874,2722000
1996-02-21,1.2774131298065186,1.6825000047683716,1.6825000047683716,1.6825000047683716,1.6825000047683716,0
1996-02-22,1.3001900911331177,1.712499976158142,1.7374999523162842,1.7000000476837158,1.6825000047683716,1696000
1996-02-23,1.2982920408248901,1.7100000381469727,1.75,1.7000000476837158,1.712499976158142,1374000
1996-02-26,1.2850053310394287,1.6924999952316284,1.7374999523162842,1.6875,1.7100000381469727,1294000
1996-02-27,1.2888013124465942,1.6974999904632568,1.712499976158142,1.649999976158142,1.6950000524520874,1682000
1996-02-28,1.262228012084961,1.662500023841858,1.722499966621399,1.652500033378601,1.6974999904632568,844000
1996-02-29,1.1635278463363647,1.5325000286102295,1.649999976158142,1.5,1.649999976158142,2550000
1996-03-01,1.1806102991104126,1.5549999475479126,1.5750000476837158,1.5,1.5325000286102295,1464000
1996-03-04,1.1635278463363647,1.5325000286102295,1.5499999523162842,1.524999976158142,1.5549999475479126,1294000
1996-03-05,1.1635278463363647,1.5325000286102295,1.5325000286102295,1.5325000286102295,1.5325000286102295,0
1996-03-06,1.1768141984939575,1.5499999523162842,1.5750000476837158,1.5399999618530273,1.5325000286102295,720000
1996-03-07,1.1616296768188477,1.5299999713897705,1.5750000476837158,1.5125000476837158,1.5499999523162842,972000
1996-03-08,1.157833218574524,1.524999976158142,1.534999966621399,1.5,1.5299999713897705,774000
1996-03-11,1.136954426765442,1.497499942779541,1.5225000381469727,1.4874999523162842,1.524999976158142,648000
1996-03-12,1.1217697858810425,1.4774999618530273,1.497499942779541,1.465000033378601,1.497499942779541,800000
1996-03-13,1.1692217588424683,1.5399999618530273,1.5499999523162842,1.5,1.4774999618530273,972000
1996-03-14,1.1654255390167236,1.534999966621399,1.5750000476837158,1.5225000381469727,1.5399999618530273,1058000
1996-03-15,1.1388522386550903,1.5,1.5499999523162842,1.5,1.5499999523162842,1614000
1996-03-18,1.1331582069396973,1.4924999475479126,1.5125000476837158,1.465000033378601,1.5,776000
1996-03-19,1.1217697858810425,1.4774999618530273,1.5,1.4500000476837158,1.4924999475479126,1234000
1996-03-20,1.1217697858810425,1.4774999618530273,1.4774999618530273,1.4774999618530273,1.4774999618530273,0
1996-03-21,1.1407504081726074,1.502500057220459,1.5075000524520874,1.475000023841858,1.4774999618530273,1286000
1996-03-22,1.136954426765442,1.497499942779541,1.5099999904632568,1.4674999713897705,1.502500057220459,388000
1996-03-25,1.1483429670333862,1.5125000476837158,1.524999976158142,1.4900000095367432,1.497499942779541,826000
1996-03-26,1.1559350490570068,1.5225000381469727,1.5399999618530273,1.4900000095367432,1.5125000476837158,1286000
1996-03-27,1.1768141984939575,1.5499999523162842,1.5549999475479126,1.5149999856948853,1.5225000381469727,1590000
1996-03-28,1.2185723781585693,1.6050000190734863,1.6375000476837158,1.565000057220459,1.5499999523162842,2248000
1996-03-29,1.231858491897583,1.622499942779541,1.6549999713897705,1.600000023841858,1.6050000190734863,2712000
1996-04-01,1.248941421508789,1.6449999809265137,1.649999976158142,1.6200000047683716,1.622499942779541,1926000
1996-04-02,1.2906992435455322,1.7000000476837158,1.725000023841858,1.6399999856948853,1.6449999809265137,3670000
1996-04-03,1.3248649835586548,1.7450000047683716,1.7999999523162842,1.7000000476837158,1.7000000476837158,4164000
1996-04-04,1.2925975322723389,1.7024999856948853,1.7274999618530273,1.6749999523162842,1.7450000047683716,2268000
1996-04-05,1.2925975322723389,1.7024999856948853,1.7024999856948853,1.7024999856948853,1.7024999856948853,0
1996-04-08,1.3096805810928345,1.725000023841858,1.7350000143051147,1.7050000429153442,1.7024999856948853,1850000
1996-04-09,1.2850053310394287,1.6924999952316284,1.7300000190734863,1.6775000095367432,1.725000023841858,2438000
1996-04-10,1.2470433712005615,1.6425000429153442,1.7300000190734863,1.6200000047683716,1.6924999952316284,1808000
1996-04-11,1.2660243511199951,1.6675000190734863,1.6699999570846558,1.625,1.625,1262000
1996-04-12,1.2717182636260986,1.6749999523162842,1.6924999952316284,1.6399999856948853,1.6675000190734863,1128000
1996-04-15,1.3001900911331177,1.712499976158142,1.7274999618530273,1.6875,1.7050000429153442,1976000
1996-04-16,1.2812087535858154,1.6875,1.7174999713897705,1.6799999475479126,1.7100000381469727,1566000
1996-04-17,1.3305593729019165,1.752500057220459,1.7625000476837158,1.712499976158142,1.6875,3092000
1996-04-18,1.387501835823059,1.8274999856948853,1.847499966621399,1.752500057220459,1.774999976158142,5412000
1996-04-19,1.4596291780471802,1.9225000143051147,2.012500047683716,1.8125,1.850000023841858,12700000
1996-04-22,1.4311579465866089,1.8849999904632568,2.049999952316284,1.8524999618530273,2.0,11286000
1996-04-23,1.4083808660507202,1.8550000190734863,1.8949999809265137,1.815000057220459,1.8849999904632568,6428000
1996-04-24,1.4596291780471802,1.9225000143051147,2.0250000953674316,1.899999976158142,1.9474999904632568,10686000
1996-04-25,1.3988900184631348,1.8424999713897705,1.9500000476837158,1.8049999475479126,1.9500000476837158,6666000
1996-04-26,1.4045847654342651,1.850000023841858,1.8975000381469727,1.8125,1.8424999713897705,4078000
1996-04-29,1.3988900184631348,1.8424999713897705,1.8674999475479126,1.8200000524520874,1.850000023841858,2700000
1996-04-30,1.3457443714141846,1.7725000381469727,1.850000023841858,1.752500057220459,1.8424999713897705,5402000
1996-05-01,1.3761135339736938,1.8125,1.8875000476837158,1.8049999475479126,1.7725000381469727,3324000
1996-05-02,1.353335976600647,1.7825000286102295,1.840000033378601,1.7725000381469727,1.840000033378601,2340000
1996-05-03,1.328661322593689,1.75,1.784999966621399,1.7450000047683716,1.7825000286102295,3558000
1996-05-06,1.2831072807312012,1.690000057220459,1.75,1.6749999523162842,1.75,2720000
1996-05-07,1.296393632888794,1.7074999809265137,1.7200000286102295,1.6749999523162842,1.690000057220459,3642000
1996-05-08,1.3229670524597168,1.7424999475479126,1.75,1.600000023841858,1.600000023841858,3234000
1996-05-09,1.2925975322723389,1.7024999856948853,1.747499942779541,1.690000057220459,1.7424999475479126,2230000
1996-05-10,1.2850053310394287,1.6924999952316284,1.6974999904632568,1.6200000047683716,1.7024999856948853,2742000
1996-05-13,1.2982920408248901,1.7100000381469727,1.712499976158142,1.6749999523162842,1.6924999952316284,1424000
1996-05-14,1.3001900911331177,1.712499976158142,1.7424999475479126,1.6875,1.7424999475479126,2384000
1996-05-15,1.3210687637329102,1.7400000095367432,1.75,1.7000000476837158,1.712499976158142,3216000
1996-05-16,1.3571323156356812,1.787500023841858,1.8350000381469727,1.7575000524520874,1.7400000095367432,5342000
1996-05-17,1.340049386024475,1.7649999856948853,1.774999976158142,1.7374999523162842,1.774999976158142,2770000
1996-05-20,1.2925975322723389,1.7024999856948853,1.7400000095367432,1.7000000476837158,1.7374999523162842,1866000
1996-05-21,1.2660243511199951,1.6675000190734863,1.7000000476837158,1.662500023841858,1.7000000476837158,3288000
1996-05-22,1.2812087535858154,1.6875,1.7100000381469727,1.684999942779541,1.6675000190734863,1290000
1996-05-23,1.2717182636260986,1.6749999523162842,1.7000000476837158,1.6675000190734863,1.7000000476837158,722000
1996-05-24,1.2850053310394287,1.6924999952316284,1.7000000476837158,1.6749999523162842,1.6749999523162842,946000
1996-05-27,1.267922282218933,1.6699999570846558,1.6924999952316284,1.662500023841858,1.6924999952316284,2724000
1996-05-28,1.2869030237197876,1.6950000524520874,1.7000000476837158,1.649999976158142,1.6699999570846558,2780000
1996-05-29,1.3077820539474487,1.722499966621399,1.725000023841858,1.6974999904632568,1.6950000524520874,2628000
1996-05-30,1.2944958209991455,1.7050000429153442,1.75,1.6875,1.75,1608000
1996-05-31,1.296393632888794,1.7074999809265137,1.715000033378601,1.684999942779541,1.7050000429153442,972000
1996-06-03,1.3096805810928345,1.725000023841858,1.75,1.7074999809265137,1.7074999809265137,1532000
1996-06-04,1.2906992435455322,1.7000000476837158,1.7374999523162842,1.6875,1.725000023841858,3396000
1996-06-05,1.2925975322723389,1.7024999856948853,1.725000023841858,1.6950000524520874,1.7000000476837158,874000
1996-06-06,1.3039860725402832,1.7174999713897705,1.7300000190734863,1.7024999856948853,1.722499966621399,1244000
1996-06-07,1.3039860725402832,1.7174999713897705,1.722499966621399,1.7024999856948853,1.7100000381469727,810000
1996-06-10,1.3058840036392212,1.7200000286102295,1.7324999570846558,1.712499976158142,1.7324999570846558,1720000
1996-06-11,1.3020880222320557,1.715000033378601,1.7350000143051147,1.7000000476837158,1.7350000143051147,2108000
1996-06-12,1.3324573040008545,1.7549999952316284,1.7725000381469727,1.7200000286102295,1.725000023841858,3314000
1996-06-13,1.4710177183151245,1.9375,1.940000057220459,1.75,1.7549999952316284,14640000
1996-06-14,1.5355528593063354,2.0225000381469727,2.0850000381469727,1.962499976158142,1.962499976158142,18072000
1996-06-17,1.4691194295883179,1.934999942779541,2.065000057220459,1.9249999523162842,2.0250000953674316,13624000
1996-06-18,1.4539350271224976,1.9149999618530273,1.9500000476837158,1.875,1.9249999523162842,9416000
1996-06-19,1.4425463676452637,1.899999976158142,1.975000023841858,1.8875000476837158,1.9674999713897705,6844000
1996-06-20,1.4292596578598022,1.8825000524520874,1.899999976158142,1.850000023841858,1.875,5962000
1996-06-21,1.3969923257827759,1.840000033378601,1.8825000524520874,1.8274999856948853,1.850000023841858,4728000
1996-06-24,1.3894002437591553,1.8300000429153442,1.8550000190734863,1.7999999523162842,1.8550000190734863,3862000
1996-06-25,1.3818079233169556,1.8200000524520874,1.840000033378601,1.8049999475479126,1.837499976158142,8000000
1996-06-26,1.4862024784088135,1.9574999809265137,2.012500047683716,1.9249999523162842,1.9249999523162842,28122000
1996-06-27,1.4918971061706543,1.965000033378601,1.972499966621399,1.902500033378601,1.9550000429153442,15964000
1996-06-28,1.5146738290786743,1.9950000047683716,2.0250000953674316,1.9550000429153442,1.9800000190734863,29918000
1996-07-01,1.4824063777923584,1.9524999856948853,2.012500047683716,1.9375,2.005000114440918,22668000
1996-07-02,1.4786102771759033,1.9474999904632568,1.9900000095367432,1.9375,1.962499976158142,12078000
1996-07-03,1.4634253978729248,1.9275000095367432,1.9500000476837158,1.9149999618530273,1.9375,15710000
1996-07-04,1.4653233289718628,1.9299999475479126,1.9550000429153442,1.8875000476837158,1.9149999618530273,18954000
1996-07-05,1.4634253978729248,1.9275000095367432,1.9550000429153442,1.9249999523162842,1.9275000095367432,6138000
1996-07-08,1.4710177183151245,1.9375,1.965000033378601,1.9275000095367432,1.965000033378601,3854000
1996-07-09,1.455833077430725,1.9175000190734863,1.940000057220459,1.909999966621399,1.9375,6828000
1996-07-10,1.4539350271224976,1.9149999618530273,1.9249999523162842,1.8875000476837158,1.9049999713897705,7834000
1996-07-11,1.4539350271224976,1.9149999618530273,1.9325000047683716,1.912500023841858,1.912500023841858,2592000
1996-07-12,1.4501386880874634,1.909999966621399,1.9199999570846558,1.8899999856948853,1.9075000286102295,2400000
1996-07-15,1.4539350271224976,1.9149999618530273,1.9225000143051147,1.8875000476837158,1.9049999713897705,5116000
1996-07-16,1.444443941116333,1.902500033378601,1.9375,1.8849999904632568,1.912500023841858,6754000
1996-07-17,1.4311579465866089,1.8849999904632568,1.899999976158142,1.809999942779541,1.8975000381469727,11164000
1996-07-18,1.4197694063186646,1.8700000047683716,1.8975000381469727,1.8524999618530273,1.875,4170000
1996-07-19,1.4273618459701538,1.8799999952316284,1.8875000476837158,1.850000023841858,1.875,4696000
1996-07-22,1.4235655069351196,1.875,1.912500023841858,1.8550000190734863,1.912500023841858,1726000
1996-07-23,1.3969923257827759,1.840000033378601,1.877500057220459,1.8274999856948853,1.877500057220459,7390000
1996-07-24,1.3742156028747559,1.809999942779541,1.8300000429153442,1.7374999523162842,1.8300000429153442,12120000
1996-07-25,1.3704192638397217,1.8049999475479126,1.8250000476837158,1.7899999618530273,1.7999999523162842,5084000
1996-07-26,1.3780113458633423,1.815000057220459,1.8350000381469727,1.7825000286102295,1.7899999618530273,13278000
1996-07-29,1.3742156028747559,1.809999942779541,1.9225000143051147,1.8075000047683716,1.8250000476837158,8280000
1996-07-30,1.3419477939605713,1.7675000429153442,1.7999999523162842,1.6449999809265137,1.7999999523162842,24798000
1996-07-31,1.3362535238265991,1.7599999904632568,1.774999976158142,1.6775000095367432,1.7300000190734863,5940000
1996-08-01,1.3476420640945435,1.774999976158142,1.784999966621399,1.75,1.774999976158142,2194000
1996-08-02,1.3609288930892944,1.7925000190734863,1.8125,1.7549999952316284,1.8125,1644000
1996-08-05,1.3723170757293701,1.8075000047683716,1.850000023841858,1.774999976158142,1.774999976158142,2908000
1996-08-06,1.433056116104126,1.8875000476837158,1.899999976158142,1.8025000095367432,1.8025000095367432,4700000
1996-08-07,1.3988900184631348,1.8424999713897705,1.872499942779541,1.8250000476837158,1.850000023841858,1362000
1996-08-08,1.3912982940673828,1.8324999809265137,1.8574999570846558,1.8250000476837158,1.850000023841858,742000
1996-08-09,1.379909634590149,1.8174999952316284,1.837499976158142,1.809999942779541,1.8174999952316284,656000
1996-08-12,1.3723170757293701,1.8075000047683716,1.8274999856948853,1.7999999523162842,1.8274999856948853,1660000
1996-08-13,1.3685208559036255,1.8025000095367432,1.8125,1.787500023841858,1.7999999523162842,1678000
1996-08-14,1.351438283920288,1.7799999713897705,1.8075000047683716,1.774999976158142,1.8049999475479126,1310000
1996-08-15,1.351438283920288,1.7799999713897705,1.7799999713897705,1.7799999713897705,1.7799999713897705,0
1996-08-16,1.3419477939605713,1.7675000429153442,1.787500023841858,1.7649999856948853,1.774999976158142,604000
1996-08-19,1.328661322593689,1.75,1.8250000476837158,1.7200000286102295,1.8250000476837158,1220000
1996-08-20,1.2717182636260986,1.6749999523162842,1.7649999856948853,1.662500023841858,1.7350000143051147,3964000
1996-08-21,1.3324573040008545,1.7549999952316284,1.7999999523162842,1.725000023841858,1.725000023841858,1570000
1996-08-22,1.3267630338668823,1.747499942779541,1.7999999523162842,1.7400000095367432,1.774999976158142,976000
1996-08-23,1.328661322593689,1.75,1.7575000524520874,1.7400000095367432,1.7400000095367432,1724000
1996-08-26,1.343846082687378,1.7699999809265137,1.774999976158142,1.747499942779541,1.7549999952316284,2050000
1996-08-27,1.366623044013977,1.7999999523162842,1.8125,1.7575000524520874,1.7599999904632568,1810000
1996-08-28,1.3780113458633423,1.815000057220459,1.8200000524520874,1.7899999618530273,1.7899999618530273,1598000
1996-08-29,1.387501835823059,1.8274999856948853,1.847499966621399,1.7975000143051147,1.7999999523162842,1944000
1996-08-30,1.3988900184631348,1.8424999713897705,1.847499966621399,1.8025000095367432,1.8025000095367432,1114000
1996-09-02,1.4064828157424927,1.8524999618530273,1.8574999570846558,1.8274999856948853,1.850000023841858,906000
1996-09-03,1.3818079233169556,1.8200000524520874,1.8975000381469727,1.7949999570846558,1.8975000381469727,2128000
1996-09-04,1.387501835823059,1.8274999856948853,1.8300000429153442,1.7999999523162842,1.7999999523162842,1492000
1996-09-05,1.4045847654342651,1.850000023841858,1.8700000047683716,1.8324999809265137,1.837499976158142,2746000
1996-09-06,1.4064828157424927,1.8524999618530273,1.8624999523162842,1.8324999809265137,1.8450000286102295,1140000
1996-09-09,1.4045847654342651,1.850000023841858,1.8600000143051147,1.840000033378601,1.8600000143051147,2472000
1996-09-10,1.4121770858764648,1.8600000143051147,1.8624999523162842,1.8350000381469727,1.8424999713897705,3004000
1996-09-11,1.4140753746032715,1.8624999523162842,1.8700000047683716,1.8450000286102295,1.8700000047683716,2326000
1996-09-12,1.4102790355682373,1.8574999570846558,1.8624999523162842,1.837499976158142,1.850000023841858,1342000
1996-09-13,1.4140753746032715,1.8624999523162842,1.8700000047683716,1.847499966621399,1.847499966621399,616000
1996-09-16,1.4102790355682373,1.8574999570846558,1.8700000047683716,1.8324999809265137,1.8324999809265137,1282000
1996-09-17,1.4292596578598022,1.8825000524520874,1.899999976158142,1.850000023841858,1.8600000143051147,1294000
1996-09-18,1.4121770858764648,1.8600000143051147,1.872499942779541,1.850000023841858,1.8624999523162842,826000
1996-09-19,1.3988900184631348,1.8424999713897705,1.875,1.837499976158142,1.8624999523162842,528000
1996-09-20,1.387501835823059,1.8274999856948853,1.850000023841858,1.8174999952316284,1.837499976158142,564000
1996-09-23,1.3818079233169556,1.8200000524520874,1.8300000429153442,1.787500023841858,1.8200000524520874,1188000
1996-09-24,1.3761135339736938,1.8125,1.8300000429153442,1.8025000095367432,1.8049999475479126,1210000
1996-09-25,1.3780113458633423,1.815000057220459,1.8450000286102295,1.7799999713897705,1.7799999713897705,460000
1996-09-26,1.3723170757293701,1.8075000047683716,1.8125,1.7975000143051147,1.8049999475479126,644000
1996-09-27,1.3685208559036255,1.8025000095367432,1.8250000476837158,1.7699999809265137,1.8025000095367432,1810000
1996-09-30,1.3590306043624878,1.7899999618530273,1.8025000095367432,1.7549999952316284,1.7549999952316284,828000
1996-10-01,1.3780113458633423,1.815000057220459,1.8450000286102295,1.7599999904632568,1.7899999618530273,2288000
1996-10-02,1.3780113458633423,1.815000057220459,1.815000057220459,1.815000057220459,1.815000057220459,0
1996-10-03,1.349540114402771,1.777500033378601,1.8424999713897705,1.774999976158142,1.8424999713897705,1320000
1996-10-04,1.3590306043624878,1.7899999618530273,1.8125,1.7549999952316284,1.7549999952316284,1614000
1996-10-07,1.3096805810928345,1.725000023841858,1.774999976158142,1.6749999523162842,1.7599999904632568,2570000
1996-10-08,1.2925975322723389,1.7024999856948853,1.7374999523162842,1.652500033378601,1.652500033378601,1570000
1996-10-09,1.3115781545639038,1.7274999618530273,1.784999966621399,1.6825000047683716,1.784999966621399,1328000
1996-10-10,1.3305593729019165,1.752500057220459,1.7625000476837158,1.725000023841858,1.7424999475479126,794000
1996-10-11,1.328661322593689,1.75,1.7999999523162842,1.7400000095367432,1.7725000381469727,420000
1996-10-14,1.3077820539474487,1.722499966621399,1.75,1.715000033378601,1.75,498000
1996-10-15,1.340049386024475,1.7649999856948853,1.7925000190734863,1.7000000476837158,1.7100000381469727,1206000
1996-10-16,1.328661322593689,1.75,1.7949999570846558,1.7000000476837158,1.7000000476837158,600000
1996-10-17,1.3343552350997925,1.7575000524520874,1.7625000476837158,1.7350000143051147,1.7374999523162842,606000
1996-10-18,1.3476420640945435,1.774999976158142,1.7925000190734863,1.75,1.7625000476837158,2012000
1996-10-21,1.3476420640945435,1.774999976158142,1.774999976158142,1.774999976158142,1.774999976158142,0
1996-10-22,1.4197694063186646,1.8700000047683716,1.8975000381469727,1.8250000476837158,1.872499942779541,1718000
1996-10-23,1.4899985790252686,1.962499976158142,2.0,1.9049999713897705,1.9450000524520874,2168000
1996-10-24,1.4045847654342651,1.850000023841858,1.9700000286102295,1.8324999809265137,1.9500000476837158,1642000
1996-10-25,1.4273618459701538,1.8799999952316284,1.8849999904632568,1.8324999809265137,1.840000033378601,594000
1996-10-28,1.444443941116333,1.902500033378601,1.912500023841858,1.875,1.8799999952316284,1226000
1996-10-29,1.4539350271224976,1.9149999618530273,1.934999942779541,1.8849999904632568,1.8849999904632568,1556000
1996-10-30,1.4539350271224976,1.9149999618530273,1.9149999618530273,1.9149999618530273,1.9149999618530273,0
1996-10-31,1.4311579465866089,1.8849999904632568,1.9500000476837158,1.8424999713897705,1.912500023841858,1462000
1996-11-01,1.4482406377792358,1.9075000286102295,1.9199999570846558,1.875,1.875,1244000
1996-11-04,1.455833077430725,1.9175000190734863,1.9249999523162842,1.8524999618530273,1.8524999618530273,1388000
1996-11-05,1.4482406377792358,1.9075000286102295,1.9249999523162842,1.8875000476837158,1.909999966621399,1142000
1996-11-06,1.4482406377792358,1.9075000286102295,1.912500023841858,1.8600000143051147,1.8975000381469727,1194000
1996-11-07,1.4425463676452637,1.899999976158142,1.912500023841858,1.8949999809265137,1.8949999809265137,778000
1996-11-08,1.4482406377792358,1.9075000286102295,1.9199999570846558,1.899999976158142,1.9049999713897705,488000
1996-11-11,1.5032851696014404,1.9800000190734863,1.9874999523162842,1.9249999523162842,1.934999942779541,894000
1996-11-12,1.5032851696014404,1.9800000190734863,1.9800000190734863,1.9800000190734863,1.9800000190734863,0
1996-11-13,1.4918971061706543,1.965000033378601,2.0,1.9500000476837158,1.962499976158142,1112000
1996-11-14,1.4805078506469727,1.9500000476837158,1.9774999618530273,1.940000057220459,1.9700000286102295,716000
1996-11-15,1.4786102771759033,1.9474999904632568,1.962499976158142,1.9325000047683716,1.940000057220459,444000
1996-11-18,1.4729158878326416,1.940000057220459,1.962499976158142,1.9299999475479126,1.9500000476837158,772000
1996-11-19,1.45203697681427,1.912500023841858,1.9500000476837158,1.899999976158142,1.9424999952316284,1064000
1996-11-20,1.444443941116333,1.902500033378601,1.912500023841858,1.8875000476837158,1.8949999809265137,758000
1996-11-21,1.444443941116333,1.902500033378601,1.9249999523162842,1.8949999809265137,1.9249999523162842,754000
1996-11-22,1.444443941116333,1.902500033378601,1.909999966621399,1.8975000381469727,1.909999966621399,680000
1996-11-25,1.444443941116333,1.902500033378601,1.940000057220459,1.8025000095367432,1.8975000381469727,2122000
1996-11-26,1.444443941116333,1.902500033378601,1.912500023841858,1.8875000476837158,1.8949999809265137,812000
1996-11-27,1.4349539279937744,1.8899999856948853,1.899999976158142,1.8574999570846558,1.899999976158142,298000
1996-11-28,1.444443941116333,1.902500033378601,1.9075000286102295,1.872499942779541,1.877500057220459,626000
1996-11-29,1.4425463676452637,1.899999976158142,1.9500000476837158,1.8899999856948853,1.9500000476837158,288000
1996-12-02,1.4425463676452637,1.899999976158142,1.9049999713897705,1.8825000524520874,1.899999976158142,496000
1996-12-03,1.4463425874710083,1.9049999713897705,1.9075000286102295,1.8650000095367432,1.8650000095367432,1160000
1996-12-04,1.4102790355682373,1.8574999570846558,1.872499942779541,1.8424999713897705,1.8524999618530273,710000
1996-12-05,1.4197694063186646,1.8700000047683716,1.8875000476837158,1.850000023841858,1.850000023841858,494000
1996-12-06,1.41597318649292,1.8650000095367432,1.8949999809265137,1.8600000143051147,1.875,310000
1996-12-09,1.4140753746032715,1.8624999523162842,1.8875000476837158,1.8524999618530273,1.8700000047683716,346000
1996-12-10,1.4178712368011475,1.8674999475479126,1.877500057220459,1.850000023841858,1.8524999618530273,770000
1996-12-11,1.4387503862380981,1.8949999809265137,1.899999976158142,1.8700000047683716,1.875,762000
1996-12-12,1.433056116104126,1.8875000476837158,1.9149999618530273,1.8650000095367432,1.912500023841858,826000
1996-12-13,1.4235655069351196,1.875,1.8949999809265137,1.8624999523162842,1.8650000095367432,460000
1996-12-16,1.4482406377792358,1.9075000286102295,1.9199999570846558,1.877500057220459,1.912500023841858,1052000
1996-12-17,1.4748138189315796,1.9424999952316284,1.9500000476837158,1.8925000429153442,1.902500033378601,1272000
1996-12-18,1.4615272283554077,1.9249999523162842,1.975000023841858,1.9149999618530273,1.975000023841858,636000
1996-12-19,1.45203697681427,1.912500023841858,1.9474999904632568,1.899999976158142,1.9249999523162842,492000
1996-12-20,1.4748138189315796,1.9424999952316284,1.9474999904632568,1.902500033378601,1.902500033378601,488000
1996-12-23,1.488100528717041,1.9600000381469727,1.965000033378601,1.9249999523162842,1.9500000476837158,846000
1996-12-24,1.501387119293213,1.9774999618530273,1.997499942779541,1.9325000047683716,1.962499976158142,1192000
1996-12-25,1.501387119293213,1.9774999618530273,1.9774999618530273,1.9774999618530273,1.9774999618530273,0
1996-12-26,1.5545333623886108,2.047499895095825,2.0899999141693115,1.9874999523162842,2.0,1148000
1996-12-27,1.5545333623886108,2.047499895095825,2.047499895095825,2.047499895095825,2.047499895095825,0
1996-12-30,1.5545333623886108,2.047499895095825,2.047499895095825,2.047499895095825,2.047499895095825,0
1996-12-31,1.488100528717041,1.9600000381469727,2.0975000858306885,1.9500000476837158,2.049999952316284,1786000
1997-01-01,1.592495083808899,2.0975000858306885,2.0975000858306885,2.0250000953674316,2.069999933242798,1784000
1997-01-02,1.5659219026565552,2.0625,2.1475000381469727,2.052500009536743,2.125,1992000
1997-01-03,1.5754127502441406,2.075000047683716,2.0975000858306885,2.049999952316284,2.072499990463257,992000
1997-01-06,1.5773108005523682,2.077500104904175,2.137500047683716,2.069999933242798,2.0999999046325684,1224000
1997-01-07,1.5981895923614502,2.1050000190734863,2.117500066757202,2.0625,2.0625,1928000
1997-01-08,1.6437435150146484,2.1649999618530273,2.1875,2.125,2.125,1920000
1997-01-09,1.6551322937011719,2.180000066757202,2.197499990463257,2.1500000953674316,2.1500000953674316,1800000
1997-01-10,1.7709152698516846,2.3324999809265137,2.3324999809265137,2.2249999046325684,2.2249999046325684,2990000
1997-01-13,1.7519340515136719,2.307499885559082,2.427500009536743,2.2750000953674316,2.427500009536743,2980000
1997-01-14,1.748138189315796,2.302500009536743,2.3475000858306885,2.262500047683716,2.307499885559082,3316000
1997-01-15,1.8715139627456665,2.4649999141693115,2.4649999141693115,2.325000047683716,2.325000047683716,6652000
1997-01-16,1.7557309865951538,2.3125,2.637500047683716,2.2925000190734863,2.549999952316284,6890000
1997-01-17,1.7538328170776367,2.309999942779541,2.4124999046325684,2.1875,2.1875,4386000
1997-01-20,1.6855015754699707,2.2200000286102295,2.299999952316284,2.2074999809265137,2.2850000858306885,2304000
1997-01-21,1.6304575204849243,2.1475000381469727,2.2200000286102295,2.112499952316284,2.2200000286102295,4306000
1997-01-22,1.7253613471984863,2.2725000381469727,2.2850000858306885,2.174999952316284,2.25,2944000
1997-01-23,1.7253613471984863,2.2725000381469727,2.2725000381469727,2.2725000381469727,2.2725000381469727,0
1997-01-24,1.7253613471984863,2.2725000381469727,2.2799999713897705,2.247499942779541,2.2725000381469727,1830000
1997-01-27,1.7804064750671387,2.3450000286102295,2.3550000190734863,2.2750000953674316,2.2750000953674316,5444000
1997-01-28,1.8487370014190674,2.434999942779541,2.450000047683716,2.325000047683716,2.3450000286102295,5200000
1997-01-29,1.7861005067825317,2.3524999618530273,2.549999952316284,2.3350000381469727,2.549999952316284,5428000
1997-01-30,1.791794776916504,2.359999895095825,2.375,2.305000066757202,2.3524999618530273,2882000
1997-01-31,1.748138189315796,2.302500009536743,2.5,2.25,2.5,3560000
1997-02-03,1.6949917078018188,2.2325000762939453,2.262500047683716,2.2049999237060547,2.257499933242798,3658000
1997-02-04,1.731055498123169,2.2799999713897705,2.317500114440918,2.2149999141693115,2.2149999141693115,6714000
1997-02-05,1.7462406158447266,2.299999952316284,2.375,2.2950000762939453,2.369999885559082,2382000
1997-02-06,1.7538328170776367,2.309999942779541,2.319999933242798,2.2799999713897705,2.299999952316284,1178000
1997-02-07,1.7462406158447266,2.299999952316284,2.317500114440918,2.2899999618530273,2.2950000762939453,1298000
1997-02-10,1.7519340515136719,2.307499885559082,2.319999933242798,2.2874999046325684,2.2874999046325684,1378000
1997-02-11,1.7709152698516846,2.3324999809265137,2.362499952316284,2.299999952316284,2.299999952316284,2582000
1997-02-12,1.7955909967422485,2.365000009536743,2.372499942779541,2.325000047683716,2.3499999046325684,2436000
1997-02-13,1.7785080671310425,2.3424999713897705,2.367500066757202,2.3375000953674316,2.3499999046325684,1370000
1997-02-14,1.7804064750671387,2.3450000286102295,2.3575000762939453,2.3375000953674316,2.3499999046325684,1394000
1997-02-17,1.7898966073989868,2.3575000762939453,2.377500057220459,2.3399999141693115,2.375,1426000
1997-02-18,1.763323426246643,2.322499990463257,2.3575000762939453,2.3125,2.3450000286102295,2090000
1997-02-19,1.7823041677474976,2.3475000858306885,2.3499999046325684,2.325000047683716,2.3324999809265137,1378000
1997-02-20,1.748138189315796,2.302500009536743,2.3450000286102295,2.299999952316284,2.3450000286102295,1478000
1997-02-21,1.7329537868499756,2.2825000286102295,2.322499990463257,2.200000047683716,2.297499895095825,1638000
1997-02-24,1.6930938959121704,2.2300000190734863,2.2950000762939453,2.2074999809265137,2.257499933242798,1514000
1997-02-25,1.6892980337142944,2.2249999046325684,2.244999885559082,2.190000057220459,2.2049999237060547,1860000
1997-02-26,1.710176706314087,2.252500057220459,2.259999990463257,2.2074999809265137,2.2074999809265137,1160000
1997-02-27,1.7766098976135254,2.3399999141693115,2.3499999046325684,2.255000114440918,2.255000114440918,2102000
1997-02-28,1.839246392250061,2.422499895095825,2.4774999618530273,2.3499999046325684,2.450000047683716,3134000
1997-03-03,2.01387095451355,2.6524999141693115,2.7750000953674316,2.5924999713897705,2.612499952316284,11644000
1997-03-04,2.0157692432403564,2.6549999713897705,2.6875,2.5999999046325684,2.6549999713897705,6578000
1997-03-05,2.0878961086273193,2.75,2.8399999141693115,2.7249999046325684,2.75,11002000
1997-03-06,2.07271146774292,2.7300000190734863,2.744999885559082,2.6549999713897705,2.700000047683716,4938000
1997-03-07,2.07271146774292,2.7300000190734863,2.7300000190734863,2.7300000190734863,2.7300000190734863,0
1997-03-10,1.9607239961624146,2.5824999809265137,2.7125000953674316,2.557499885559082,2.680000066757202,9368000
1997-03-11,1.9227622747421265,2.5325000286102295,2.6500000953674316,2.505000114440918,2.575000047683716,6698000
1997-03-12,2.0024824142456055,2.637500047683716,2.6624999046325684,2.5899999141693115,2.6449999809265137,4236000
1997-03-13,1.9645206928253174,2.5875000953674316,2.6624999046325684,2.565000057220459,2.6449999809265137,1904000
1997-03-14,1.9607239961624146,2.5824999809265137,2.5999999046325684,2.5350000858306885,2.5625,2512000
1997-03-17,1.9531314373016357,2.572499990463257,2.5950000286102295,2.555000066757202,2.577500104904175,1992000
1997-03-18,1.9189658164978027,2.5274999141693115,2.577500104904175,2.507499933242798,2.575000047683716,3582000
1997-03-19,1.8829026222229004,2.4800000190734863,2.5824999809265137,2.4700000286102295,2.565000057220459,1838000
1997-03-20,1.8753104209899902,2.4700000286102295,2.497499942779541,2.4375,2.4549999237060547,1392000
1997-03-21,1.8715139627456665,2.4649999141693115,2.515000104904175,2.452500104904175,2.497499942779541,1264000
1997-03-24,1.8715139627456665,2.4649999141693115,2.4649999141693115,2.4649999141693115,2.4649999141693115,0
1997-03-25,1.8449411392211914,2.430000066757202,2.484999895095825,2.4124999046325684,2.4574999809265137,2260000
1997-03-26,1.8942911624908447,2.494999885559082,2.5,2.4375,2.4749999046325684,1454000
1997-03-27,1.8980878591537476,2.5,2.512500047683716,2.4600000381469727,2.494999885559082,1210000
1997-03-28,1.8980878591537476,2.5,2.5,2.5,2.5,0
1997-03-31,1.7158713340759277,2.259999990463257,2.362499952316284,2.25,2.325000047683716,2518000
1997-04-01,1.763323426246643,2.322499990463257,2.3350000381469727,2.174999952316284,2.25,2740000
1997-04-02,1.8582282066345215,2.447499990463257,2.4625000953674316,2.367500066757202,2.367500066757202,1798000
1997-04-03,1.9113738536834717,2.5174999237060547,2.5250000953674316,2.450000047683716,2.4549999237060547,2490000
1997-04-04,1.8980878591537476,2.5,2.512500047683716,2.4749999046325684,2.5,3442000
1997-04-07,1.9094759225845337,2.515000104904175,2.549999952316284,2.4800000190734863,2.487499952316284,3844000
1997-04-08,1.9094759225845337,2.515000104904175,2.515000104904175,2.515000104904175,2.515000104904175,0
1997-04-09,1.9816030263900757,2.609999895095825,2.625,2.555000066757202,2.575000047683716,2822000
1997-04-10,1.9227622747421265,2.5325000286102295,2.5824999809265137,2.492500066757202,2.575000047683716,2938000
1997-04-11,1.970215082168579,2.5950000286102295,2.612499952316284,2.4549999237060547,2.505000114440918,4956000
1997-04-14,1.970215082168579,2.5950000286102295,2.5950000286102295,2.5950000286102295,2.5950000286102295,0
1997-04-15,1.9683164358139038,2.5924999713897705,2.6075000762939453,2.549999952316284,2.5850000381469727,2970000
1997-04-16,1.9683164358139038,2.5924999713897705,2.5924999713897705,2.5924999713897705,2.5924999713897705,0
1997-04-17,2.082202672958374,2.742500066757202,2.7750000953674316,2.632499933242798,2.632499933242798,10544000
1997-04-18,2.082202672958374,2.742500066757202,2.742500066757202,2.742500066757202,2.742500066757202,0
1997-04-21,2.1790049076080322,2.869999885559082,2.9000000953674316,2.802500009536743,2.9000000953674316,7436000
1997-04-22,2.1941895484924316,2.890000104904175,2.924999952316284,2.8375000953674316,2.9049999713897705,6736000
1997-04-23,2.167616128921509,2.8550000190734863,2.9124999046325684,2.8499999046325684,2.9124999046325684,5042000
1997-04-24,2.1638197898864746,2.8499999046325684,2.922499895095825,2.8399999141693115,2.869999885559082,4480000
1997-04-25,2.1524312496185303,2.8350000381469727,2.8424999713897705,2.8125,2.8375000953674316,2314000
1997-04-28,2.165717840194702,2.8524999618530273,2.872499942779541,2.799999952316284,2.8350000381469727,4434000
1997-04-29,2.167616128921509,2.8550000190734863,2.862499952316284,2.8324999809265137,2.8375000953674316,4784000
1997-04-30,2.209373712539673,2.9100000858306885,3.012500047683716,2.877500057220459,3.002500057220459,8246000
1997-05-01,2.209373712539673,2.9100000858306885,2.9100000858306885,2.9100000858306885,2.9100000858306885,0
1997-05-02,2.2017815113067627,2.9000000953674316,2.9124999046325684,2.8499999046325684,2.9124999046325684,4726000
1997-05-05,2.199883222579956,2.8975000381469727,2.9024999141693115,2.865000009536743,2.875,3942000
1997-05-06,2.2017815113067627,2.9000000953674316,2.9149999618530273,2.875,2.887500047683716,5166000
1997-05-07,2.2017815113067627,2.9000000953674316,2.922499895095825,2.880000114440918,2.9000000953674316,1780000
1997-05-08,2.3555262088775635,3.1024999618530273,3.1024999618530273,2.9000000953674316,2.9024999141693115,18452000
1997-05-09,2.3631186485290527,3.112499952316284,3.2874999046325684,3.0625,3.197499990463257,21176000
1997-05-12,2.2454376220703125,2.9574999809265137,3.122499942779541,2.924999952316284,3.0999999046325684,10592000
1997-05-13,2.28529691696167,3.009999990463257,3.0450000762939453,2.934999942779541,2.950000047683716,8396000
1997-05-14,2.2928895950317383,3.0199999809265137,3.0950000286102295,2.875,3.075000047683716,6324000
1997-05-15,2.2777044773101807,3.0,3.0199999809265137,2.9600000381469727,3.012500047683716,3408000
1997-05-16,2.272010564804077,2.992500066757202,3.015000104904175,2.9674999713897705,2.9800000190734863,2392000
1997-05-19,2.254927635192871,2.9700000286102295,3.012500047683716,2.9625000953674316,3.0,1914000
1997-05-20,2.28529691696167,3.009999990463257,3.122499942779541,2.9124999046325684,2.9774999618530273,10912000
1997-05-21,2.239743232727051,2.950000047683716,3.0950000286102295,2.9375,3.0950000286102295,8426000
1997-05-22,2.1903927326202393,2.884999990463257,2.9600000381469727,2.875,2.9375,5038000
1997-05-23,2.1828010082244873,2.875,2.8975000381469727,2.8550000190734863,2.8975000381469727,3246000
1997-05-26,2.167616128921509,2.8550000190734863,2.8949999809265137,2.8499999046325684,2.8575000762939453,2324000
1997-05-27,2.0992839336395264,2.765000104904175,2.865000009536743,2.75,2.8450000286102295,4916000
1997-05-28,2.076507568359375,2.734999895095825,2.799999952316284,2.694999933242798,2.799999952316284,3464000
1997-05-29,2.122061252593994,2.7950000762939453,2.799999952316284,2.702500104904175,2.7174999713897705,4256000
1997-05-30,2.1486353874206543,2.8299999237060547,2.8475000858306885,2.7699999809265137,2.797499895095825,3074000
1997-06-02,2.251131296157837,2.9649999141693115,3.009999990463257,2.8499999046325684,2.8499999046325684,6544000
1997-06-03,2.3213610649108887,3.057499885559082,3.119999885559082,2.930000066757202,2.9649999141693115,9258000
1997-06-04,2.425755262374878,3.194999933242798,3.259999990463257,3.125,3.25,39888000
1997-06-05,2.404876947402954,3.1675000190734863,3.202500104904175,3.1575000286102295,3.200000047683716,10560000
1997-06-06,2.404876947402954,3.1675000190734863,3.180000066757202,3.134999990463257,3.1500000953674316,8902000
1997-06-09,2.422178030014038,3.1500000953674316,3.190000057220459,3.1424999237060547,3.190000057220459,5668000
1997-06-10,2.4394795894622803,3.172499895095825,3.180000066757202,3.1449999809265137,3.1575000286102295,4480000
1997-06-11,2.4548580646514893,3.192500114440918,3.2100000381469727,3.1649999618530273,3.174999952316284,9200000
1997-06-12,2.4663925170898438,3.2074999809265137,3.2149999141693115,3.182499885559082,3.192500114440918,8212000
1997-06-13,2.4933063983917236,3.242500066757202,3.2925000190734863,3.190000057220459,3.2149999141693115,24076000
1997-06-16,2.462547540664673,3.202500104904175,3.257499933242798,3.180000066757202,3.2249999046325684,6840000
1997-06-17,2.5067620277404785,3.259999990463257,3.2699999809265137,3.2049999237060547,3.2049999237060547,7940000
1997-06-18,2.4817707538604736,3.2274999618530273,3.2874999046325684,3.2100000381469727,3.2825000286102295,7774000
1997-06-19,2.4702370166778564,3.2125000953674316,3.2225000858306885,3.182499885559082,3.200000047683716,3726000
1997-06-20,2.4452462196350098,3.180000066757202,3.2200000286102295,3.174999952316284,3.2174999713897705,4102000
1997-06-23,2.4144883155822754,3.140000104904175,3.1875,3.130000114440918,3.182499885559082,5602000
1997-06-24,2.420255184173584,3.1475000381469727,3.1500000953674316,3.112499952316284,3.130000114440918,4094000
1997-06-25,2.37988543510437,3.0950000286102295,3.1500000953674316,3.0799999237060547,3.1500000953674316,6768000
1997-06-26,2.389497995376587,3.1075000762939453,3.119999885559082,3.0850000381469727,3.0950000286102295,3722000
1997-06-27,2.3760414123535156,3.0899999141693115,3.174999952316284,3.0850000381469727,3.174999952316284,4000000
1997-06-30,2.402954578399658,3.125,3.134999990463257,3.065000057220459,3.075000047683716,4448000
1997-07-01,2.472158908843994,3.2149999141693115,3.2249999046325684,3.112499952316284,3.1500000953674316,9870000
1997-07-02,2.5067620277404785,3.259999990463257,3.317500114440918,3.200000047683716,3.200000047683716,20660000
1997-07-03,2.468315362930298,3.2100000381469727,3.2750000953674316,3.177500009536743,3.25,6960000
1997-07-04,2.5048394203186035,3.257499933242798,3.2899999618530273,3.1875,3.237499952316284,10056000
1997-07-07,2.485616445541382,3.2325000762939453,3.3125,3.2125000953674316,3.262500047683716,12402000
1997-07-08,2.514451742172241,3.2699999809265137,3.2874999046325684,3.2249999046325684,3.25,18104000
1997-07-09,2.6913087368011475,3.5,3.5,3.2799999713897705,3.2874999046325684,11838000
1997-07-10,2.7643582820892334,3.5950000286102295,3.700000047683716,3.5625,3.674999952316284,16116000
1997-07-11,2.720144271850586,3.5374999046325684,3.617500066757202,3.4600000381469727,3.575000047683716,8314000
1997-07-14,2.649017095565796,3.444999933242798,3.5250000953674316,3.432499885559082,3.5250000953674316,7252000
1997-07-15,2.66247296333313,3.4625000953674316,3.484999895095825,3.424999952316284,3.4600000381469727,6400000
1997-07-16,2.702842950820923,3.515000104904175,3.5450000762939453,3.4774999618530273,3.5,4960000
1997-07-17,2.739368200302124,3.5625,3.575000047683716,3.512500047683716,3.5425000190734863,5268000
1997-07-18,2.739368200302124,3.5625,3.5625,3.5625,3.5625,0
1997-07-21,2.7047653198242188,3.5174999237060547,3.5350000858306885,3.4749999046325684,3.515000104904175,4028000
1997-07-22,2.8143398761749268,3.6600000858306885,3.700000047683716,3.512500047683716,3.5250000953674316,7384000
1997-07-23,2.868166446685791,3.7300000190734863,3.7950000762939453,3.674999952316284,3.75,7534000
1997-07-24,2.848942518234253,3.7049999237060547,3.742500066757202,3.684999942779541,3.7300000190734863,3822000
1997-07-25,2.845097541809082,3.700000047683716,3.7125000953674316,3.6500000953674316,3.700000047683716,3612000
1997-07-28,2.847020387649536,3.702500104904175,3.7149999141693115,3.6624999046325684,3.700000047683716,3144000
1997-07-29,2.81626296043396,3.6624999046325684,3.7125000953674316,3.615000009536743,3.674999952316284,3410000
1997-07-30,2.8374087810516357,3.690000057220459,3.7125000953674316,3.6649999618530273,3.692500114440918,6724000
1997-07-31,2.847020387649536,3.702500104904175,3.7149999141693115,3.690000057220459,3.700000047683716,2524000
1997-08-01,2.873934030532837,3.737499952316284,3.75,3.684999942779541,3.7074999809265137,4786000
1997-08-04,2.8854682445526123,3.752500057220459,3.7799999713897705,3.702500104904175,3.7074999809265137,4096000
1997-08-05,2.9258370399475098,3.805000066757202,3.8450000286102295,3.737499952316284,3.75,6770000
1997-08-06,2.943138837814331,3.827500104904175,3.875,3.7750000953674316,3.8375000953674316,1614000
1997-08-07,2.893157482147217,3.762500047683716,3.7950000762939453,3.7249999046325684,3.75,3834000
1997-08-08,2.868166446685791,3.7300000190734863,3.7674999237060547,3.700000047683716,3.744999885559082,5174000
1997-08-11,2.854710102081299,3.7125000953674316,3.7325000762939453,3.694999933242798,3.7300000190734863,4170000
1997-08-12,2.7682037353515625,3.5999999046325684,3.7225000858306885,3.5799999237060547,3.700000047683716,1772000
1997-08-13,2.741290330886841,3.565000057220459,3.690000057220459,3.549999952316284,3.6024999618530273,1626000
1997-08-14,2.7682037353515625,3.5999999046325684,3.6075000762939453,3.5399999618530273,3.5399999618530273,1966000
1997-08-15,2.7682037353515625,3.5999999046325684,3.5999999046325684,3.5999999046325684,3.5999999046325684,0
1997-08-18,2.739368200302124,3.5625,3.5875000953674316,3.549999952316284,3.565000057220459,1288000
1997-08-19,2.720144271850586,3.5374999046325684,3.572499990463257,3.512500047683716,3.559999942779541,2192000
1997-08-20,2.6740071773529053,3.4774999618530273,3.505000114440918,3.375,3.505000114440918,1220000
1997-08-21,2.6720848083496094,3.4749999046325684,3.492500066757202,3.4124999046325684,3.487499952316284,1118000
1997-08-22,2.5125293731689453,3.2674999237060547,3.492500066757202,3.25,3.4625000953674316,2002000
1997-08-25,2.502917528152466,3.255000114440918,3.384999990463257,3.132499933242798,3.384999990463257,1284000
1997-08-26,2.4779269695281982,3.2225000858306885,3.299999952316284,3.2125000953674316,3.2874999046325684,1586000
1997-08-27,2.527907371520996,3.2874999046325684,3.3375000953674316,3.244999885559082,3.25,1430000
1997-08-28,2.5625104904174805,3.3324999809265137,3.3499999046325684,3.25,3.252500057220459,1852000
1997-08-29,2.6374833583831787,3.430000066757202,3.5,3.237499952316284,3.237499952316284,6400000
1997-09-01,2.6163370609283447,3.4024999141693115,3.4700000286102295,3.305000066757202,3.450000047683716,4168000
1997-09-02,2.591346263885498,3.369999885559082,3.450000047683716,3.3499999046325684,3.424999952316284,1586000
1997-09-03,2.6567063331604004,3.4549999237060547,3.5225000381469727,3.424999952316284,3.434999942779541,1972000
1997-09-04,2.610569715499878,3.3949999809265137,3.549999952316284,3.377500057220459,3.5,942000
1997-09-05,2.697075605392456,3.507499933242798,3.5250000953674316,3.369999885559082,3.4649999141693115,2230000
1997-09-08,2.737445592880249,3.559999942779541,3.5999999046325684,3.4749999046325684,3.5374999046325684,2998000
1997-09-09,2.702842950820923,3.515000104904175,3.609999895095825,3.4749999046325684,3.5975000858306885,2034000
1997-09-10,2.675929307937622,3.4800000190734863,3.512500047683716,3.424999952316284,3.4749999046325684,1082000
1997-09-11,2.6797757148742676,3.484999895095825,3.507499933242798,3.4749999046325684,3.487499952316284,974000
1997-09-12,2.658628463745117,3.4574999809265137,3.5,3.4375,3.4375,1280000
1997-09-15,2.649017095565796,3.444999933242798,3.4800000190734863,3.4024999141693115,3.444999933242798,946000
1997-09-16,2.670163154602051,3.4725000858306885,3.497499942779541,3.424999952316284,3.424999952316284,2176000
1997-09-17,2.658628463745117,3.4574999809265137,3.4725000858306885,3.442500114440918,3.442500114440918,812000
1997-09-18,2.6221044063568115,3.4100000858306885,3.4649999141693115,3.325000047683716,3.325000047683716,4554000
1997-09-19,2.652862787246704,3.450000047683716,3.4574999809265137,3.4075000286102295,3.4124999046325684,1598000
1997-09-22,2.620181083679199,3.4075000286102295,3.444999933242798,3.380000114440918,3.4124999046325684,1870000
1997-09-23,2.608646869659424,3.3924999237060547,3.4124999046325684,3.375,3.4000000953674316,1502000
1997-09-24,2.608646869659424,3.3924999237060547,3.4649999141693115,3.387500047683716,3.424999952316284,580000
1997-09-25,2.5951907634735107,3.375,3.4000000953674316,3.369999885559082,3.375,350000
1997-09-26,2.6144142150878906,3.4000000953674316,3.4124999046325684,3.3524999618530273,3.375,720000
1997-09-29,2.791271686553955,3.630000114440918,3.6700000762939453,3.4000000953674316,3.4000000953674316,5004000
1997-09-30,2.795116424560547,3.634999990463257,3.744999885559082,3.4124999046325684,3.502500057220459,4870000
1997-10-01,2.697075605392456,3.507499933242798,3.5325000286102295,3.444999933242798,3.5,1680000
1997-10-02,2.697075605392456,3.507499933242798,3.507499933242798,3.507499933242798,3.507499933242798,0
1997-10-03,2.697075605392456,3.507499933242798,3.507499933242798,3.507499933242798,3.507499933242798,0
1997-10-06,2.697075605392456,3.507499933242798,3.507499933242798,3.507499933242798,3.507499933242798,0
1997-10-07,2.697075605392456,3.507499933242798,3.507499933242798,3.507499933242798,3.507499933242798,0
1997-10-08,2.697075605392456,3.507499933242798,3.507499933242798,3.507499933242798,3.507499933242798,0
1997-10-09,2.77397084236145,3.6075000762939453,3.6500000953674316,3.4800000190734863,3.509999990463257,2590000
1997-10-10,2.772047996520996,3.6050000190734863,3.700000047683716,3.575000047683716,3.6075000762939453,2572000
1997-10-13,2.741290330886841,3.565000057220459,3.6500000953674316,3.5325000286102295,3.625,1696000
1997-10-14,2.71822190284729,3.5350000858306885,3.5999999046325684,3.5199999809265137,3.5250000953674316,2242000
1997-10-15,2.7643582820892334,3.5950000286102295,3.617500066757202,3.555000066757202,3.559999942779541,1676000
1997-10-16,2.9719738960266113,3.865000009536743,3.8975000381469727,3.6075000762939453,3.6500000953674316,11826000
1997-10-17,2.962362289428711,3.8524999618530273,3.940000057220459,3.762500047683716,3.9000000953674316,13902000
1997-10-20,3.260328531265259,4.239999771118164,4.239999771118164,3.815000057220459,3.8924999237060547,19184000
1997-10-21,3.2910869121551514,4.28000020980835,4.412499904632568,4.137499809265137,4.255000114440918,14974000
1997-10-22,3.219959020614624,4.1875,4.369999885559082,4.15500020980835,4.349999904632568,8450000
1997-10-23,3.1392195224761963,4.082499980926514,4.224999904632568,3.9649999141693115,4.222499847412109,10186000
1997-10-24,3.152677059173584,4.099999904632568,4.1875,3.9574999809265137,4.012499809265137,6258000
1997-10-27,3.1142289638519287,4.050000190734863,4.099999904632568,4.03000020980835,4.050000190734863,2568000
1997-10-28,3.0065762996673584,3.9100000858306885,4.03000020980835,3.802500009536743,4.03000020980835,7664000
1997-10-29,3.1872787475585938,4.144999980926514,4.25,3.8949999809265137,3.8949999809265137,4644000
1997-10-30,3.1180732250213623,4.054999828338623,4.144999980926514,4.039999961853027,4.144999980926514,2482000
1997-10-31,3.1180732250213623,4.054999828338623,4.054999828338623,4.054999828338623,4.054999828338623,0
1997-11-03,3.0853934288024902,4.012499809265137,4.085000038146973,3.9749999046325684,4.085000038146973,1568000
1997-11-04,3.0661699771881104,3.987499952316284,4.050000190734863,3.9200000762939453,4.014999866485596,2128000
1997-11-05,2.9911978244781494,3.890000104904175,3.9749999046325684,3.875,3.9749999046325684,2000000
1997-11-06,2.9892754554748535,3.887500047683716,3.8975000381469727,3.825000047683716,3.8499999046325684,1412000
1997-11-07,2.9719738960266113,3.865000009536743,3.9749999046325684,3.8375000953674316,3.9749999046325684,964000
1997-11-10,2.8989243507385254,3.7699999809265137,3.8575000762939453,3.762500047683716,3.8499999046325684,1654000
1997-11-11,2.8970015048980713,3.7674999237060547,3.799999952316284,3.7325000762939453,3.762500047683716,1762000
1997-11-12,2.877777576446533,3.742500066757202,3.7799999713897705,3.737499952316284,3.757499933242798,1412000
1997-11-13,2.818185329437256,3.6649999618530273,3.7074999809265137,3.625,3.6875,3722000
1997-11-14,2.818185329437256,3.6649999618530273,3.6649999618530273,3.6649999618530273,3.6649999618530273,0
1997-11-17,2.7682037353515625,3.5999999046325684,3.674999952316284,3.559999942779541,3.627500057220459,2482000
1997-11-18,2.7643582820892334,3.5950000286102295,3.612499952316284,3.5625,3.6050000190734863,2002000
1997-11-19,2.687464475631714,3.494999885559082,3.5225000381469727,3.4075000286102295,3.4124999046325684,2162000
1997-11-20,2.700920581817627,3.512500047683716,3.5250000953674316,3.3550000190734863,3.3550000190734863,1132000
1997-11-21,2.7297561168670654,3.549999952316284,3.575000047683716,3.4749999046325684,3.505000114440918,1146000
1997-11-24,2.6855413913726807,3.492500066757202,3.5374999046325684,3.4800000190734863,3.5374999046325684,1428000
1997-11-25,2.81241774559021,3.6575000286102295,3.697499990463257,3.4749999046325684,3.5,1634000
1997-11-26,2.7605140209198,3.5899999141693115,3.625,3.557499885559082,3.625,1326000
1997-11-27,2.7835824489593506,3.619999885559082,3.6449999809265137,3.5,3.569999933242798,2022000
1997-11-28,2.7278339862823486,3.547499895095825,3.5850000381469727,3.505000114440918,3.5799999237060547,1084000
1997-12-01,2.716299533843994,3.5325000286102295,3.6075000762939453,3.4625000953674316,3.505000114440918,2060000
1997-12-02,2.687464475631714,3.494999885559082,3.5374999046325684,3.4749999046325684,3.515000104904175,1396000
1997-12-03,2.6951537132263184,3.505000114440918,3.5899999141693115,3.5,3.5250000953674316,688000
1997-12-04,2.687464475631714,3.494999885559082,3.5,3.424999952316284,3.4549999237060547,1412000
1997-12-05,2.7124547958374023,3.5274999141693115,3.575000047683716,3.450000047683716,3.450000047683716,5136000
1997-12-08,2.7989609241485596,3.640000104904175,3.7249999046325684,3.5250000953674316,3.5250000953674316,1580000
1997-12-09,2.7316787242889404,3.552500009536743,3.6500000953674316,3.5174999237060547,3.6500000953674316,5564000
1997-12-10,2.7297561168670654,3.549999952316284,3.569999933242798,3.509999990463257,3.569999933242798,852000
1997-12-11,2.716299533843994,3.5325000286102295,3.555000066757202,3.4774999618530273,3.5225000381469727,826000
1997-12-12,2.698998212814331,3.509999990463257,3.640000104904175,3.4800000190734863,3.640000104904175,634000
1997-12-15,2.71822190284729,3.5350000858306885,3.5399999618530273,3.5,3.5250000953674316,382000
1997-12-16,2.7239890098571777,3.5425000190734863,3.5924999713897705,3.505000114440918,3.507499933242798,1098000
1997-12-17,2.7797374725341797,3.615000009536743,3.625,3.569999933242798,3.569999933242798,854000
1997-12-18,2.9143035411834717,3.7899999618530273,3.8499999046325684,3.5999999046325684,3.5999999046325684,4906000
1997-12-19,2.9123806953430176,3.7874999046325684,3.8499999046325684,3.700000047683716,3.762500047683716,1274000
1997-12-22,2.9911978244781494,3.890000104904175,3.924999952316284,3.799999952316284,3.799999952316284,2168000
1997-12-23,3.0565576553344727,3.9749999046325684,4.0,3.8975000381469727,3.9000000953674316,1626000
1997-12-24,3.0046536922454834,3.9075000286102295,3.950000047683716,3.8375000953674316,3.9000000953674316,1446000
1997-12-25,3.0046536922454834,3.9075000286102295,3.9075000286102295,3.9075000286102295,3.9075000286102295,0
1997-12-26,3.0411789417266846,3.9549999237060547,4.050000190734863,3.9100000858306885,3.9124999046325684,972000
1997-12-29,3.0777032375335693,4.002500057220459,4.050000190734863,3.924999952316284,3.9700000286102295,1114000
1997-12-30,3.0123443603515625,3.9175000190734863,4.244999885559082,3.9000000953674316,4.097499847412109,1138000
1997-12-31,3.095005512237549,4.025000095367432,4.09499979019165,3.9124999046325684,3.924999952316284,1408000
1998-01-01,3.10461688041687,4.037499904632568,4.070000171661377,3.9749999046325684,3.9749999046325684,806000
1998-01-02,3.108461618423462,4.042500019073486,4.125,4.012499809265137,4.074999809265137,1086000
1998-01-05,3.071936845779419,3.994999885559082,4.074999809265137,3.9825000762939453,4.074999809265137,1024000
1998-01-06,3.008498191833496,3.9124999046325684,3.997499942779541,3.882499933242798,3.950000047683716,1680000
1998-01-07,3.002732276916504,3.9049999713897705,4.0,3.875,3.950000047683716,1102000
1998-01-08,2.964284658432007,3.8550000190734863,3.924999952316284,3.799999952316284,3.9000000953674316,2038000
1998-01-09,2.902769088745117,3.7750000953674316,3.825000047683716,3.7125000953674316,3.805000066757202,1536000
1998-01-12,2.71822190284729,3.5350000858306885,3.744999885559082,3.5,3.700000047683716,1774000
1998-01-13,2.7682037353515625,3.5999999046325684,3.625,3.549999952316284,3.5924999713897705,1744000
1998-01-14,2.81241774559021,3.6575000286102295,3.825000047683716,3.5824999809265137,3.825000047683716,1350000
1998-01-15,2.795116424560547,3.634999990463257,3.674999952316284,3.5824999809265137,3.672499895095825,682000
1998-01-16,3.0565576553344727,3.9749999046325684,4.0,3.617500066757202,3.6424999237060547,7864000
1998-01-19,3.031567335128784,3.942500114440918,4.0,3.8499999046325684,3.9024999141693115,3306000
1998-01-20,3.0200328826904297,3.927500009536743,3.9649999141693115,3.762500047683716,3.762500047683716,3494000
1998-01-21,3.110384464263916,4.045000076293945,4.197500228881836,3.8499999046325684,3.9000000953674316,6760000
1998-01-22,3.0277225971221924,3.9375,4.025000095367432,3.922499895095825,4.0,2758000
1998-01-23,3.0008089542388916,3.9024999141693115,3.950000047683716,3.8524999618530273,3.930000066757202,1296000
1998-01-26,3.0008089542388916,3.9024999141693115,3.9024999141693115,3.9024999141693115,3.9024999141693115,0
1998-01-27,2.889312505722046,3.757499933242798,3.9000000953674316,3.75,3.887500047683716,2648000
1998-01-28,2.827796697616577,3.677500009536743,3.825000047683716,3.630000114440918,3.75,1702000
1998-01-29,2.752824306488037,3.5799999237060547,3.6624999046325684,3.575000047683716,3.625,3778000
1998-01-30,2.7835824489593506,3.619999885559082,3.684999942779541,3.5999999046325684,3.627500057220459,3282000
1998-02-02,2.7662816047668457,3.5975000858306885,3.6675000190734863,3.5250000953674316,3.6624999046325684,1700000
1998-02-03,2.66247296333313,3.4625000953674316,3.627500057220459,3.4124999046325684,3.625,3676000
1998-02-04,2.670163154602051,3.4725000858306885,3.5625,3.4124999046325684,3.5625,6146000
1998-02-05,2.593268394470215,3.372499942779541,3.484999895095825,3.3524999618530273,3.450000047683716,2378000
1998-02-06,2.5951907634735107,3.375,3.4749999046325684,3.3125,3.3499999046325684,7018000
1998-02-09,2.5971131324768066,3.377500057220459,3.4100000858306885,3.3499999046325684,3.4000000953674316,1052000
1998-02-10,2.391420364379883,3.109999895095825,3.4800000190734863,3.0950000286102295,3.3524999618530273,7470000
1998-02-11,2.410644054412842,3.134999990463257,3.3399999141693115,3.075000047683716,3.297499895095825,6496000
1998-02-12,2.420255184173584,3.1475000381469727,3.174999952316284,3.075000047683716,3.112499952316284,2208000
1998-02-13,2.4164109230041504,3.1424999237060547,3.1875,3.130000114440918,3.1624999046325684,5238000
1998-02-16,2.4164109230041504,3.1424999237060547,3.1424999237060547,3.1424999237060547,3.1424999237060547,0
1998-02-17,2.429867744445801,3.1600000858306885,3.2699999809265137,3.1500000953674316,3.197499990463257,5258000
1998-02-18,2.4875383377075195,3.234999895095825,3.2699999809265137,3.1050000190734863,3.180000066757202,6726000
1998-02-19,2.5086846351623535,3.262500047683716,3.3375000953674316,3.234999895095825,3.25,4926000
1998-02-20,2.4875383377075195,3.234999895095825,3.2925000190734863,3.2225000858306885,3.265000104904175,3048000
1998-02-23,2.6067252159118652,3.390000104904175,3.4124999046325684,3.2300000190734863,3.2325000762939453,5390000
1998-02-24,2.6317155361175537,3.422499895095825,3.4625000953674316,3.3575000762939453,3.424999952316284,6232000
1998-02-25,2.7624363899230957,3.5924999713897705,3.5999999046325684,3.424999952316284,3.424999952316284,3036000
1998-02-26,2.720144271850586,3.5374999046325684,3.6500000953674316,3.512500047683716,3.5999999046325684,3086000
1998-02-27,2.7278339862823486,3.547499895095825,3.5950000286102295,3.5250000953674316,3.559999942779541,2694000
1998-03-02,2.7989609241485596,3.640000104904175,3.6500000953674316,3.555000066757202,3.5875000953674316,4540000
1998-03-03,2.650939464569092,3.447499990463257,3.672499895095825,3.4000000953674316,3.672499895095825,4936000
1998-03-04,2.8028061389923096,3.6449999809265137,3.672499895095825,3.484999895095825,3.5250000953674316,4216000
1998-03-05,2.7797374725341797,3.615000009536743,3.6424999237060547,3.5999999046325684,3.5999999046325684,3106000
1998-03-06,2.7662816047668457,3.5975000858306885,3.6475000381469727,3.557499885559082,3.6449999809265137,2522000
1998-03-09,2.775892734527588,3.609999895095825,3.6449999809265137,3.5899999141693115,3.617500066757202,1632000
1998-03-10,2.7355239391326904,3.557499885559082,3.627500057220459,3.5450000762939453,3.6050000190734863,2484000
1998-03-11,2.752824306488037,3.5799999237060547,3.622499942779541,3.5374999046325684,3.619999885559082,1294000
1998-03-12,2.71822190284729,3.5350000858306885,3.5950000286102295,3.5199999809265137,3.5950000286102295,738000
1998-03-13,2.71822190284729,3.5350000858306885,3.5350000858306885,3.5350000858306885,3.5350000858306885,0
1998-03-16,2.7470576763153076,3.572499990463257,3.625,3.5250000953674316,3.6050000190734863,990000
1998-03-17,2.6778526306152344,3.4825000762939453,3.569999933242798,3.4625000953674316,3.549999952316284,1528000
1998-03-18,2.697075605392456,3.507499933242798,3.6024999618530273,3.5,3.6024999618530273,2492000
1998-03-19,2.7047653198242188,3.5174999237060547,3.5875000953674316,3.509999990463257,3.575000047683716,1284000
1998-03-20,2.827796697616577,3.677500009536743,3.7699999809265137,3.5,3.5,8238000
1998-03-23,2.8085732460021973,3.6524999141693115,3.747499942779541,3.625,3.747499942779541,534000
1998-03-24,2.81626296043396,3.6624999046325684,3.799999952316284,3.637500047683716,3.797499895095825,7484000
1998-03-25,2.941216468811035,3.825000047683716,3.8450000286102295,3.7200000286102295,3.762500047683716,4456000
1998-03-26,2.8335633277893066,3.684999942779541,3.8399999141693115,3.6500000953674316,3.825000047683716,4308000
1998-03-27,2.8374087810516357,3.690000057220459,3.7100000381469727,3.6050000190734863,3.672499895095825,1816000
1998-03-30,2.7797374725341797,3.615000009536743,3.740000009536743,3.5999999046325684,3.740000009536743,1532000
1998-03-31,2.702842950820923,3.515000104904175,3.632499933242798,3.505000114440918,3.572499990463257,3576000
1998-04-01,2.7989609241485596,3.640000104904175,3.680000066757202,3.487499952316284,3.487499952316284,1208000
1998-04-02,2.8258743286132812,3.674999952316284,3.7750000953674316,3.615000009536743,3.6500000953674316,3830000
1998-04-03,2.854710102081299,3.7125000953674316,3.734999895095825,3.6500000953674316,3.6524999141693115,1762000
1998-04-06,3.0623250007629395,3.9825000762939453,4.067500114440918,3.7249999046325684,3.75,9938000
1998-04-07,3.0354115962982178,3.947499990463257,4.047500133514404,3.875,3.994999885559082,5622000
1998-04-08,3.0354115962982178,3.947499990463257,3.947499990463257,3.947499990463257,3.947499990463257,0
1998-04-09,3.018110513687134,3.924999952316284,4.025000095367432,3.875,4.0,5324000
1998-04-10,2.995042562484741,3.8949999809265137,3.9800000190734863,3.875,3.924999952316284,2910000
1998-04-13,2.900846481323242,3.7725000381469727,3.9600000381469727,3.75,3.865000009536743,4704000
1998-04-14,2.900846481323242,3.7725000381469727,3.7725000381469727,3.7725000381469727,3.7725000381469727,0
1998-04-15,3.0661699771881104,3.987499952316284,4.042500019073486,3.8924999237060547,3.9000000953674316,6294000
1998-04-16,2.995042562484741,3.8949999809265137,4.050000190734863,3.880000114440918,4.019999980926514,2932000
1998-04-17,2.973895788192749,3.867500066757202,3.924999952316284,3.7925000190734863,3.9049999713897705,2146000
1998-04-20,2.9296817779541016,3.809999942779541,3.9124999046325684,3.799999952316284,3.9000000953674316,2630000
1998-04-21,3.008498191833496,3.9124999046325684,3.9600000381469727,3.7799999713897705,3.7799999713897705,5298000
1998-04-22,3.1411421298980713,4.085000038146973,4.304999828338623,4.054999828338623,4.087500095367432,13294000
1998-04-23,3.0469465255737305,3.9625000953674316,4.150000095367432,3.924999952316284,4.074999809265137,6142000
1998-04-24,3.031567335128784,3.942500114440918,4.0,3.755000114440918,3.9549999237060547,4790000
1998-04-27,2.983508586883545,3.880000114440918,4.0,3.8524999618530273,3.8949999809265137,5100000
1998-04-28,3.002732276916504,3.9049999713897705,3.944999933242798,3.7799999713897705,3.805000066757202,7610000
1998-04-29,2.9316046237945557,3.8125,4.070000171661377,3.7674999237060547,3.944999933242798,7194000
1998-04-30,2.9527504444122314,3.8399999141693115,3.8499999046325684,3.75,3.8125,3786000
1998-05-01,2.9527504444122314,3.8399999141693115,3.8399999141693115,3.8399999141693115,3.8399999141693115,0
1998-05-04,2.958517074584961,3.8475000858306885,3.950000047683716,3.799999952316284,3.922499895095825,3014000
1998-05-05,2.960439682006836,3.8499999046325684,3.875,3.799999952316284,3.869999885559082,2660000
1998-05-06,2.9258370399475098,3.805000066757202,3.922499895095825,3.799999952316284,3.9000000953674316,1936000
1998-05-07,2.9258370399475098,3.805000066757202,3.805000066757202,3.805000066757202,3.805000066757202,0
1998-05-08,2.845097541809082,3.700000047683716,3.8450000286102295,3.609999895095825,3.8450000286102295,6122000
1998-05-11,2.9354493618011475,3.817500114440918,3.8499999046325684,3.625,3.674999952316284,6486000
1998-05-12,2.81241774559021,3.6575000286102295,3.759999990463257,3.4375,3.75,7374000
1998-05-13,2.720144271850586,3.5374999046325684,3.7249999046325684,3.502500057220459,3.6500000953674316,2958000
1998-05-14,2.8374087810516357,3.690000057220459,3.75,3.4075000286102295,3.4549999237060547,7010000
1998-05-15,2.810495138168335,3.6549999713897705,3.75,3.552500009536743,3.744999885559082,3646000
1998-05-18,2.791271686553955,3.630000114440918,3.674999952316284,3.6075000762939453,3.6424999237060547,1680000
1998-05-19,2.79703950881958,3.637500047683716,3.6624999046325684,3.5875000953674316,3.625,6222000
1998-05-20,2.862399101257324,3.7225000858306885,3.7300000190734863,3.637500047683716,3.674999952316284,2300000
1998-05-21,2.7835824489593506,3.619999885559082,3.747499942779541,3.5875000953674316,3.737499952316284,2004000
1998-05-22,2.7855048179626465,3.622499942779541,3.6475000381469727,3.555000066757202,3.625,1336000
1998-05-25,2.7432126998901367,3.567500114440918,3.615000009536743,3.555000066757202,3.569999933242798,734000
1998-05-26,2.7682037353515625,3.5999999046325684,3.625,3.4649999141693115,3.5299999713897705,5112000
1998-05-27,2.7355239391326904,3.557499885559082,3.694999933242798,3.512500047683716,3.6500000953674316,2258000
1998-05-28,2.6951537132263184,3.505000114440918,3.5899999141693115,3.5,3.5625,1304000
1998-05-29,2.670163154602051,3.4725000858306885,3.505000114440918,3.325000047683716,3.3550000190734863,2030000
1998-06-01,2.6144142150878906,3.4000000953674316,3.555000066757202,3.362499952316284,3.490000009536743,2372000
1998-06-02,2.500994920730591,3.252500057220459,3.3949999809265137,3.2125000953674316,3.325000047683716,2968000
1998-06-03,2.591346263885498,3.369999885559082,3.559999942779541,3.305000066757202,3.424999952316284,4758000
1998-06-04,2.593268394470215,3.372499942779541,3.424999952316284,3.3324999809265137,3.424999952316284,1158000
1998-06-05,2.5625104904174805,3.3324999809265137,3.4000000953674316,3.305000066757202,3.3499999046325684,2468000
1998-06-08,2.4452462196350098,3.180000066757202,3.3499999046325684,3.1050000190734863,3.2850000858306885,3800000
1998-06-09,2.539442539215088,3.302500009536743,3.3424999713897705,3.1549999713897705,3.25,2188000
1998-06-10,2.4510138034820557,3.1875,3.2899999618530273,3.1649999618530273,3.2750000953674316,2690000
1998-06-11,2.4607784748077393,3.1500000953674316,3.1700000762939453,3.059999942779541,3.125,3614000
1998-06-12,2.4529662132263184,3.140000104904175,3.2174999713897705,3.1050000190734863,3.180000066757202,3314000
1998-06-15,2.3162567615509033,2.9649999141693115,3.137500047683716,2.930000066757202,3.1050000190734863,2332000
1998-06-16,2.3201630115509033,2.9700000286102295,2.990000009536743,2.762500047683716,2.9149999618530273,2978000
1998-06-17,2.50179123878479,3.202500104904175,3.2249999046325684,3.069999933242798,3.069999933242798,12368000
1998-06-18,2.431483030319214,3.112499952316284,3.2249999046325684,3.0950000286102295,3.125,2874000
1998-06-19,2.425623893737793,3.1050000190734863,3.134999990463257,2.9625000953674316,3.052500009536743,1764000
1998-06-22,2.2732911109924316,2.9100000858306885,3.0250000953674316,2.7950000762939453,2.950000047683716,3538000
1998-06-23,2.3064918518066406,2.952500104904175,3.0,2.799999952316284,2.9024999141693115,1540000
1998-06-24,2.3787519931793213,3.0450000762939453,3.069999933242798,2.950000047683716,3.0,1134000
1998-06-25,2.396329641342163,3.067500114440918,3.125,3.0450000762939453,3.0625,1104000
1998-06-26,2.372894287109375,3.0374999046325684,3.075000047683716,2.9800000190734863,3.049999952316284,1464000
1998-06-29,2.3709404468536377,3.0350000858306885,3.069999933242798,2.992500066757202,3.0250000953674316,2062000
1998-06-30,2.54866361618042,3.262500047683716,3.3350000381469727,3.007499933242798,3.069999933242798,4868000
1998-07-01,2.404141426086426,3.077500104904175,3.1624999046325684,3.049999952316284,3.137500047683716,934000
1998-07-02,2.3143036365509033,2.9625000953674316,3.072499990463257,2.9375,3.0299999713897705,876000
1998-07-03,2.230325222015381,2.8550000190734863,2.950000047683716,2.8450000286102295,2.9375,1428000
1998-07-06,2.2322773933410645,2.8575000762939453,2.940000057220459,2.8399999141693115,2.8499999046325684,1142000
1998-07-07,2.218606948852539,2.8399999141693115,2.9149999618530273,2.8125,2.862499952316284,1612000
1998-07-08,2.3357861042022705,2.990000009536743,3.0250000953674316,2.9100000858306885,2.950000047683716,1134000
1998-07-09,2.349457263946533,3.007499933242798,3.075000047683716,2.952500104904175,3.0325000286102295,1130000
1998-07-10,2.4666378498077393,3.1575000286102295,3.247499942779541,3.0274999141693115,3.0875000953674316,4362000
1998-07-13,2.6189708709716797,3.3524999618530273,3.4100000858306885,3.2149999141693115,3.2750000953674316,5082000
1998-07-14,2.7029500007629395,3.4600000381469727,3.5350000858306885,3.2300000190734863,3.325000047683716,4762000
1998-07-15,2.58577036857605,3.309999942779541,3.6024999618530273,3.2750000953674316,3.5999999046325684,2652000
1998-07-16,2.6404547691345215,3.380000114440918,3.4149999618530273,3.2750000953674316,3.2950000762939453,3212000
1998-07-17,2.609206199645996,3.3399999141693115,3.4124999046325684,3.3299999237060547,3.4124999046325684,1676000
1998-07-20,2.6189708709716797,3.3524999618530273,3.362499952316284,3.255000114440918,3.2750000953674316,1612000
1998-07-21,2.579911708831787,3.302500009536743,3.3499999046325684,3.265000104904175,3.305000066757202,1706000
1998-07-22,2.538897752761841,3.25,3.369999885559082,3.240000009536743,3.325000047683716,1162000
1998-07-23,2.47445011138916,3.1675000190734863,3.247499942779541,3.1500000953674316,3.2125000953674316,800000
1998-07-24,2.4080474376678467,3.0824999809265137,3.1524999141693115,3.065000057220459,3.1524999141693115,926000
1998-07-27,2.359222888946533,3.0199999809265137,3.137500047683716,3.0,3.049999952316284,682000
1998-07-28,2.435389757156372,3.117500066757202,3.237499952316284,2.9800000190734863,3.0,2222000
1998-07-29,2.46468448638916,3.1549999713897705,3.190000057220459,3.0999999046325684,3.184999942779541,1694000
1998-07-30,2.462730884552002,3.1524999141693115,3.3399999141693115,3.0999999046325684,3.1500000953674316,3316000
1998-07-31,2.4920270442962646,3.190000057220459,3.2274999618530273,3.130000114440918,3.130000114440918,968000
1998-08-03,2.3846116065979004,3.052500009536743,3.1500000953674316,3.049999952316284,3.1500000953674316,1420000
1998-08-04,2.329927921295166,2.9825000762939453,3.0999999046325684,2.9749999046325684,3.0999999046325684,1490000
1998-08-05,2.46859073638916,3.1600000858306885,3.2200000286102295,2.9149999618530273,2.984999895095825,5342000
1998-08-06,2.3865644931793213,3.055000066757202,3.200000047683716,3.0250000953674316,3.200000047683716,1042000
1998-08-07,2.361175775527954,3.0225000381469727,3.075000047683716,3.005000114440918,3.0250000953674316,1248000
1998-08-10,2.3455512523651123,3.002500057220459,3.049999952316284,2.987499952316284,3.049999952316284,1536000
1998-08-11,2.47249698638916,3.1649999618530273,3.200000047683716,2.9574999809265137,3.0,7270000
1998-08-12,2.46468448638916,3.1549999713897705,3.174999952316284,2.997499942779541,3.1050000190734863,5728000
1998-08-13,2.4119536876678467,3.0875000953674316,3.1424999237060547,3.059999942779541,3.117500066757202,2502000
1998-08-14,2.3767998218536377,3.0425000190734863,3.112499952316284,3.0250000953674316,3.0999999046325684,1386000
1998-08-17,2.3787519931793213,3.0450000762939453,3.075000047683716,3.0299999713897705,3.067500114440918,746000
1998-08-18,2.4217188358306885,3.0999999046325684,3.125,2.950000047683716,3.047499895095825,5204000
1998-08-19,2.4568722248077393,3.1449999809265137,3.174999952316284,3.0274999141693115,3.075000047683716,5718000
1998-08-20,2.423671245574951,3.1024999618530273,3.172499895095825,3.075000047683716,3.172499895095825,1906000
1998-08-21,2.3826582431793213,3.049999952316284,3.125,3.0250000953674316,3.055000066757202,2404000
1998-08-24,2.3416452407836914,2.997499942779541,3.0425000190734863,2.984999895095825,3.005000114440918,3668000
1998-08-25,2.3377397060394287,2.992500066757202,3.012500047683716,2.9774999618530273,3.0,4500000
1998-08-26,2.3377397060394287,2.992500066757202,2.992500066757202,2.992500066757202,2.992500066757202,0
1998-08-27,2.363128423690796,3.0250000953674316,3.1875,3.0,3.0374999046325684,9812000
1998-08-28,2.1990768909454346,2.815000057220459,3.012500047683716,2.7850000858306885,3.012500047683716,4936000
1998-08-31,2.257667064666748,2.890000104904175,2.9124999046325684,2.7950000762939453,2.827500104904175,2190000
1998-09-01,2.222512722015381,2.8450000286102295,2.872499942779541,2.807499885559082,2.827500104904175,2436000
1998-09-02,2.2459492683410645,2.875,2.9375,2.8475000858306885,2.924999952316284,1474000
1998-09-03,2.2811028957366943,2.9200000762939453,2.9375,2.867500066757202,2.9124999046325684,1722000
1998-09-04,2.2732911109924316,2.9100000858306885,2.944999933242798,2.869999885559082,2.944999933242798,950000
1998-09-07,2.4568722248077393,3.1449999809265137,3.1449999809265137,2.924999952316284,2.924999952316284,5540000
1998-09-08,2.509603261947632,3.2125000953674316,3.2750000953674316,3.127500057220459,3.200000047683716,6276000
1998-09-09,2.513509750366211,3.2174999713897705,3.3475000858306885,3.200000047683716,3.299999952316284,3742000
1998-09-10,2.5330402851104736,3.242500066757202,3.2725000381469727,3.174999952316284,3.177500009536743,2500000
1998-09-11,2.4920270442962646,3.190000057220459,3.2249999046325684,3.1624999046325684,3.2074999809265137,1250000
1998-09-14,2.6560781002044678,3.4000000953674316,3.4124999046325684,3.2249999046325684,3.2750000953674316,6090000
1998-09-15,2.624830484390259,3.359999895095825,3.4000000953674316,3.3324999809265137,3.390000104904175,2716000
1998-09-16,2.5955352783203125,3.322499990463257,3.4000000953674316,3.305000066757202,3.3975000381469727,1330000
1998-09-17,2.591629981994629,3.317500114440918,3.3350000381469727,3.2799999713897705,3.3125,1090000
1998-09-18,2.6326425075531006,3.369999885559082,3.387500047683716,3.2774999141693115,3.305000066757202,2122000
1998-09-21,2.792788028717041,3.575000047683716,3.640000104904175,3.3949999809265137,3.3949999809265137,5342000
1998-09-22,2.6795148849487305,3.430000066757202,3.5975000858306885,3.4075000286102295,3.5975000858306885,2764000
1998-09-23,2.7283389568328857,3.492500066757202,3.5250000953674316,3.452500104904175,3.497499942779541,1784000
1998-09-24,2.6990442276000977,3.4549999237060547,3.5299999713897705,3.432499885559082,3.5299999713897705,982000
1998-09-25,2.6736552715301514,3.422499895095825,3.4749999046325684,3.4000000953674316,3.4725000858306885,744000
1998-09-28,2.5623345375061035,3.2799999713897705,3.424999952316284,3.247499942779541,3.3924999237060547,1122000
1998-09-29,2.47249698638916,3.1649999618530273,3.305000066757202,3.130000114440918,3.305000066757202,2330000
1998-09-30,2.5330402851104736,3.242500066757202,3.25,3.1524999141693115,3.2249999046325684,698000
1998-10-01,2.5330402851104736,3.242500066757202,3.242500066757202,3.242500066757202,3.242500066757202,0
1998-10-02,2.5330402851104736,3.242500066757202,3.242500066757202,3.242500066757202,3.242500066757202,0
1998-10-05,2.388517379760742,3.057499885559082,3.122499942779541,3.0299999713897705,3.072499990463257,1294000
1998-10-06,2.4080474376678467,3.0824999809265137,3.0999999046325684,3.002500057220459,3.0250000953674316,1166000
1998-10-07,2.470543384552002,3.1624999046325684,3.194999933242798,3.1500000953674316,3.1500000953674316,1160000
1998-10-08,2.419764995574951,3.0975000858306885,3.190000057220459,3.0850000381469727,3.1600000858306885,314000
1998-10-09,2.4217188358306885,3.0999999046325684,3.1449999809265137,3.057499885559082,3.1449999809265137,536000
1998-10-12,2.285008192062378,2.924999952316284,3.0899999141693115,2.9124999046325684,3.075000047683716,1028000
1998-10-13,2.2342307567596436,2.859999895095825,2.950000047683716,2.8499999046325684,2.8524999618530273,1178000
1998-10-14,2.312349796295166,2.9600000381469727,3.0,2.875,2.9725000858306885,2982000
1998-10-15,2.2283711433410645,2.8524999618530273,2.9700000286102295,2.8324999809265137,2.9700000286102295,1610000
1998-10-16,2.1893115043640137,2.802500009536743,2.9000000953674316,2.755000114440918,2.887500047683716,1698000
1998-10-19,2.1795461177825928,2.7899999618530273,2.8499999046325684,2.7750000953674316,2.8499999046325684,436000
1998-10-20,2.0076825618743896,2.569999933242798,2.762500047683716,2.567500114440918,2.762500047683716,1602000
1998-10-21,2.0076825618743896,2.569999933242798,2.569999933242798,2.569999933242798,2.569999933242798,0
1998-10-22,2.0994739532470703,2.6875,2.7750000953674316,2.6075000762939453,2.700000047683716,2926000
1998-10-23,2.0936150550842285,2.680000066757202,2.7325000762939453,2.5999999046325684,2.6875,1152000
1998-10-26,2.1561105251312256,2.759999990463257,2.887500047683716,2.7249999046325684,2.75,2008000
1998-10-27,2.0623672008514404,2.640000104904175,2.759999990463257,2.617500066757202,2.702500104904175,1262000
1998-10-28,2.0369787216186523,2.6075000762939453,2.7249999046325684,2.5999999046325684,2.700000047683716,1614000
1998-10-29,2.0877554416656494,2.672499895095825,2.6875,2.5299999713897705,2.5950000286102295,936000
1998-10-30,2.079943895339966,2.6624999046325684,2.694999933242798,2.6500000953674316,2.694999933242798,2388000
1998-11-02,2.0213541984558105,2.5875000953674316,2.6449999809265137,2.577500104904175,2.637500047683716,458000
1998-11-03,1.9139389991760254,2.450000047683716,2.617500066757202,2.4100000858306885,2.617500066757202,1938000
1998-11-04,1.9139389991760254,2.450000047683716,2.450000047683716,2.450000047683716,2.450000047683716,0
1998-11-05,1.9471402168273926,2.492500066757202,2.5,2.4000000953674316,2.5,1066000
1998-11-06,1.9529988765716553,2.5,2.559999942779541,2.4574999809265137,2.4574999809265137,1572000
1998-11-09,2.0252602100372314,2.5924999713897705,2.625,2.549999952316284,2.569999933242798,2884000
1998-11-10,2.1482982635498047,2.75,2.7699999809265137,2.5875000953674316,2.619999885559082,2172000
1998-11-11,2.2322773933410645,2.8575000762939453,2.9700000286102295,2.6500000953674316,2.6500000953674316,7382000
1998-11-12,2.2459492683410645,2.875,2.8949999809265137,2.755000114440918,2.8125,2716000
1998-11-13,2.1795461177825928,2.7899999618530273,2.862499952316284,2.7750000953674316,2.8375000953674316,1896000
1998-11-16,2.1385340690612793,2.737499952316284,2.799999952316284,2.7125000953674316,2.759999990463257,1292000
1998-11-17,2.109238386154175,2.700000047683716,2.759999990463257,2.674999952316284,2.7149999141693115,2952000
1998-11-18,2.2010297775268555,2.817500114440918,2.819999933242798,2.7249999046325684,2.742500066757202,2326000
1998-11-19,2.1326746940612793,2.7300000190734863,2.825000047683716,2.7249999046325684,2.799999952316284,1186000
1998-11-20,2.0936150550842285,2.680000066757202,2.744999885559082,2.6700000762939453,2.7149999141693115,1094000
1998-11-23,2.0506489276885986,2.625,2.7125000953674316,2.615000009536743,2.674999952316284,1012000
1998-11-24,2.0897088050842285,2.674999952316284,2.674999952316284,2.5999999046325684,2.609999895095825,1658000
1998-11-25,2.0897088050842285,2.674999952316284,2.674999952316284,2.674999952316284,2.674999952316284,0
1998-11-26,2.029165506362915,2.5975000858306885,2.6600000858306885,2.569999933242798,2.5999999046325684,698000
1998-11-27,1.9803403615951538,2.5350000858306885,2.5999999046325684,2.5250000953674316,2.5950000286102295,924000
1998-11-30,1.9979175329208374,2.557499885559082,2.5999999046325684,2.4700000286102295,2.5374999046325684,746000
1998-12-01,2.0408833026885986,2.612499952316284,2.625,2.5399999618530273,2.569999933242798,924000
1998-12-02,2.0623672008514404,2.640000104904175,2.690000057220459,2.6075000762939453,2.6475000381469727,704000
1998-12-03,2.0233068466186523,2.5899999141693115,2.634999990463257,2.5899999141693115,2.617500066757202,452000
1998-12-04,1.999870777130127,2.559999942779541,2.5975000858306885,2.549999952316284,2.577500104904175,576000
1998-12-07,2.033071279525757,2.6024999618530273,2.6050000190734863,2.5450000762939453,2.5450000762939453,598000
1998-12-08,2.0213541984558105,2.5875000953674316,2.6500000953674316,2.569999933242798,2.5999999046325684,1232000
1998-12-09,2.0408833026885986,2.612499952316284,2.6475000381469727,2.569999933242798,2.6475000381469727,762000
1998-12-10,2.0174477100372314,2.5824999809265137,2.619999885559082,2.5799999237060547,2.5899999141693115,464000
1998-12-11,2.038930654525757,2.609999895095825,2.617500066757202,2.5799999237060547,2.5950000286102295,418000
1998-12-14,2.0447895526885986,2.617500066757202,2.6649999618530273,2.5850000381469727,2.6050000190734863,1264000
1998-12-15,2.0408833026885986,2.612499952316284,2.612499952316284,2.5799999237060547,2.6075000762939453,778000
1998-12-16,2.042837142944336,2.615000009536743,2.625,2.5625,2.5625,570000
1998-12-17,1.984247088432312,2.5399999618530273,2.5999999046325684,2.5274999141693115,2.569999933242798,1026000
1998-12-18,2.077991008758545,2.6600000858306885,2.7249999046325684,2.5174999237060547,2.567500114440918,2876000
1998-12-21,2.109238386154175,2.700000047683716,2.7249999046325684,2.6500000953674316,2.6649999618530273,1432000
1998-12-22,2.038930654525757,2.609999895095825,2.700000047683716,2.5999999046325684,2.672499895095825,1694000
1998-12-23,2.077991008758545,2.6600000858306885,2.697499990463257,2.637500047683716,2.6649999618530273,1250000
1998-12-24,2.113144874572754,2.7049999237060547,2.7950000762939453,2.627500057220459,2.627500057220459,2118000
1998-12-25,2.113144874572754,2.7049999237060547,2.7049999237060547,2.7049999237060547,2.7049999237060547,0
1998-12-28,2.1287689208984375,2.7249999046325684,2.805000066757202,2.7249999046325684,2.7799999713897705,2762000
1998-12-29,2.1385340690612793,2.737499952316284,2.762500047683716,2.697499990463257,2.697499990463257,2364000
1998-12-30,2.21665358543396,2.8375000953674316,2.9000000953674316,2.7899999618530273,2.819999933242798,2438000
1998-12-31,2.1385340690612793,2.737499952316284,2.869999885559082,2.7249999046325684,2.869999885559082,1150000
1999-01-01,2.1561105251312256,2.759999990463257,2.7699999809265137,2.7249999046325684,2.759999990463257,596000
1999-01-04,2.1580636501312256,2.762500047683716,2.8375000953674316,2.75,2.755000114440918,1566000
1999-01-05,2.187358856201172,2.799999952316284,2.825000047683716,2.75,2.75,2500000
1999-01-06,2.222512722015381,2.8450000286102295,2.887500047683716,2.799999952316284,2.8499999046325684,1074000
1999-01-07,2.3826582431793213,3.049999952316284,3.072499990463257,2.827500104904175,2.8575000762939453,7790000
1999-01-08,2.53694486618042,3.247499942779541,3.25,3.002500057220459,3.25,7272000
1999-01-11,2.4978857040405273,3.197499990463257,3.3499999046325684,3.177500009536743,3.2899999618530273,8420000
1999-01-12,2.5037448406219482,3.2049999237060547,3.2750000953674316,3.125,3.1500000953674316,4898000
1999-01-13,2.572099208831787,3.2925000190734863,3.3924999237060547,3.25,3.2874999046325684,4808000
1999-01-14,2.5623345375061035,3.2799999713897705,3.297499895095825,3.2174999713897705,3.2249999046325684,2650000
1999-01-15,2.404141426086426,3.077500104904175,3.299999952316284,3.0199999809265137,3.299999952316284,3688000
1999-01-18,2.3045389652252197,2.950000047683716,3.112499952316284,2.9024999141693115,3.0875000953674316,2078000
1999-01-19,2.187358856201172,2.799999952316284,2.9800000190734863,2.7699999809265137,2.9574999809265137,3454000
1999-01-20,2.187358856201172,2.799999952316284,2.799999952316284,2.799999952316284,2.799999952316284,0
1999-01-21,2.20688796043396,2.825000047683716,2.869999885559082,2.762500047683716,2.815000057220459,2620000
1999-01-22,2.2342307567596436,2.859999895095825,2.924999952316284,2.8299999237060547,2.8375000953674316,1742000
1999-01-25,2.1717350482940674,2.7799999713897705,2.8499999046325684,2.6549999713897705,2.815000057220459,1580000
1999-01-26,2.1717350482940674,2.7799999713897705,2.7799999713897705,2.7799999713897705,2.7799999713897705,0
1999-01-27,2.2264187335968018,2.8499999046325684,2.930000066757202,2.825000047683716,2.930000066757202,2032000
1999-01-28,2.1990768909454346,2.815000057220459,2.872499942779541,2.799999952316284,2.8499999046325684,1482000
1999-01-29,2.3709404468536377,3.0350000858306885,3.0399999618530273,2.799999952316284,2.807499885559082,3234000
1999-02-01,2.2088418006896973,2.827500104904175,3.0,2.827500104904175,2.9674999713897705,1574000
1999-02-02,2.1600165367126465,2.765000104904175,2.9000000953674316,2.737499952316284,2.9000000953674316,2190000
1999-02-03,2.187358856201172,2.799999952316284,2.8949999809265137,2.7750000953674316,2.8949999809265137,1544000
1999-02-04,2.1639230251312256,2.7699999809265137,2.8499999046325684,2.755000114440918,2.8375000953674316,584000
1999-02-05,2.1287689208984375,2.7249999046325684,2.7750000953674316,2.674999952316284,2.752500057220459,890000
1999-02-08,2.001824140548706,2.5625,2.697499990463257,2.5625,2.6600000858306885,1200000
1999-02-09,1.9920589923858643,2.549999952316284,2.5824999809265137,2.4825000762939453,2.557499885559082,2574000
1999-02-10,2.0311191082000732,2.5999999046325684,2.6500000953674316,2.577500104904175,2.609999895095825,1446000
1999-02-11,2.0526020526885986,2.627500057220459,2.690000057220459,2.5899999141693115,2.625,1338000
1999-02-12,2.0311191082000732,2.5999999046325684,2.6500000953674316,2.575000047683716,2.5999999046325684,788000
1999-02-15,2.0233068466186523,2.5899999141693115,2.622499942779541,2.572499990463257,2.622499942779541,870000
1999-02-16,1.9979175329208374,2.557499885559082,2.619999885559082,2.487499952316284,2.5850000381469727,1736000
1999-02-17,2.0936150550842285,2.680000066757202,2.759999990463257,2.567500114440918,2.5875000953674316,1764000
1999-02-18,2.1482982635498047,2.75,2.765000104904175,2.6449999809265137,2.7249999046325684,2094000
1999-02-19,2.187358856201172,2.799999952316284,2.8499999046325684,2.700000047683716,2.747499942779541,1566000
1999-02-22,2.074084758758545,2.6549999713897705,2.825000047683716,2.6549999713897705,2.7799999713897705,1076000
1999-02-23,2.0662729740142822,2.6449999809265137,2.6700000762939453,2.575000047683716,2.6500000953674316,1348000
1999-02-24,2.070178985595703,2.6500000953674316,2.6649999618530273,2.5999999046325684,2.637500047683716,564000
1999-02-25,2.0115890502929688,2.575000047683716,2.625,2.549999952316284,2.625,536000
1999-02-26,1.9627645015716553,2.512500047683716,2.575000047683716,2.4574999809265137,2.5299999713897705,1222000
1999-03-01,2.0194005966186523,2.5850000381469727,2.6700000762939453,2.5,2.549999952316284,3378000
1999-03-02,2.0194005966186523,2.5850000381469727,2.5850000381469727,2.5850000381469727,2.5850000381469727,0
1999-03-03,2.181499481201172,2.7925000190734863,2.7925000190734863,2.7899999618530273,2.7899999618530273,438000
1999-03-04,2.3572700023651123,3.0174999237060547,3.0174999237060547,2.827500104904175,3.0174999237060547,12722000
1999-03-05,2.4510130882263184,3.137500047683716,3.2325000762939453,2.9774999618530273,3.0999999046325684,17072000
1999-03-08,2.499838352203369,3.200000047683716,3.2750000953674316,3.1075000762939453,3.1524999141693115,11716000
1999-03-09,2.4510130882263184,3.137500047683716,3.2200000286102295,3.065000057220459,3.1624999046325684,7562000
1999-03-10,2.2557132244110107,2.887500047683716,3.174999952316284,2.887500047683716,3.174999952316284,4156000
1999-03-11,2.109238386154175,2.700000047683716,2.9625000953674316,2.700000047683716,2.7750000953674316,3718000
1999-03-12,2.2732911109924316,2.9100000858306885,2.9100000858306885,2.677500009536743,2.734999895095825,5600000
1999-03-15,2.2420425415039062,2.869999885559082,2.9200000762939453,2.805000066757202,2.825000047683716,4714000
1999-03-16,2.076037645339966,2.6575000286102295,2.825000047683716,2.6500000953674316,2.8125,4310000
1999-03-17,2.105332851409912,2.694999933242798,2.7699999809265137,2.682499885559082,2.682499885559082,2430000
1999-03-18,2.187358856201172,2.799999952316284,2.799999952316284,2.684999942779541,2.684999942779541,4208000
1999-03-19,2.113144874572754,2.7049999237060547,2.7750000953674316,2.6624999046325684,2.6624999046325684,3522000
1999-03-22,2.150251865386963,2.752500057220459,2.7874999046325684,2.637500047683716,2.700000047683716,4126000
1999-03-23,2.249854326248169,2.880000114440918,2.887500047683716,2.7049999237060547,2.7049999237060547,6136000
1999-03-24,2.363128423690796,3.0250000953674316,3.112499952316284,2.950000047683716,3.0,8572000
1999-03-25,2.423671245574951,3.1024999618530273,3.244999885559082,3.049999952316284,3.049999952316284,6372000
1999-03-26,2.476402759552002,3.1700000762939453,3.2100000381469727,3.0250000953674316,3.1500000953674316,12530000
1999-03-29,2.476402759552002,3.1700000762939453,3.1700000762939453,3.1700000762939453,3.1700000762939453,0
1999-03-30,2.54671049118042,3.259999990463257,3.299999952316284,3.109999895095825,3.109999895095825,36598000
1999-03-31,2.716620922088623,3.4774999618530273,3.5225000381469727,3.4625000953674316,3.512500047683716,3653820
1999-04-01,2.6404547691345215,3.380000114440918,3.5250000953674316,3.325000047683716,3.5250000953674316,1450160
1999-04-02,2.6404547691345215,3.380000114440918,3.380000114440918,3.380000114440918,3.380000114440918,0
1999-04-05,2.4861669540405273,3.182499885559082,3.299999952316284,3.1500000953674316,3.255000114440918,2671260
1999-04-06,2.685373306274414,3.4375,3.4375,3.0999999046325684,3.0999999046325684,2954580
1999-04-07,2.581865072250366,3.305000066757202,3.450000047683716,3.2899999618530273,3.450000047683716,3711240
1999-04-08,2.55061674118042,3.265000104904175,3.3324999809265137,3.240000009536743,3.257499933242798,1744580
1999-04-09,2.54866361618042,3.262500047683716,3.2750000953674316,3.2249999046325684,3.25,2289100
1999-04-12,2.5623345375061035,3.2799999713897705,3.2899999618530273,3.200000047683716,3.240000009536743,1089520
1999-04-13,2.538897752761841,3.25,3.2950000762939453,3.25,3.2750000953674316,1261160
1999-04-14,2.538897752761841,3.25,3.25,3.25,3.25,0
1999-04-15,2.544757127761841,3.257499933242798,3.262500047683716,3.200000047683716,3.200000047683716,2499340
1999-04-16,2.7498226165771484,3.5199999809265137,3.5199999809265137,3.25,3.259999990463257,4071780
1999-04-19,2.676201820373535,3.362499952316284,3.424999952316284,3.2149999141693115,3.240000009536743,3271720
1999-04-20,2.6742124557495117,3.359999895095825,3.4700000286102295,3.2750000953674316,3.375,4385580
1999-04-21,2.6065614223480225,3.2750000953674316,3.377500057220459,3.25,3.359999895095825,3114380
1999-04-22,2.554827928543091,3.2100000381469727,3.325000047683716,3.1875,3.299999952316284,3335360
1999-04-23,2.5707459449768066,3.2300000190734863,3.240000009536743,3.1649999618530273,3.2249999046325684,2057980
1999-04-26,2.365802049636841,2.9725000858306885,3.119999885559082,2.9725000858306885,3.052500009536743,5012740
1999-04-27,2.365802049636841,2.9725000858306885,2.9725000858306885,2.9725000858306885,2.9725000858306885,0
1999-04-28,2.4274840354919434,3.049999952316284,3.075000047683716,2.924999952316284,2.950000047683716,5871460
1999-04-29,2.51304292678833,3.1575000286102295,3.174999952316284,3.049999952316284,3.069999933242798,2149600
1999-04-30,2.578704357147217,3.240000009536743,3.25,3.137500047683716,3.1424999237060547,2330360
1999-05-03,2.5229923725128174,3.1700000762939453,3.2825000286102295,3.1524999141693115,3.25,1582020
1999-05-04,2.622479200363159,3.2950000762939453,3.305000066757202,3.1524999141693115,3.1524999141693115,2409500
1999-05-05,2.670232057571411,3.3550000190734863,3.424999952316284,3.2249999046325684,3.2750000953674316,5071140
1999-05-06,2.6941094398498535,3.384999990463257,3.4175000190734863,3.325000047683716,3.3524999618530273,2149660
1999-05-07,2.9109911918640137,3.6575000286102295,3.6575000286102295,3.4149999618530273,3.450000047683716,6264840
1999-05-10,3.1437911987304688,3.950000047683716,3.950000047683716,3.8324999809265137,3.947499990463257,5285080
1999-05-11,3.0642011165618896,3.8499999046325684,4.267499923706055,3.7674999237060547,4.264999866485596,6554540
1999-05-12,2.964714765548706,3.7249999046325684,3.9800000190734863,3.5999999046325684,3.9049999713897705,3643120
1999-05-13,3.068181037902832,3.8550000190734863,3.8975000381469727,3.700000047683716,3.8975000381469727,1773500
1999-05-14,3.0642011165618896,3.8499999046325684,3.987499952316284,3.75,3.875,4208200
1999-05-17,2.8731865882873535,3.609999895095825,3.8499999046325684,3.5425000190734863,3.8499999046325684,2468040
1999-05-18,2.8731865882873535,3.609999895095825,3.75,3.565000057220459,3.575000047683716,3686840
1999-05-19,3.1039960384368896,3.9000000953674316,3.9000000953674316,3.690000057220459,3.700000047683716,3946740
1999-05-20,3.0263962745666504,3.802500009536743,4.099999904632568,3.799999952316284,3.9700000286102295,3463140
1999-05-21,2.968693971633911,3.7300000190734863,3.9124999046325684,3.700000047683716,3.9000000953674316,3303840
1999-05-24,2.964714765548706,3.7249999046325684,3.759999990463257,3.700000047683716,3.7300000190734863,1345760
1999-05-25,2.998540163040161,3.7674999237060547,3.7774999141693115,3.7100000381469727,3.7100000381469727,2300660
1999-05-26,2.9627246856689453,3.7225000858306885,3.809999942779541,3.690000057220459,3.7249999046325684,1531400
1999-05-27,2.905022144317627,3.6500000953674316,3.7825000286102295,3.6500000953674316,3.700000047683716,1260720
1999-05-28,3.004509210586548,3.7750000953674316,3.7750000953674316,3.617500066757202,3.700000047683716,3394900
1999-05-31,3.2273595333099365,4.054999828338623,4.054999828338623,3.9000000953674316,3.9000000953674316,4736820
1999-06-01,3.0642011165618896,3.8499999046325684,4.025000095367432,3.809999942779541,3.9625000953674316,2828340
1999-06-02,3.0860891342163086,3.877500057220459,3.9000000953674316,3.700000047683716,3.700000047683716,1200300
1999-06-03,3.0840988159179688,3.875,3.9200000762939453,3.827500104904175,3.875,947280
1999-06-04,3.0642011165618896,3.8499999046325684,3.942500114440918,3.807499885559082,3.934999942779541,1008780
1999-06-07,3.024406909942627,3.799999952316284,3.875,3.799999952316284,3.875,777480
1999-06-08,3.203484058380127,4.025000095367432,4.025000095367432,3.7049999237060547,3.7049999237060547,993240
1999-06-09,3.038334608078003,3.817500114440918,3.875,3.799999952316284,3.869999885559082,682500
1999-06-10,3.0124685764312744,3.7850000858306885,3.9000000953674316,3.7825000286102295,3.9000000953674316,267420
1999-06-11,2.984611749649048,3.75,3.7850000858306885,3.6500000953674316,3.7774999141693115,1383600
1999-06-14,2.9905810356140137,3.757499933242798,3.762500047683716,3.5999999046325684,3.5999999046325684,1302560
1999-06-15,2.9866020679473877,3.752500057220459,3.8499999046325684,3.7249999046325684,3.75,1675900
1999-06-16,3.0502731800079346,3.8324999809265137,3.9000000953674316,3.6050000190734863,3.6050000190734863,1595600
1999-06-17,3.028385639190674,3.805000066757202,3.9000000953674316,3.799999952316284,3.859999895095825,740420
1999-06-18,3.0403242111206055,3.819999933242798,3.950000047683716,3.799999952316284,3.950000047683716,1790100
1999-06-21,3.0562424659729004,3.8399999141693115,3.872499942779541,3.75,3.75,486800
1999-06-22,3.068181037902832,3.8550000190734863,3.8949999809265137,3.809999942779541,3.8499999046325684,1022980
1999-06-23,2.9925713539123535,3.759999990463257,3.825000047683716,3.75,3.825000047683716,442240
1999-06-24,2.984611749649048,3.75,3.7725000381469727,3.7125000953674316,3.7125000953674316,186600
1999-06-25,2.984611749649048,3.75,3.7850000858306885,3.75,3.7750000953674316,263600
1999-06-28,2.9826221466064453,3.747499942779541,3.8499999046325684,3.702500104904175,3.8450000286102295,689100
1999-06-29,2.974663734436035,3.737499952316284,3.762500047683716,3.690000057220459,3.762500047683716,570280
1999-06-30,2.954766035079956,3.7125000953674316,3.75,3.700000047683716,3.7249999046325684,400100
1999-07-01,2.9169604778289795,3.6649999618530273,3.744999885559082,3.6549999713897705,3.7300000190734863,204760
1999-07-02,2.9269094467163086,3.677500009536743,3.7200000286102295,3.6549999713897705,3.7200000286102295,337340
1999-07-05,2.9527759552001953,3.7100000381469727,3.9000000953674316,3.6624999046325684,3.8949999809265137,591620
1999-07-06,2.9726734161376953,3.734999895095825,3.7750000953674316,3.674999952316284,3.7249999046325684,2481900
1999-07-07,3.0661909580230713,3.8524999618530273,3.924999952316284,3.7750000953674316,3.7750000953674316,2575800
1999-07-08,3.048283338546753,3.8299999237060547,3.875,3.674999952316284,3.700000047683716,938600
1999-07-09,3.0164477825164795,3.7899999618530273,3.8499999046325684,3.752500057220459,3.8499999046325684,775520
1999-07-12,3.2392985820770264,4.070000171661377,4.09250020980835,3.8475000858306885,3.875,5018180
1999-07-13,3.360673189163208,4.222499847412109,4.315000057220459,4.125,4.125,7601440
1999-07-14,3.5536770820617676,4.465000152587891,4.545000076293945,4.349999904632568,4.400000095367432,7226800
1999-07-15,3.384549617767334,4.252500057220459,4.519999980926514,4.224999904632568,4.5,4739760
1999-07-16,3.394498348236084,4.264999866485596,4.447500228881836,4.212500095367432,4.25,4274180
1999-07-19,3.408425807952881,4.28249979019165,4.420000076293945,4.25,4.420000076293945,2619940
1999-07-20,3.348734140396118,4.207499980926514,4.275000095367432,4.102499961853027,4.230000019073486,6724980
1999-07-21,3.400468587875366,4.272500038146973,4.324999809265137,4.099999904632568,4.295000076293945,2389220
1999-07-22,3.3964884281158447,4.267499923706055,4.337500095367432,4.239999771118164,4.275000095367432,3293400
1999-07-23,3.374601125717163,4.239999771118164,4.3125,4.230000019073486,4.3125,3580860
1999-07-26,3.3905189037323,4.260000228881836,4.287499904632568,4.224999904632568,4.287499904632568,2075740
1999-07-27,3.4064366817474365,4.28000020980835,4.300000190734863,4.202499866485596,4.239999771118164,2653340
1999-07-28,3.454190492630005,4.340000152587891,4.5,4.297500133514404,4.297500133514404,3460880
1999-07-29,3.4143965244293213,4.289999961853027,4.349999904632568,4.275000095367432,4.309999942779541,1264540
1999-07-30,3.3825597763061523,4.25,4.320000171661377,4.224999904632568,4.320000171661377,1197280
1999-08-02,3.340775966644287,4.197500228881836,4.244999885559082,4.175000190734863,4.244999885559082,1007580
1999-08-03,3.320878028869629,4.172500133514404,4.244999885559082,4.127500057220459,4.130000114440918,1932820
1999-08-04,3.3427658081054688,4.199999809265137,4.247499942779541,4.162499904632568,4.247499942779541,5959600
1999-08-05,3.304960012435913,4.152500152587891,4.224999904632568,4.130000114440918,4.212500095367432,681740
1999-08-06,3.3129191398620605,4.162499904632568,4.190000057220459,4.012499809265137,4.099999904632568,575940
1999-08-09,3.2731244564056396,4.112500190734863,4.21999979019165,4.0625,4.21999979019165,611800
1999-08-10,3.3188889026641846,4.170000076293945,4.199999809265137,3.8299999237060547,4.002500057220459,1679580
1999-08-11,3.271134853363037,4.110000133514404,4.195000171661377,4.074999809265137,4.195000171661377,470000
1999-08-12,3.2392985820770264,4.070000171661377,4.099999904632568,4.052499771118164,4.099999904632568,658360
1999-08-13,3.181596279144287,3.997499942779541,4.074999809265137,3.9749999046325684,4.0625,919200
1999-08-16,3.1835861206054688,4.0,4.034999847412109,3.9000000953674316,3.9749999046325684,722620
1999-08-17,3.1995038986206055,4.019999980926514,4.074999809265137,3.9625000953674316,4.025000095367432,900900
1999-08-18,3.314908266067505,4.164999961853027,4.25,4.0625,4.144999980926514,1589660
1999-08-19,3.1835861206054688,4.0,4.235000133514404,3.9774999618530273,4.199999809265137,2508300
1999-08-20,3.2194015979766846,4.045000076293945,4.074999809265137,4.0,4.03000020980835,568480
1999-08-23,3.4601595401763916,4.347499847412109,4.369999885559082,4.039999961853027,4.0625,5958280
1999-08-24,3.6989285945892334,4.647500038146973,4.670000076293945,4.25,4.394999980926514,9998660
1999-08-25,3.505924701690674,4.40500020980835,4.747499942779541,4.349999904632568,4.747499942779541,4221880
1999-08-26,3.531789779663086,4.4375,4.59250020980835,4.400000095367432,4.412499904632568,1770220
1999-08-27,3.527810573577881,4.432499885559082,4.550000190734863,4.375,4.5,1054300
1999-08-30,3.53974986076355,4.447500228881836,4.644999980926514,4.412499904632568,4.497499942779541,3327360
1999-08-31,3.424344778060913,4.302499771118164,4.400000095367432,4.275000095367432,4.400000095367432,3356660
1999-09-01,3.4482216835021973,4.332499980926514,4.394999980926514,4.199999809265137,4.394999980926514,3546400
1999-09-02,3.4183762073516846,4.295000076293945,4.34250020980835,4.25,4.255000114440918,1560560
1999-09-03,3.4263343811035156,4.304999828338623,4.349999904632568,4.255000114440918,4.349999904632568,1439240
1999-09-06,3.4482216835021973,4.332499980926514,4.364999771118164,4.277500152587891,4.329999923706055,1677540
1999-09-07,3.623319387435913,4.552499771118164,4.587500095367432,4.349999904632568,4.349999904632568,3907000
1999-09-08,3.9138214588165283,4.917500019073486,4.917500019073486,4.699999809265137,4.699999809265137,5584140
1999-09-09,4.2281999588012695,5.3125,5.3125,5.309999942779541,5.309999942779541,3683460
1999-09-10,3.9376988410949707,4.947500228881836,5.34499979019165,4.887499809265137,5.295000076293945,6810860
1999-09-13,3.9376988410949707,4.947500228881836,4.947500228881836,4.947500228881836,4.947500228881836,0
1999-09-14,3.842190980911255,4.827499866485596,5.244999885559082,4.78000020980835,5.244999885559082,5346220
1999-09-15,3.7486729621887207,4.710000038146973,5.130000114440918,4.625,5.130000114440918,2994140
1999-09-16,3.7427022457122803,4.702499866485596,4.75,4.53000020980835,4.53000020980835,1841220
1999-09-17,3.846170425415039,4.832499980926514,4.945000171661377,4.574999809265137,4.699999809265137,3767660
1999-09-20,3.6352579593658447,4.567500114440918,4.887499809265137,4.517499923706055,4.887499809265137,1747340
1999-09-21,3.5715856552124023,4.487500190734863,4.599999904632568,4.355000019073486,4.550000190734863,3134160
1999-09-22,3.7984166145324707,4.772500038146973,4.824999809265137,4.5,4.550000190734863,3880440
1999-09-23,3.7884674072265625,4.760000228881836,4.84250020980835,4.75,4.800000190734863,1657880
1999-09-24,3.808364152908325,4.784999847412109,4.824999809265137,4.75,4.824999809265137,1742920
1999-09-27,3.7805089950561523,4.75,4.84499979019165,4.675000190734863,4.744999885559082,1818980
1999-09-28,3.790456771850586,4.762499809265137,4.849999904632568,4.65749979019165,4.675000190734863,2628700
1999-09-29,3.7924468517303467,4.764999866485596,4.929999828338623,4.755000114440918,4.847499847412109,1077780
1999-09-30,4.073000431060791,5.117499828338623,5.147500038146973,4.760000228881836,4.800000190734863,6602680
1999-10-01,3.9257583618164062,4.932499885559082,4.974999904632568,4.775000095367432,4.949999809265137,2294100
1999-10-04,3.7805089950561523,4.75,4.849999904632568,4.75,4.847499847412109,2859380
1999-10-05,3.8242828845977783,4.804999828338623,4.849999904632568,4.602499961853027,4.800000190734863,2143780
1999-10-06,3.7924468517303467,4.764999866485596,4.974999904632568,4.75,4.824999809265137,3153360
1999-10-07,3.883974313735962,4.880000114440918,4.987500190734863,4.807499885559082,4.942500114440918,3660880
1999-10-08,3.945657730102539,4.957499980926514,5.122499942779541,4.852499961853027,4.9375,5238940
1999-10-11,3.933718204498291,4.942500114440918,5.142499923706055,4.902500152587891,5.09499979019165,5147720
1999-10-12,4.019278526306152,5.050000190734863,5.235000133514404,4.755000114440918,4.949999809265137,4961060
1999-10-13,4.057082176208496,5.097499847412109,5.175000190734863,4.755000114440918,5.099999904632568,6268840
1999-10-14,3.9834625720977783,5.005000114440918,5.172500133514404,4.949999809265137,5.125,5589180
1999-10-15,3.909841775894165,4.912499904632568,5.25,4.900000095367432,5.099999904632568,1889740
1999-10-18,4.110805988311768,5.164999961853027,5.244999885559082,4.900000095367432,4.900000095367432,5808120
1999-10-19,4.110805988311768,5.164999961853027,5.164999961853027,5.164999961853027,5.164999961853027,0
1999-10-20,4.118764400482178,5.175000190734863,5.347499847412109,5.112500190734863,5.25,2384940
1999-10-21,3.9138214588165283,4.917500019073486,5.247499942779541,4.900000095367432,5.247499942779541,2667400
1999-10-22,3.9774928092956543,4.997499942779541,5.017499923706055,4.900000095367432,4.949999809265137,5776040
1999-10-25,3.82627272605896,4.807499885559082,5.150000095367432,4.75,5.144999980926514,3334300
1999-10-26,3.756631851196289,4.71999979019165,4.849999904632568,4.699999809265137,4.724999904632568,2934100
1999-10-27,3.8879542350769043,4.885000228881836,4.900000095367432,4.769999980926514,4.822500228881836,1115240
1999-10-28,3.7685704231262207,4.735000133514404,4.900000095367432,4.675000190734863,4.889999866485596,1133900
1999-10-29,3.6889803409576416,4.635000228881836,4.800000190734863,4.400000095367432,4.800000190734863,6301880
1999-11-01,3.623319387435913,4.552499771118164,4.637499809265137,4.5,4.510000228881836,1871400
1999-11-02,3.7128562927246094,4.664999961853027,4.699999809265137,4.5,4.5,1842740
1999-11-03,3.790456771850586,4.762499809265137,4.849999904632568,4.75,4.75,3045700
1999-11-04,3.7586207389831543,4.722499847412109,4.800000190734863,4.505000114440918,4.512499809265137,969800
1999-11-05,3.7586207389831543,4.722499847412109,4.747499942779541,4.677499771118164,4.724999904632568,516300
1999-11-08,3.7586207389831543,4.722499847412109,4.722499847412109,4.722499847412109,4.722499847412109,0
1999-11-09,3.694948673248291,4.642499923706055,4.792500019073486,4.554999828338623,4.627500057220459,932600
1999-11-10,3.7287757396698,4.684999942779541,4.722499847412109,4.5,4.5,543600
1999-11-11,3.720815658569336,4.675000190734863,4.699999809265137,4.650000095367432,4.675000190734863,488980
1999-11-12,3.7009189128875732,4.650000095367432,4.664999961853027,4.550000190734863,4.625,445860
1999-11-15,3.671072244644165,4.612500190734863,4.650000095367432,4.557499885559082,4.650000095367432,401500
1999-11-16,3.669081926345825,4.610000133514404,4.650000095367432,4.554999828338623,4.579999923706055,922280
1999-11-17,3.631277561187744,4.5625,4.675000190734863,4.5625,4.675000190734863,353380
1999-11-18,3.631277561187744,4.5625,4.585000038146973,4.5,4.525000095367432,703480
1999-11-19,3.6272976398468018,4.557499885559082,4.625,4.550000190734863,4.574999809265137,427600
1999-11-22,3.7307658195495605,4.6875,4.775000095367432,4.449999809265137,4.525000095367432,1116500
1999-11-23,3.7307658195495605,4.6875,4.6875,4.6875,4.6875,0
1999-11-24,3.649184226989746,4.585000038146973,4.75,4.5625,4.75,2389060
1999-11-25,3.643216609954834,4.577499866485596,4.637499809265137,4.552499771118164,4.577499866485596,3126080
1999-11-26,3.9357078075408936,4.945000171661377,4.945000171661377,4.684999942779541,4.739999771118164,7305500
1999-11-29,4.252077102661133,5.34250020980835,5.34250020980835,5.102499961853027,5.102499961853027,5947960
1999-11-30,4.592322826385498,5.769999980926514,5.769999980926514,5.599999904632568,5.724999904632568,5126400
1999-12-01,4.918640613555908,6.179999828338623,6.232500076293945,5.647500038146973,6.150000095367432,20571640
1999-12-02,5.27679443359375,6.630000114440918,6.675000190734863,6.202499866485596,6.284999847412109,17407800
1999-12-03,5.700608730316162,7.162499904632568,7.162499904632568,6.849999904632568,7.0,13970780
1999-12-06,6.158249855041504,7.737500190734863,7.737500190734863,7.400000095367432,7.635000228881836,20707400
1999-12-07,6.094576835632324,7.65749979019165,8.180000305175781,7.322500228881836,8.180000305175781,14827520
1999-12-08,5.933407783508301,7.454999923706055,7.900000095367432,7.050000190734863,7.887499809265137,15140000
1999-12-09,6.371150970458984,8.005000114440918,8.052499771118164,7.25,7.599999904632568,16357100
1999-12-10,6.247786521911621,7.849999904632568,8.300000190734863,7.699999809265137,8.052499771118164,7520120
1999-12-13,6.1861066818237305,7.772500038146973,7.949999809265137,7.599999904632568,7.949999809265137,7507860
1999-12-14,6.050803184509277,7.602499961853027,7.945000171661377,7.550000190734863,7.800000190734863,7180540
1999-12-15,6.5362982749938965,8.212499618530273,8.212499618530273,7.400000095367432,7.5,8059860
1999-12-16,7.059601306915283,8.869999885559082,8.869999885559082,8.5,8.692500114440918,1665300
1999-12-17,7.298368453979492,9.170000076293945,9.579999923706055,9.079999923706055,9.449999809265137,10238160
1999-12-20,7.031744956970215,8.835000038146973,9.5,8.75,9.359999656677246,6514860
1999-12-21,7.02378511428833,8.824999809265137,9.0,8.649999618530273,8.899999618530273,9054800
1999-12-22,6.985980987548828,8.77750015258789,9.244999885559082,8.707500457763672,9.0,5040000
1999-12-23,6.631807804107666,8.332500457763672,8.75,8.255000114440918,8.75,1182120
1999-12-24,6.400997161865234,8.042499542236328,8.300000190734863,7.90500020980835,8.257499694824219,3082500
1999-12-27,5.993100166320801,7.53000020980835,8.0,7.5,8.0,2398040
1999-12-28,6.042844772338867,7.59250020980835,7.997499942779541,7.099999904632568,7.5,3147020
1999-12-29,6.196053981781006,7.784999847412109,7.992499828338623,7.75,7.900000095367432,1310640
1999-12-30,6.263706684112549,7.869999885559082,8.0,7.755000114440918,7.889999866485596,4196440
1999-12-31,6.263706684112549,7.869999885559082,7.869999885559082,7.869999885559082,7.869999885559082,0
2000-01-03,6.765119552612305,8.5,8.5,8.300000190734863,8.300000190734863,665180
2000-01-04,6.916340351104736,8.6899995803833,9.172499656677246,8.550000190734863,9.100000381469727,3374200
2000-01-05,6.643745422363281,8.34749984741211,8.694999694824219,8.25,8.5,3196400
2000-01-06,6.697468280792236,8.414999961853027,8.5,8.265000343322754,8.399999618530273,1700520
2000-01-07,6.699459552764893,8.417499542236328,8.550000190734863,8.107500076293945,8.107500076293945,1702880
2000-01-10,6.601962089538574,8.295000076293945,8.975000381469727,8.25,8.645000457763672,2008680
2000-01-11,6.502474784851074,8.170000076293945,8.395000457763672,7.849999904632568,8.324999809265137,2915680
2000-01-12,6.584054946899414,8.272500038146973,8.397500038146973,8.114999771118164,8.1875,1719040
2000-01-13,6.570126533508301,8.255000114440918,8.494999885559082,8.25,8.494999885559082,965520
2000-01-14,6.584054946899414,8.272500038146973,8.399999618530273,8.199999809265137,8.399999618530273,1163040
2000-01-17,7.111333847045898,8.9350004196167,8.9350004196167,8.602499961853027,8.699999809265137,2748080
2000-01-18,6.594003200531006,8.28499984741211,8.9350004196167,8.227499961853027,8.9350004196167,5113040
2000-01-19,7.123274326324463,8.949999809265137,8.949999809265137,8.600000381469727,8.600000381469727,6996360
2000-01-20,7.107354164123535,8.930000305175781,9.239999771118164,8.800000190734863,9.239999771118164,5381960
2000-01-21,7.487397193908691,9.407500267028809,9.600000381469727,8.604999542236328,8.800000190734863,9446580
2000-01-24,7.980851650238037,10.02750015258789,10.15999984741211,9.649999618530273,9.9399995803833,8987320
2000-01-25,8.61955738067627,10.829999923706055,10.829999923706055,9.949999809265137,9.949999809265137,5805820
2000-01-26,8.61955738067627,10.829999923706055,10.829999923706055,10.829999923706055,10.829999923706055,0
2000-01-27,9.140870094299316,11.484999656677246,11.697500228881836,11.0625,11.199999809265137,11271640
2000-01-28,9.069241523742676,11.395000457763672,11.649999618530273,11.199999809265137,11.5,9583300
2000-01-31,9.461220741271973,11.887499809265137,12.307499885559082,11.505000114440918,11.505000114440918,12747600
2000-02-01,9.588563919067383,12.047499656677246,12.199999809265137,11.75,11.800000190734863,7815580
2000-02-02,9.709936141967773,12.199999809265137,13.012499809265137,11.949999809265137,13.010000228881836,6876640
2000-02-03,8.991641998291016,11.297499656677246,12.5,11.225000381469727,12.199999809265137,5693740
2000-02-04,9.1110258102417,11.447500228881836,11.600000381469727,10.875,11.4975004196167,5314080
2000-02-07,9.8173828125,12.335000038146973,12.364999771118164,11.5,11.75,7780700
2000-02-08,9.978555679321289,12.537500381469727,12.6899995803833,12.005000114440918,12.5,6104160
2000-02-09,10.048192977905273,12.625,13.050000190734863,12.305000305175781,12.75,6344660
2000-02-10,10.01834487915039,12.587499618530273,13.100000381469727,12.412500381469727,12.5,4201720
2000-02-11,9.236379623413086,11.604999542236328,12.949999809265137,11.582500457763672,12.755000114440918,5296460
2000-02-14,9.290102005004883,11.672499656677246,11.75,11.007499694824219,11.75,5050880
2000-02-15,9.057304382324219,11.380000114440918,11.75,11.255000114440918,11.699999809265137,3881740
2000-02-16,9.78355884552002,12.292499542236328,12.292499542236328,11.5,12.244999885559082,1412000
2000-02-17,9.96462345123291,12.520000457763672,12.885000228881836,12.407500267028809,12.885000228881836,4683200
2000-02-18,9.654223442077637,12.130000114440918,12.649999618530273,11.949999809265137,12.550000190734863,2375540
2000-02-21,9.39754867553711,11.807499885559082,12.399999618530273,11.755000114440918,12.162500381469727,2209440
2000-02-22,8.657362937927246,10.8774995803833,12.0,10.864999771118164,11.802499771118164,3496120
2000-02-23,8.7329740524292,10.97249984741211,11.744999885559082,10.875,11.300000190734863,2690160
2000-02-24,9.033425331115723,11.350000381469727,11.5,10.774999618530273,11.100000381469727,1757840
2000-02-25,9.033425331115723,11.350000381469727,11.699999809265137,11.100000381469727,11.4975004196167,2530640
2000-02-28,9.055312156677246,11.3774995803833,11.5,11.0,11.492500305175781,1714420
2000-02-29,8.627516746520996,10.84000015258789,11.949999809265137,10.475000381469727,11.399999618530273,5173760
2000-03-01,9.317959785461426,11.707500457763672,11.707500457763672,10.899999618530273,10.899999618530273,641880
2000-03-02,10.064111709594727,12.645000457763672,12.645000457763672,12.5,12.5,798720
2000-03-03,10.869956016540527,13.657500267028809,13.657500267028809,13.657500267028809,13.657500267028809,1285880
2000-03-06,10.587411880493164,13.302499771118164,14.75,12.75,14.7475004196167,4072820
2000-03-07,10.27502155303955,12.90999984741211,13.395000457763672,12.75,13.25,3248240
2000-03-08,10.82618236541748,13.602499961853027,13.944999694824219,13.100000381469727,13.25,4009540
2000-03-09,10.728682518005371,13.479999542236328,14.0,12.550000190734863,13.507499694824219,2679580
2000-03-10,10.113852500915527,12.707500457763672,13.149999618530273,12.40250015258789,13.0625,2936660
2000-03-13,10.742612838745117,13.4975004196167,13.725000381469727,12.5,12.5,4159640
2000-03-14,10.561548233032227,13.270000457763672,14.0,12.800000190734863,13.774999618530273,3564040
2000-03-15,10.34068489074707,12.992500305175781,13.5,12.350000381469727,13.5,1655720
2000-03-16,10.22528076171875,12.84749984741211,13.100000381469727,12.7524995803833,13.100000381469727,2649280
2000-03-17,10.22528076171875,12.84749984741211,12.84749984741211,12.84749984741211,12.84749984741211,0
2000-03-20,10.22528076171875,12.84749984741211,12.84749984741211,12.84749984741211,12.84749984741211,0
2000-03-21,10.179516792297363,12.789999961853027,13.0,12.335000038146973,13.0,3202220
2000-03-22,10.392417907714844,13.057499885559082,13.25,12.702500343322754,12.987500190734863,1522600
2000-03-23,11.158470153808594,14.020000457763672,14.102499961853027,12.912500381469727,12.912500381469727,5076880
2000-03-24,10.879905700683594,13.670000076293945,13.887499809265137,13.225000381469727,13.755000114440918,2343080
2000-03-27,10.812253952026367,13.585000038146973,13.899999618530273,13.3125,13.75,1222620
2000-03-28,10.947555541992188,13.755000114440918,13.925000190734863,13.40250015258789,13.425000190734863,1967280
2000-03-29,10.561548233032227,13.270000457763672,14.397500038146973,13.15250015258789,13.800000190734863,1969600
2000-03-30,10.448129653930664,13.1274995803833,13.300000190734863,12.550000190734863,12.824999809265137,1907360
2000-03-31,10.235227584838867,12.859999656677246,13.0,12.600000381469727,12.649999618530273,1487200
2000-04-03,9.835290908813477,12.357500076293945,13.649999618530273,12.007499694824219,12.9975004196167,3371760
2000-04-04,9.04934310913086,11.369999885559082,12.149999618530273,11.369999885559082,12.149999618530273,1435660
2000-04-05,8.327067375183105,10.462499618530273,11.600000381469727,10.462499618530273,11.600000381469727,1745620
2000-04-06,7.7215352058410645,9.6274995803833,10.600000381469727,9.6274995803833,10.350000381469727,1670120
2000-04-07,8.339097023010254,10.397500038146973,10.397500038146973,9.2524995803833,9.75,3218580
2000-04-10,9.006786346435547,11.229999542236328,11.229999542236328,10.9975004196167,11.225000381469727,3121120
2000-04-11,9.070947647094727,11.3100004196167,11.744999885559082,10.449999809265137,11.229999542236328,5918660
2000-04-12,9.343637466430664,11.649999618530273,12.149999618530273,11.149999618530273,11.899999618530273,2618020
2000-04-13,9.28148078918457,11.572500228881836,11.699999809265137,10.75,11.449999809265137,3826320
2000-04-14,9.28148078918457,11.572500228881836,11.572500228881836,11.572500228881836,11.572500228881836,0
2000-04-17,8.539603233337402,10.647500038146973,11.25,10.647500038146973,11.25,2566580
2000-04-18,8.906533241271973,11.104999542236328,11.244999885559082,10.702500343322754,10.702500343322754,2737960
2000-04-19,9.080977439880371,11.322500228881836,11.600000381469727,10.949999809265137,11.449999809265137,2819060
2000-04-20,9.050897598266602,11.28499984741211,11.350000381469727,10.765000343322754,11.149999618530273,3587940
2000-04-21,9.050897598266602,11.28499984741211,11.28499984741211,11.28499984741211,11.28499984741211,0
2000-04-24,9.307546615600586,11.604999542236328,11.795000076293945,11.225000381469727,11.25,3972720
2000-04-25,9.261432647705078,11.547499656677246,11.75,11.0,11.404999732971191,5120320
2000-04-26,9.995287895202637,12.462499618530273,12.47249984741211,11.5625,11.994999885559082,3779560
2000-04-27,9.844908714294434,12.274999618530273,12.75,11.654999732971191,12.734999656677246,5115360
2000-04-28,9.8308744430542,12.257499694824219,12.475000381469727,12.0024995803833,12.102499961853027,3344980
2000-05-01,9.8308744430542,12.257499694824219,12.257499694824219,12.257499694824219,12.257499694824219,0
2000-05-02,10.073487281799316,12.5600004196167,12.699999809265137,12.0,12.350000381469727,5077460
2000-05-03,9.872978210449219,12.3100004196167,12.494999885559082,11.625,12.149999618530273,4457840
2000-05-04,10.057446479797363,12.539999961853027,12.850000381469727,12.305000305175781,12.744999885559082,3444900
2000-05-05,10.42036247253418,12.992500305175781,13.5,12.362500190734863,12.425000190734863,5688380
2000-05-08,10.444425582885742,13.022500038146973,13.75,12.800000190734863,13.25,2764400
2000-05-09,10.482519149780273,13.069999694824219,13.2475004196167,12.649999618530273,12.800000190734863,2285760
2000-05-10,10.532648086547852,13.132499694824219,13.25,12.600000381469727,13.0,3749540
2000-05-11,10.658967971801758,13.289999961853027,13.545000076293945,12.702500343322754,12.755000114440918,4862760
2000-05-12,10.510592460632324,13.104999542236328,13.569999694824219,13.005000114440918,13.569999694824219,2593960
2000-05-15,10.310084342956543,12.854999542236328,13.100000381469727,12.550000190734863,12.90250015258789,3306260
2000-05-16,10.27599811553955,12.8125,13.087499618530273,12.75,12.850000381469727,2148140
2000-05-17,10.348180770874023,12.90250015258789,13.050000190734863,12.755000114440918,13.0,1602860
2000-05-18,10.26797866821289,12.802499771118164,12.949999809265137,12.75,12.755000114440918,977420
2000-05-19,10.255949020385742,12.787500381469727,13.024999618530273,12.602499961853027,12.602499961853027,4338100
2000-05-22,9.979248046875,12.442500114440918,12.895000457763672,12.162500381469727,12.800000190734863,2203000
2000-05-23,9.373714447021484,11.6875,12.350000381469727,10.952500343322754,12.350000381469727,4078200
2000-05-24,9.7085599899292,12.104999542236328,12.6225004196167,11.005000114440918,11.5,6396820
2000-05-25,9.36769962310791,11.680000305175781,12.375,11.505000114440918,12.125,3152620
2000-05-26,9.23336124420166,11.512499809265137,11.797499656677246,11.255000114440918,11.555000305175781,2774700
2000-05-29,9.008790969848633,11.232500076293945,11.574999809265137,10.600000381469727,11.40250015258789,2823020
2000-05-30,8.974705696105957,11.1899995803833,11.475000381469727,10.800000190734863,11.350000381469727,2934900
2000-05-31,9.235363960266113,11.515000343322754,11.970000267028809,11.25,11.550000190734863,3053380
2000-06-01,9.193256378173828,11.462499618530273,11.600000381469727,11.300000190734863,11.350000381469727,1871460
2000-06-02,9.804805755615234,12.225000381469727,12.350000381469727,11.600000381469727,11.600000381469727,4436940
2000-06-05,9.90706729888916,12.352499961853027,13.175000190734863,12.207500457763672,12.305000305175781,3142220
2000-06-06,9.808817863464355,12.229999542236328,12.75,11.850000381469727,12.75,1835860
2000-06-07,9.60429859161377,11.975000381469727,12.020000457763672,11.699999809265137,11.899999618530273,1600040
2000-06-08,9.638382911682129,12.017499923706055,12.244999885559082,11.850000381469727,12.0,1273240
2000-06-09,9.834883689880371,12.262499809265137,12.5,12.100000381469727,12.100000381469727,2164220
2000-06-12,9.79879093170166,12.217499732971191,12.449999809265137,12.154999732971191,12.324999809265137,1282880
2000-06-13,10.169729232788086,12.680000305175781,12.75,11.949999809265137,12.0,2280280
2000-06-14,10.037395477294922,12.515000343322754,12.949999809265137,12.449999809265137,12.949999809265137,1414600
2000-06-15,10.061452865600586,12.545000076293945,12.649999618530273,12.3774995803833,12.552499771118164,1270040
2000-06-16,10.065464973449707,12.550000190734863,12.647500038146973,12.149999618530273,12.149999618530273,1116260
2000-06-19,10.091532707214355,12.582500457763672,12.649999618530273,12.257499694824219,12.262499809265137,1483700
2000-06-20,10.209830284118652,12.729999542236328,12.9350004196167,12.324999809265137,12.744999885559082,2015080
2000-06-21,10.273991584777832,12.8100004196167,13.149999618530273,12.654999732971191,12.899999618530273,3678280
2000-06-22,10.310084342956543,12.854999542236328,13.100000381469727,12.800000190734863,12.904999732971191,1301480
2000-06-23,10.322113990783691,12.869999885559082,12.949999809265137,12.704999923706055,12.704999923706055,1515620
2000-06-26,10.231886863708496,12.757499694824219,12.8725004196167,12.707500457763672,12.717499732971191,1320820
2000-06-27,10.10155963897705,12.595000267028809,12.75,12.550000190734863,12.75,1486640
2000-06-28,10.04340934753418,12.522500038146973,13.0,12.404999732971191,13.0,1207660
2000-06-29,10.3301362991333,12.880000114440918,12.949999809265137,12.550000190734863,12.574999809265137,1548080
2000-06-30,10.119603157043457,12.617500305175781,12.78499984741211,12.600000381469727,12.75,769000
2000-07-03,10.773255348205566,13.432499885559082,13.899999618530273,12.602499961853027,12.654999732971191,4008680
2000-07-04,11.182291984558105,13.942500114440918,14.042499542236328,13.300000190734863,13.399999618530273,6268580
2000-07-05,11.148202896118164,13.899999618530273,14.239999771118164,13.5625,14.239999771118164,4385420
2000-07-06,11.065994262695312,13.797499656677246,13.994999885559082,13.635000228881836,13.899999618530273,1914660
2000-07-07,11.300591468811035,14.09000015258789,14.25,13.7524995803833,13.850000381469727,4243960
2000-07-10,11.0559720993042,13.78499984741211,14.149999618530273,13.649999618530273,14.0,2883340
2000-07-11,11.021885871887207,13.742500305175781,14.0,13.699999809265137,13.949999809265137,1836820
2000-07-12,10.743182182312012,13.395000457763672,13.9350004196167,13.050000190734863,13.75,3658300
2000-07-13,10.660969734191895,13.292499542236328,13.807499885559082,13.107500076293945,13.694999694824219,4119320
2000-07-14,10.658967971801758,13.289999961853027,13.5,13.204999923706055,13.2524995803833,1551100
2000-07-17,10.199806213378906,12.717499732971191,13.212499618530273,12.699999809265137,13.204999923706055,2251520
2000-07-18,10.035391807556152,12.512499809265137,12.770000457763672,12.5,12.712499618530273,2852240
2000-07-19,10.07548999786377,12.5625,12.647500038146973,12.399999618530273,12.399999618530273,1388080
2000-07-20,9.959196090698242,12.417499542236328,12.899999618530273,12.255000114440918,12.5,1976220
2000-07-21,9.688511848449707,12.079999923706055,12.492500305175781,12.005000114440918,12.425000190734863,2296240
2000-07-24,9.271456718444824,11.5600004196167,11.899999618530273,11.255000114440918,11.7524995803833,4279640
2000-07-25,9.73061752319336,12.132499694824219,12.4350004196167,11.130000114440918,11.300000190734863,2046620
2000-07-26,9.824857711791992,12.25,12.600000381469727,12.125,12.449999809265137,1215260
2000-07-27,9.804805755615234,12.225000381469727,12.289999961853027,12.050000190734863,12.167499542236328,618840
2000-07-28,9.427851676940918,11.755000114440918,12.279999732971191,11.699999809265137,12.102499961853027,2598880
2000-07-31,9.33962631225586,11.645000457763672,11.800000190734863,11.5,11.75,492860
2000-08-01,9.121076583862305,11.3725004196167,11.795000076293945,11.3100004196167,11.795000076293945,1462000
2000-08-02,8.9827241897583,11.199999809265137,11.494999885559082,10.899999618530273,11.425000190734863,2341600
2000-08-03,10.123613357543945,12.6225004196167,12.895000457763672,11.202500343322754,11.239999771118164,5908060
2000-08-04,10.015340805053711,12.487500190734863,12.699999809265137,12.112500190734863,12.25,5677640
2000-08-07,9.431862831115723,11.760000228881836,12.5,11.489999771118164,12.40250015258789,2988300
2000-08-08,10.147672653198242,12.65250015258789,12.895000457763672,11.550000190734863,11.604999542236328,3933440
2000-08-09,9.786762237548828,12.202500343322754,12.75,12.100000381469727,12.710000038146973,1274620
2000-08-10,9.770715713500977,12.182499885559082,12.449999809265137,12.0625,12.100000381469727,878980
2000-08-11,9.712573051452637,12.109999656677246,12.220000267028809,11.7524995803833,11.7524995803833,1013240
2000-08-14,9.764703750610352,12.175000190734863,12.225000381469727,12.0625,12.104999542236328,1103500
2000-08-15,9.764703750610352,12.175000190734863,12.175000190734863,12.175000190734863,12.175000190734863,0
2000-08-16,9.864957809448242,12.300000190734863,12.375,12.199999809265137,12.300000190734863,619500
2000-08-17,9.903054237365723,12.34749984741211,12.75,12.234999656677246,12.234999656677246,2365400
2000-08-18,9.606301307678223,11.977499961853027,12.199999809265137,11.850000381469727,12.199999809265137,4924620
2000-08-21,9.431862831115723,11.760000228881836,11.899999618530273,11.3149995803833,11.755000114440918,5602380
2000-08-22,9.243387222290039,11.524999618530273,11.65999984741211,11.449999809265137,11.65999984741211,2223540
2000-08-23,9.33561897277832,11.640000343322754,12.149999618530273,11.550000190734863,12.149999618530273,2151480
2000-08-24,9.285490989685059,11.577500343322754,11.6899995803833,11.53499984741211,11.649999618530273,781340
2000-08-25,9.576228141784668,11.9399995803833,12.335000038146973,11.505000114440918,11.505000114440918,4625440
2000-08-28,9.431862831115723,11.760000228881836,12.100000381469727,11.7475004196167,12.100000381469727,858460
2000-08-29,9.413817405700684,11.737500190734863,11.859999656677246,11.550000190734863,11.699999809265137,1872900
2000-08-30,9.459932327270508,11.795000076293945,11.989999771118164,11.75,11.850000381469727,2226340
2000-08-31,9.598284721374512,11.967499732971191,12.0,11.720000267028809,11.720000267028809,876820
2000-09-01,9.598284721374512,11.967499732971191,11.967499732971191,11.967499732971191,11.967499732971191,0
2000-09-04,9.562190055847168,11.922499656677246,12.149999618530273,11.850000381469727,12.0,963600
2000-09-05,9.59427261352539,11.962499618530273,12.25,11.850000381469727,11.854999542236328,1739380
2000-09-06,9.726608276367188,12.1274995803833,12.449999809265137,12.0,12.0,2183900
2000-09-07,9.6283597946167,12.005000114440918,12.25,11.942500114440918,11.942500114440918,1395100
2000-09-08,9.566205024719238,11.927499771118164,12.197500228881836,11.904999732971191,11.904999732971191,1329520
2000-09-11,9.6283597946167,12.005000114440918,12.100000381469727,11.949999809265137,11.949999809265137,1347320
2000-09-12,9.47397232055664,11.8125,11.987500190734863,11.774999618530273,11.954999923706055,1861700
2000-09-13,9.457927703857422,11.792499542236328,11.925000190734863,11.755000114440918,11.899999618530273,946040
2000-09-14,9.323588371276855,11.625,11.8125,11.600000381469727,11.65250015258789,1849500
2000-09-15,9.129096031188965,11.382499694824219,11.555000305175781,11.175000190734863,11.555000305175781,3678120
2000-09-18,8.39523983001709,10.467499732971191,11.25,9.850000381469727,11.25,8188720
2000-09-19,9.237371444702148,11.517499923706055,11.75,9.90250015258789,10.324999809265137,6782700
2000-09-20,9.024832725524902,11.2524995803833,11.800000190734863,11.005000114440918,11.699999809265137,2684660
2000-09-21,8.984731674194336,11.202500343322754,11.3125,11.005000114440918,11.25,1577580
2000-09-22,8.698006629943848,10.845000267028809,11.145000457763672,10.75,11.0024995803833,2826480
2000-09-25,8.974705696105957,11.1899995803833,11.212499618530273,10.77750015258789,11.0,1365780
2000-09-26,8.916558265686035,11.117500305175781,11.199999809265137,11.012499809265137,11.100000381469727,1821640
2000-09-27,9.088995933532715,11.332500457763672,11.369999885559082,10.899999618530273,11.0,1232820
2000-09-28,8.978714942932129,11.194999694824219,11.397500038146973,11.0,11.369999885559082,2462080
2000-09-29,9.393765449523926,11.712499618530273,12.024999618530273,11.135000228881836,11.399999618530273,3224960
2000-10-02,9.393765449523926,11.712499618530273,11.712499618530273,11.712499618530273,11.712499618530273,0
2000-10-03,9.59627914428711,11.96500015258789,12.0,11.5,11.699999809265137,2031680
2000-10-04,9.4679536819458,11.805000305175781,12.0,11.602499961853027,12.0,1076860
2000-10-05,9.409807205200195,11.732500076293945,11.875,11.602499961853027,11.800000190734863,1068040
2000-10-06,9.80079460144043,12.220000267028809,12.399999618530273,11.100000381469727,11.760000228881836,8331960
2000-10-09,9.750670433044434,12.157500267028809,12.300000190734863,11.899999618530273,12.007499694824219,3405360
2000-10-10,9.58625316619873,11.952500343322754,12.244999885559082,11.774999618530273,11.899999618530273,3195220
2000-10-11,9.490009307861328,11.832500457763672,11.949999809265137,11.462499618530273,11.795000076293945,3054000
2000-10-12,9.481987953186035,11.822500228881836,11.875,11.654999732971191,11.7524995803833,1070640
2000-10-13,9.481987953186035,11.822500228881836,11.887499809265137,11.555000305175781,11.649999618530273,1717300
2000-10-16,9.498029708862305,11.842499732971191,12.225000381469727,11.529999732971191,12.050000190734863,3345360
2000-10-17,9.534123420715332,11.887499809265137,12.0,11.712499618530273,11.727499961853027,2013840
2000-10-18,9.546151161193848,11.90250015258789,11.992500305175781,11.612500190734863,11.800000190734863,1748820
2000-10-19,9.700540542602539,12.095000267028809,12.199999809265137,11.899999618530273,11.949999809265137,2330000
2000-10-20,9.812826156616211,12.234999656677246,12.350000381469727,12.149999618530273,12.25,1966900
2000-10-23,9.748661994934082,12.154999732971191,12.345000267028809,12.125,12.25,981080
2000-10-24,9.754679679870605,12.162500381469727,12.199999809265137,12.024999618530273,12.050000190734863,1817240
2000-10-25,9.680490493774414,12.069999694824219,12.199999809265137,12.007499694824219,12.199999809265137,968560
2000-10-26,9.678485870361328,12.067500114440918,12.25,12.015000343322754,12.25,265520
2000-10-27,9.624348640441895,12.0,12.142499923706055,11.852499961853027,12.050000190734863,315420
2000-10-30,9.90104866027832,12.345000267028809,12.449999809265137,11.90250015258789,11.90250015258789,1451960
2000-10-31,10.047419548034668,12.52750015258789,12.744999885559082,12.149999618530273,12.5,2537880
2000-11-01,9.9110746383667,12.357500076293945,12.72249984741211,12.25,12.72249984741211,901740
2000-11-02,10.103560447692871,12.59749984741211,12.649999618530273,12.27750015258789,12.27750015258789,2180520
2000-11-03,9.949170112609863,12.404999732971191,12.649999618530273,12.350000381469727,12.649999618530273,1172820
2000-11-06,10.025362968444824,12.5,12.649999618530273,12.350000381469727,12.350000381469727,6828940
2000-11-07,9.975236892700195,12.4375,12.494999885559082,12.380000114440918,12.399999618530273,1001480
2000-11-08,9.780745506286621,12.194999694824219,12.4975004196167,12.149999618530273,12.4975004196167,622380
2000-11-09,9.82285213470459,12.2475004196167,12.289999961853027,11.994999885559082,12.100000381469727,927460
2000-11-10,9.8308744430542,12.257499694824219,12.350000381469727,12.199999809265137,12.225000381469727,1017820
2000-11-13,9.638382911682129,12.017499923706055,12.199999809265137,12.0,12.037500381469727,758700
2000-11-14,9.455924987792969,11.789999961853027,12.024999618530273,11.625,12.0,1923120
2000-11-15,9.638382911682129,12.017499923706055,12.199999809265137,11.875,11.994999885559082,3576540
2000-11-16,9.32760238647461,11.630000114440918,12.055000305175781,11.457500457763672,12.0,6772260
2000-11-17,9.213309288024902,11.487500190734863,11.600000381469727,11.180000305175781,11.524999618530273,4549040
2000-11-20,9.169197082519531,11.432499885559082,11.5,11.225000381469727,11.449999809265137,1688420
2000-11-21,9.010795593261719,11.234999656677246,11.449999809265137,11.180000305175781,11.399999618530273,3451140
2000-11-22,8.986737251281738,11.204999923706055,11.494999885559082,11.100000381469727,11.494999885559082,3089020
2000-11-23,8.695999145507812,10.842499732971191,11.225000381469727,10.702500343322754,11.15250015258789,4064840
2000-11-24,8.970696449279785,11.1850004196167,11.2524995803833,10.907500267028809,10.949999809265137,3390040
2000-11-27,9.052905082702637,11.287500381469727,11.324999809265137,11.162500381469727,11.232500076293945,3358520
2000-11-28,8.88848876953125,11.082500457763672,11.337499618530273,11.0,11.295000076293945,3691140
2000-11-29,8.904526710510254,11.102499961853027,11.970000267028809,10.957500457763672,11.970000267028809,3114600
2000-11-30,8.868436813354492,11.057499885559082,11.300000190734863,10.925000190734863,11.192500114440918,2444480
2000-12-01,8.671940803527832,10.8125,11.012499809265137,10.5,11.012499809265137,7303660
2000-12-04,8.675950050354004,10.817500114440918,10.944999694824219,10.75,10.75,2176400
2000-12-05,8.587725639343262,10.707500457763672,10.895000457763672,10.649999618530273,10.895000457763672,4543480
2000-12-06,8.820314407348633,10.9975004196167,11.494999885559082,10.899999618530273,10.899999618530273,4733020
2000-12-07,8.752143859863281,10.912500381469727,11.0,10.875,10.962499618530273,1620300
2000-12-08,8.788235664367676,10.957500457763672,11.074999809265137,10.90250015258789,10.949999809265137,3503620
2000-12-11,8.926587104797363,11.130000114440918,11.229999542236328,11.0,11.050000190734863,3172700
2000-12-12,9.167192459106445,11.430000305175781,11.59749984741211,11.25,11.25,9136860
2000-12-13,9.403792381286621,11.725000381469727,12.199999809265137,11.454999923706055,11.475000381469727,9930900
2000-12-14,9.193256378173828,11.462499618530273,11.850000381469727,11.399999618530273,11.75,3493500
2000-12-15,8.812294960021973,10.987500190734863,11.600000381469727,10.9399995803833,11.600000381469727,4491360
2000-12-18,8.706025123596191,10.854999542236328,10.994999885559082,10.65250015258789,10.65250015258789,2768860
2000-12-19,8.623819351196289,10.7524995803833,10.952500343322754,10.702500343322754,10.8725004196167,5264760
2000-12-20,8.820314407348633,10.9975004196167,11.095000267028809,10.774999618530273,10.850000381469727,3553020
2000-12-21,8.728081703186035,10.882499694824219,11.024999618530273,10.75,10.850000381469727,2755400
2000-12-22,8.671940803527832,10.8125,11.0,10.782500267028809,10.994999885559082,2122180
2000-12-25,8.671940803527832,10.8125,10.8125,10.8125,10.8125,0
2000-12-26,8.635848999023438,10.767499923706055,10.949999809265137,10.619999885559082,10.757499694824219,3800920
2000-12-27,8.752143859863281,10.912500381469727,11.0,10.774999618530273,10.774999618530273,1422820
2000-12-28,8.824326515197754,11.0024995803833,11.2475004196167,10.9350004196167,10.9350004196167,3506960
2000-12-29,8.934605598449707,11.140000343322754,11.237500190734863,11.0,11.050000190734863,3605400
2001-01-01,8.912549018859863,11.112500190734863,11.287500381469727,11.100000381469727,11.244999885559082,2007180
2001-01-02,8.9827241897583,11.199999809265137,11.25,10.949999809265137,11.142499923706055,3573620
2001-01-03,9.056917190551758,11.292499542236328,11.75,11.25,11.350000381469727,8415080
2001-01-04,9.036860466003418,11.267499923706055,11.494999885559082,11.232500076293945,11.417499542236328,4250540
2001-01-05,9.167192459106445,11.430000305175781,11.5,11.234999656677246,11.272500038146973,3236880
2001-01-08,9.229351043701172,11.507499694824219,11.600000381469727,11.350000381469727,11.350000381469727,5192260
2001-01-09,9.453916549682617,11.787500381469727,11.899999618530273,11.460000038146973,11.53499984741211,5399700
2001-01-10,9.038866996765137,11.270000457763672,11.9975004196167,11.204999923706055,11.930000305175781,6518560
2001-01-11,9.17922306060791,11.444999694824219,11.600000381469727,11.300000190734863,11.399999618530273,3798000
2001-01-12,9.51607608795166,11.864999771118164,11.949999809265137,11.5,11.574999809265137,7893520
2001-01-15,9.985262870788574,12.449999809265137,12.595000267028809,11.949999809265137,11.989999771118164,9799160
2001-01-16,10.025362968444824,12.5,12.579999923706055,12.302499771118164,12.5,5726300
2001-01-17,9.991277694702148,12.457500457763672,12.550000190734863,12.260000228881836,12.449999809265137,4166160
2001-01-18,10.021355628967285,12.494999885559082,12.524999618530273,12.300000190734863,12.4975004196167,3389020
2001-01-19,10.095541000366211,12.587499618530273,12.699999809265137,12.305000305175781,12.494999885559082,6125080
2001-01-22,9.947165489196777,12.40250015258789,12.975000381469727,12.295000076293945,12.649999618530273,5107020
2001-01-23,10.011327743530273,12.482500076293945,12.649999618530273,12.412500381469727,12.412500381469727,2148120
2001-01-24,10.001303672790527,12.470000267028809,12.550000190734863,12.324999809265137,12.449999809265137,2142100
2001-01-25,10.009324073791504,12.479999542236328,12.75,12.399999618530273,12.475000381469727,2559860
2001-01-26,10.009324073791504,12.479999542236328,12.479999542236328,12.479999542236328,12.479999542236328,0
2001-01-29,9.83689022064209,12.265000343322754,12.5,12.149999618530273,12.399999618530273,3282160
2001-01-30,10.001303672790527,12.470000267028809,12.524999618530273,12.1274995803833,12.25,2454700
2001-01-31,10.181758880615234,12.694999694824219,12.75,12.300000190734863,12.300000190734863,3481040
2001-02-01,10.073487281799316,12.5600004196167,12.7524995803833,12.425000190734863,12.699999809265137,1884860
2001-02-02,10.115592956542969,12.612500190734863,12.680000305175781,12.425000190734863,12.529999732971191,1685260
2001-02-05,10.586783409118652,13.199999809265137,13.619999885559082,12.550000190734863,12.600000381469727,10560940
2001-02-06,10.406327247619629,12.975000381469727,13.25,12.852499961853027,13.149999618530273,2046400
2001-02-07,10.077494621276855,12.5649995803833,13.175000190734863,12.5,13.0,2288320
2001-02-08,10.358206748962402,12.914999961853027,12.949999809265137,12.5,12.59000015258789,2494420
2001-02-09,10.91361141204834,13.607500076293945,13.949999809265137,12.994999885559082,12.994999885559082,15991040
2001-02-12,10.526630401611328,13.125,13.694999694824219,13.050000190734863,13.645000457763672,4402060
2001-02-13,10.39430046081543,12.960000038146973,13.274999618530273,12.875,13.149999618530273,3622020
2001-02-14,10.606834411621094,13.225000381469727,13.28499984741211,12.845000267028809,13.0,5282120
2001-02-15,10.472495079040527,13.057499885559082,13.300000190734863,13.0,13.300000190734863,1878960
2001-02-16,10.177748680114746,12.6899995803833,13.4975004196167,12.609999656677246,13.197500228881836,4477960
2001-02-19,10.298053741455078,12.84000015258789,13.1899995803833,12.675000190734863,13.050000190734863,3579220
2001-02-20,10.057446479797363,12.539999961853027,12.875,12.505000114440918,12.800000190734863,2885340
2001-02-21,10.037395477294922,12.515000343322754,12.699999809265137,11.949999809265137,12.6899995803833,4237540
2001-02-22,10.085516929626465,12.574999809265137,12.800000190734863,12.46500015258789,12.505000114440918,4735480
2001-02-23,9.921099662780762,12.369999885559082,12.649999618530273,12.199999809265137,12.647500038146973,5395320
2001-02-26,10.025362968444824,12.5,12.550000190734863,12.0024995803833,12.350000381469727,1656760
2001-02-27,10.041403770446777,12.520000457763672,12.600000381469727,12.354999542236328,12.5,3106380
2001-02-28,10.2880277633667,12.827500343322754,13.449999809265137,12.5,13.25,8807820
2001-03-01,10.624881744384766,13.2475004196167,13.734999656677246,12.954999923706055,13.100000381469727,6688000
2001-03-02,10.610846519470215,13.229999542236328,13.600000381469727,13.164999961853027,13.449999809265137,6168800
2001-03-05,10.316099166870117,12.862500190734863,13.350000381469727,12.757499694824219,13.149999618530273,4162800
2001-03-06,10.316099166870117,12.862500190734863,12.862500190734863,12.862500190734863,12.862500190734863,0
2001-03-07,10.322113990783691,12.869999885559082,13.0,12.505000114440918,12.800000190734863,2432700
2001-03-08,10.516608238220215,13.112500190734863,13.199999809265137,12.800000190734863,12.800000190734863,1809940
2001-03-09,10.131631851196289,12.632499694824219,12.899999618530273,12.5024995803833,12.899999618530273,2856760
2001-03-12,10.0333833694458,12.510000228881836,12.649999618530273,12.452500343322754,12.550000190734863,1830840
2001-03-13,8.868436813354492,11.057499885559082,12.452500343322754,10.52750015258789,12.452500343322754,5029780
2001-03-14,9.780745506286621,12.194999694824219,12.399999618530273,11.0,11.0,2948680
2001-03-15,9.718586921691895,12.117500305175781,12.492500305175781,11.7524995803833,12.492500305175781,3428160
2001-03-16,9.323588371276855,11.625,12.25,11.199999809265137,12.0024995803833,2215020
2001-03-19,9.417828559875488,11.742500305175781,11.850000381469727,11.199999809265137,11.300000190734863,914540
2001-03-20,9.201279640197754,11.47249984741211,11.75,11.362500190734863,11.704999923706055,1399640
2001-03-21,9.469959259033203,11.807499885559082,12.100000381469727,11.300000190734863,11.300000190734863,1922000
2001-03-22,9.33561897277832,11.640000343322754,11.875,11.5600004196167,11.824999809265137,472500
2001-03-23,9.205289840698242,11.477499961853027,11.75,11.25,11.625,723580
2001-03-26,9.121076583862305,11.3725004196167,11.550000190734863,11.149999618530273,11.149999618530273,343540
2001-03-27,9.111050605773926,11.359999656677246,11.4975004196167,11.302499771118164,11.399999618530273,2381400
2001-03-28,9.169197082519531,11.432499885559082,11.694999694824219,11.399999618530273,11.454999923706055,610000
2001-03-29,9.203285217285156,11.475000381469727,11.550000190734863,11.399999618530273,11.444999694824219,2361900
2001-03-30,9.15716552734375,11.417499542236328,11.550000190734863,11.302499771118164,11.449999809265137,1237980
2001-04-02,8.948643684387207,11.157500267028809,11.3100004196167,10.75,11.3100004196167,1614840
2001-04-03,9.024832725524902,11.2524995803833,11.300000190734863,10.954999923706055,11.055000305175781,1723720
2001-04-04,9.060922622680664,11.297499656677246,11.34749984741211,11.007499694824219,11.130000114440918,635980
2001-04-05,9.060922622680664,11.297499656677246,11.297499656677246,11.297499656677246,11.297499656677246,0
2001-04-06,9.139121055603027,11.395000457763672,11.524999618530273,11.25,11.25,901400
2001-04-09,9.038866996765137,11.270000457763672,11.362500190734863,11.100000381469727,11.354999542236328,1037000
2001-04-10,9.062928199768066,11.300000190734863,11.395000457763672,11.25,11.274999618530273,1732660
2001-04-11,9.245393753051758,11.52750015258789,11.625,11.25,11.279999732971191,1868340
2001-04-12,9.2794771194458,11.569999694824219,11.75,11.204999923706055,11.40250015258789,2090400
2001-04-13,9.2794771194458,11.569999694824219,11.569999694824219,11.569999694824219,11.569999694824219,0
2001-04-16,9.449909210205078,11.782500267028809,12.095000267028809,11.449999809265137,11.7475004196167,1962580
2001-04-17,9.854933738708496,12.287500381469727,12.399999618530273,11.75,11.800000190734863,2617100
2001-04-18,9.834883689880371,12.262499809265137,12.494999885559082,12.149999618530273,12.350000381469727,2258380
2001-04-19,9.60831069946289,11.979999542236328,12.5,11.800000190734863,12.300000190734863,4675760
2001-04-20,9.852965354919434,12.182499885559082,12.25,11.7524995803833,12.25,3066020
2001-04-23,9.840832710266113,12.167499542236328,12.244999885559082,12.0625,12.149999618530273,1226440
2001-04-24,9.616398811340332,11.890000343322754,12.09000015258789,11.807499885559082,12.007499694824219,2584580
2001-04-25,9.592135429382324,11.859999656677246,11.949999809265137,11.802499771118164,11.850000381469727,544900
2001-04-26,9.620441436767578,11.895000457763672,11.9975004196167,11.8125,11.920000076293945,439180
2001-04-27,9.400047302246094,11.6225004196167,11.800000190734863,11.0,11.774999618530273,1031440
2001-04-30,9.31714916229248,11.520000457763672,11.795000076293945,11.300000190734863,11.300000190734863,1325140
2001-05-01,9.31714916229248,11.520000457763672,11.520000457763672,11.520000457763672,11.520000457763672,0
2001-05-02,9.543607711791992,11.800000190734863,11.895000457763672,11.024999618530273,11.024999618530273,1119800
2001-05-03,9.436442375183105,11.667499542236328,12.0,11.510000228881836,11.949999809265137,879580
2001-05-04,9.389937400817871,11.609999656677246,11.737500190734863,11.557499885559082,11.737500190734863,996520
2001-05-07,9.602245330810547,11.8725004196167,11.899999618530273,11.602499961853027,11.697500228881836,1189340
2001-05-08,9.422289848327637,11.649999618530273,11.850000381469727,11.604999542236328,11.800000190734863,849800
2001-05-09,9.60831069946289,11.880000114440918,12.0,11.550000190734863,11.725000381469727,1463720
2001-05-10,9.559782981872559,11.819999694824219,12.234999656677246,11.772500038146973,12.0,2145420
2001-05-11,9.448575973510742,11.682499885559082,11.899999618530273,11.649999618530273,11.899999618530273,603620
2001-05-14,9.596177101135254,11.864999771118164,12.050000190734863,11.625,11.850000381469727,1570720
2001-05-15,9.735690116882324,12.037500381469727,12.145000457763672,11.300000190734863,11.604999542236328,1459080
2001-05-16,9.52945327758789,11.782500267028809,12.204999923706055,11.699999809265137,12.050000190734863,2480020
2001-05-17,9.478901863098145,11.720000267028809,12.172499656677246,11.602499961853027,11.987500190734863,2546400
2001-05-18,9.527429580688477,11.779999732971191,12.0,11.704999923706055,11.899999618530273,1689200
2001-05-21,9.592135429382324,11.859999656677246,12.194999694824219,11.65250015258789,12.0,3246280
2001-05-22,9.53551959991455,11.789999961853027,12.135000228881836,11.75,11.932499885559082,1771860
2001-05-23,9.598199844360352,11.867500305175781,11.949999809265137,11.84000015258789,11.949999809265137,1307940
2001-05-24,9.559782981872559,11.819999694824219,11.944999694824219,11.774999618530273,11.914999961853027,375880
2001-05-25,9.331300735473633,11.537500381469727,11.864999771118164,11.5,11.864999771118164,2491600
2001-05-28,9.47688102722168,11.717499732971191,11.75,11.475000381469727,11.5,1934360
2001-05-29,9.507213592529297,11.755000114440918,11.800000190734863,11.600000381469727,11.699999809265137,2833540
2001-05-30,9.307040214538574,11.507499694824219,11.772500038146973,11.404999732971191,11.75,3596640
2001-05-31,9.296929359436035,11.494999885559082,11.569999694824219,11.3774995803833,11.569999694824219,1559200
2001-06-01,9.32119369506836,11.524999618530273,11.600000381469727,11.457500457763672,11.569999694824219,809540
2001-06-04,9.393982887268066,11.614999771118164,11.657500267028809,11.46500015258789,11.574999809265137,1626440
2001-06-05,9.377806663513184,11.595000267028809,11.649999618530273,11.5,11.5,1624140
2001-06-06,9.46677303314209,11.704999923706055,11.734999656677246,11.625,11.649999618530273,923980
2001-06-07,9.302995681762695,11.5024995803833,11.649999618530273,11.375,11.649999618530273,2484020
2001-06-08,9.361629486083984,11.574999809265137,11.625,11.425000190734863,11.550000190734863,2238760
2001-06-11,9.32725715637207,11.532500267028809,11.595000267028809,11.399999618530273,11.524999618530273,752040
2001-06-12,9.212005615234375,11.390000343322754,11.550000190734863,11.0,11.550000190734863,1521240
2001-06-13,9.191787719726562,11.364999771118164,11.449999809265137,11.255000114440918,11.425000190734863,1491480
2001-06-14,8.807615280151367,10.890000343322754,11.395000457763672,10.805000305175781,11.395000457763672,2216720
2001-06-15,8.66203498840332,10.710000038146973,10.994999885559082,10.199999809265137,10.802499771118164,3674360
2001-06-18,8.02512264251709,9.922499656677246,10.75,9.854999542236328,10.75,2641200
2001-06-19,8.259666442871094,10.212499618530273,10.425000190734863,9.949999809265137,10.0,6105640
2001-06-20,8.623619079589844,10.662500381469727,10.699999809265137,10.289999961853027,10.345000267028809,2591140
2001-06-21,8.930954933166504,11.042499542236328,11.199999809265137,10.744999885559082,10.744999885559082,2578140
2001-06-22,8.850076675415039,10.942500114440918,11.324999809265137,10.875,11.005000114440918,2128500
2001-06-25,8.528586387634277,10.545000076293945,10.949999809265137,10.482500076293945,10.925000190734863,1360940
2001-06-26,8.732804298400879,10.797499656677246,10.897500038146973,10.399999618530273,10.449999809265137,1544860
2001-06-27,8.633727073669434,10.675000190734863,10.850000381469727,10.649999618530273,10.725000381469727,1091260
2001-06-28,8.704496383666992,10.762499809265137,10.8100004196167,10.649999618530273,10.710000038146973,588060
2001-06-29,8.476014137268066,10.479999542236328,10.795000076293945,10.392499923706055,10.75,1528000
2001-07-02,8.599355697631836,10.632499694824219,10.725000381469727,10.600000381469727,10.699999809265137,373120
2001-07-03,8.376940727233887,10.357500076293945,10.699999809265137,10.327500343322754,10.595000267028809,14009280
2001-07-04,8.19092082977295,10.1274995803833,10.397500038146973,9.977499961853027,10.397500038146973,1048980
2001-07-05,8.241470336914062,10.1899995803833,10.274999618530273,10.100000381469727,10.25,806980
2001-07-06,8.249557495117188,10.199999809265137,10.289999961853027,10.104999542236328,10.104999542236328,282340
2001-07-09,8.279889106750488,10.237500190734863,10.300000190734863,10.0,10.050000190734863,215820
2001-07-10,8.411314964294434,10.399999618530273,10.449999809265137,10.154999732971191,10.350000381469727,426740
2001-07-11,8.532632827758789,10.550000190734863,10.600000381469727,10.449999809265137,10.449999809265137,510800
2001-07-12,8.71258544921875,10.772500038146973,10.850000381469727,10.5024995803833,10.5625,851240
2001-07-13,8.759089469909668,10.829999923706055,11.112500190734863,10.75,10.899999618530273,1248020
2001-07-16,8.856143951416016,10.949999809265137,11.137499809265137,10.899999618530273,10.899999618530273,4856080
2001-07-17,8.941065788269043,11.055000305175781,11.125,11.0024995803833,11.015000343322754,600100
2001-07-18,9.189765930175781,11.362500190734863,11.449999809265137,11.0024995803833,11.0024995803833,1407100
2001-07-19,9.072492599487305,11.217499732971191,11.345000267028809,11.100000381469727,11.199999809265137,1160260
2001-07-20,9.098776817321777,11.25,11.350000381469727,11.232500076293945,11.300000190734863,2313240
2001-07-23,8.862210273742676,10.957500457763672,11.194999694824219,10.907500267028809,11.194999694824219,20840
2001-07-24,9.175614356994629,11.345000267028809,11.395000457763672,10.7524995803833,10.890000343322754,1453360
2001-07-25,9.373762130737305,11.59000015258789,11.645000457763672,11.2524995803833,11.287500381469727,2523140
2001-07-26,9.274688720703125,11.467499732971191,11.595000267028809,11.225000381469727,11.225000381469727,4444020
2001-07-27,9.398024559020996,11.619999885559082,11.699999809265137,11.404999732971191,11.5,3262240
2001-07-30,9.393982887268066,11.614999771118164,11.672499656677246,11.46500015258789,11.46500015258789,1079980
2001-07-31,9.470815658569336,11.710000038146973,11.789999961853027,11.5649995803833,11.647500038146973,2563380
2001-08-01,9.557762145996094,11.817500114440918,11.875,11.5024995803833,11.875,1205100
2001-08-02,9.442506790161133,11.675000190734863,12.050000190734863,11.649999618530273,12.0,686440
2001-08-03,9.361629486083984,11.574999809265137,11.875,11.452500343322754,11.744999885559082,1782100
2001-08-06,9.456661224365234,11.692500114440918,11.737500190734863,11.399999618530273,11.404999732971191,691660
2001-08-07,9.381851196289062,11.600000381469727,11.6899995803833,11.52750015258789,11.552499771118164,449880
2001-08-08,9.507213592529297,11.755000114440918,11.822500228881836,11.354999542236328,11.354999542236328,1718500
2001-08-09,9.216050148010254,11.395000457763672,11.699999809265137,11.3100004196167,11.577500343322754,699140
2001-08-10,9.300972938537598,11.5,11.694999694824219,11.462499618530273,11.5600004196167,877120
2001-08-13,9.331300735473633,11.537500381469727,11.574999809265137,11.404999732971191,11.404999732971191,490940
2001-08-14,9.371739387512207,11.587499618530273,11.645000457763672,11.550000190734863,11.552499771118164,770800
2001-08-15,9.371739387512207,11.587499618530273,11.587499618530273,11.587499618530273,11.587499618530273,0
2001-08-16,9.422289848327637,11.649999618530273,11.672499656677246,11.595000267028809,11.595000267028809,732740
2001-08-17,9.677056312561035,11.96500015258789,12.047499656677246,11.744999885559082,11.744999885559082,2033300
2001-08-20,9.511256217956543,11.760000228881836,11.850000381469727,11.600000381469727,11.774999618530273,982040
2001-08-21,9.507213592529297,11.755000114440918,11.850000381469727,11.677499771118164,11.75,340760
2001-08-22,9.507213592529297,11.755000114440918,11.755000114440918,11.755000114440918,11.755000114440918,0
2001-08-23,9.507213592529297,11.755000114440918,11.774999618530273,11.5,11.699999809265137,427740
2001-08-24,9.537541389465332,11.792499542236328,11.8100004196167,11.654999732971191,11.75,3064240
2001-08-27,9.499123573303223,11.744999885559082,11.829999923706055,11.725000381469727,11.802499771118164,542820
2001-08-28,9.503167152404785,11.75,11.800000190734863,11.699999809265137,11.800000190734863,1659900
2001-08-29,9.52136516571045,11.772500038146973,11.797499656677246,11.6875,11.71500015258789,808240
2001-08-30,9.497102737426758,11.742500305175781,11.949999809265137,11.675000190734863,11.949999809265137,942860
2001-08-31,9.565849304199219,11.827500343322754,11.949999809265137,11.672499656677246,11.800000190734863,1073560
2001-09-03,9.50114631652832,11.7475004196167,11.899999618530273,11.550000190734863,11.899999618530273,659600
2001-09-04,9.383872985839844,11.602499961853027,11.944999694824219,11.557499885559082,11.795000076293945,1083860
2001-09-05,9.503167152404785,11.75,11.797499656677246,11.574999809265137,11.75,906280
2001-09-06,9.503167152404785,11.75,11.895000457763672,11.702500343322754,11.765000343322754,1743420
2001-09-07,9.385891914367676,11.604999542236328,11.899999618530273,11.550000190734863,11.550000190734863,745900
2001-09-10,9.424309730529785,11.65250015258789,11.8125,11.550000190734863,11.8125,342000
2001-09-11,9.484969139099121,11.727499961853027,11.787500381469727,11.602499961853027,11.602499961853027,1068920
2001-09-12,8.898604393005371,11.0024995803833,11.444999694824219,10.800000190734863,11.25,1437460
2001-09-13,8.878385543823242,10.977499961853027,11.289999961853027,10.800000190734863,11.102499961853027,1248600
2001-09-14,8.24349308013916,10.192500114440918,10.944999694824219,10.067500114440918,10.824999809265137,3186360
2001-09-17,7.796641826629639,9.640000343322754,10.25,9.204999923706055,10.25,3537620
2001-09-18,8.334481239318848,10.305000305175781,10.600000381469727,9.255000114440918,9.800000190734863,2921340
2001-09-19,8.631706237792969,10.672499656677246,10.8149995803833,9.912500381469727,10.3149995803833,3089160
2001-09-20,8.759089469909668,10.829999923706055,10.9350004196167,10.300000190734863,10.647500038146973,2047200
2001-09-21,8.605419158935547,10.640000343322754,10.699999809265137,10.199999809265137,10.412500381469727,1971620
2001-09-24,8.184856414794922,10.119999885559082,10.625,10.0,10.507499694824219,3667720
2001-09-25,8.425467491149902,10.417499542236328,10.949999809265137,10.25,10.300000190734863,1221580
2001-09-26,8.684279441833496,10.737500190734863,10.797499656677246,10.100000381469727,10.4350004196167,2511240
2001-09-27,8.680232048034668,10.732500076293945,10.875,10.3125,10.75,1609580
2001-09-28,8.779308319091797,10.854999542236328,10.949999809265137,10.625,10.625,878320
2001-10-01,8.48208236694336,10.487500190734863,10.885000228881836,10.425000190734863,10.824999809265137,2249960
2001-10-02,8.48208236694336,10.487500190734863,10.487500190734863,10.487500190734863,10.487500190734863,0
2001-10-03,8.526567459106445,10.542499542236328,10.800000190734863,10.454999923706055,10.5024995803833,1922620
2001-10-04,8.577112197875977,10.604999542236328,10.675000190734863,10.517499923706055,10.5625,2068620
2001-10-05,8.660014152526855,10.707500457763672,10.779999732971191,10.550000190734863,10.604999542236328,539080
2001-10-08,8.674166679382324,10.725000381469727,10.762499809265137,9.75,10.5,757420
2001-10-09,8.651928901672363,10.697500228881836,10.774999618530273,10.675000190734863,10.725000381469727,502920
2001-10-10,8.732804298400879,10.797499656677246,10.837499618530273,10.637499809265137,10.699999809265137,386440
2001-10-11,8.916800498962402,11.024999618530273,11.100000381469727,10.850000381469727,10.850000381469727,1329840
2001-10-12,9.432402610778809,11.662500381469727,11.75,11.25,11.25,3566680
2001-10-15,9.216050148010254,11.395000457763672,11.649999618530273,11.274999618530273,11.649999618530273,670000
2001-10-16,9.185721397399902,11.357500076293945,11.479999542236328,11.260000228881836,11.447500228881836,308380
2001-10-17,9.10888671875,11.262499809265137,11.460000038146973,11.162500381469727,11.302499771118164,1353220
2001-10-18,9.06844711303711,11.212499618530273,11.397500038146973,11.100000381469727,11.107500076293945,1088420
2001-10-19,9.06844711303711,11.212499618530273,11.25,11.117500305175781,11.154999732971191,1163900
2001-10-22,9.02598762512207,11.15999984741211,11.899999618530273,11.057499885559082,11.5,2737060
2001-10-23,9.090689659118652,11.239999771118164,11.600000381469727,10.917499542236328,11.25,2728620
2001-10-24,9.10888671875,11.262499809265137,11.364999771118164,11.227499961853027,11.260000228881836,1413860
2001-10-25,8.967351913452148,11.087499618530273,11.289999961853027,11.0024995803833,11.25,2305260
2001-10-26,8.967351913452148,11.087499618530273,11.087499618530273,11.087499618530273,11.087499618530273,0
2001-10-29,8.856143951416016,10.949999809265137,11.199999809265137,10.822500228881836,11.175000190734863,2554100
2001-10-30,8.815704345703125,10.899999618530273,10.947500228881836,10.805000305175781,10.805000305175781,1399180
2001-10-31,8.803572654724121,10.885000228881836,10.9375,10.800000190734863,10.800000190734863,1432860
2001-11-01,8.809637069702148,10.892499923706055,10.925000190734863,10.8149995803833,10.899999618530273,1946000
2001-11-02,8.983527183532715,11.107500076293945,11.170000076293945,10.925000190734863,11.0,1705360
2001-11-05,8.94713306427002,11.0625,11.100000381469727,11.0,11.0,1610020
2001-11-06,8.805594444274902,10.887499809265137,11.095000267028809,10.845000267028809,11.074999809265137,2626040
2001-11-07,8.874341011047363,10.97249984741211,11.569999694824219,10.862500190734863,11.569999694824219,1108720
2001-11-08,8.827837944030762,10.914999961853027,10.949999809265137,10.760000228881836,10.9375,1033600
2001-11-09,8.868273735046387,10.96500015258789,11.015000343322754,10.90250015258789,10.949999809265137,4583480
2001-11-12,8.882429122924805,10.982500076293945,11.0,10.897500038146973,10.925000190734863,1194860
2001-11-13,8.874341011047363,10.97249984741211,11.0,10.899999618530273,10.949999809265137,1726860
2001-11-14,8.961285591125488,11.079999923706055,11.225000381469727,11.005000114440918,11.045000076293945,327400
2001-11-15,8.924891471862793,11.03499984741211,11.199999809265137,10.949999809265137,11.199999809265137,2440280
2001-11-16,8.924891471862793,11.03499984741211,11.03499984741211,11.03499984741211,11.03499984741211,0
2001-11-19,8.981504440307617,11.104999542236328,11.25,11.0,11.25,4656060
2001-11-20,9.090689659118652,11.239999771118164,11.274999618530273,11.102499961853027,11.234999656677246,2147340
2001-11-21,9.084623336791992,11.232500076293945,11.350000381469727,11.199999809265137,11.199999809265137,2918400
2001-11-22,9.017898559570312,11.149999618530273,11.300000190734863,11.125,11.300000190734863,1762360
2001-11-23,9.104844093322754,11.257499694824219,11.28499984741211,11.140000343322754,11.199999809265137,1394020
2001-11-26,9.179656028747559,11.350000381469727,11.494999885559082,11.220000267028809,11.350000381469727,1291200
2001-11-27,9.222116470336914,11.40250015258789,11.487500190734863,11.149999618530273,11.302499771118164,4360600
2001-11-28,9.080580711364746,11.227499961853027,11.649999618530273,11.055000305175781,11.600000381469727,3639280
2001-11-29,8.983527183532715,11.107500076293945,11.4375,10.8125,11.4375,5564400
2001-11-30,8.983527183532715,11.107500076293945,11.107500076293945,11.107500076293945,11.107500076293945,0
2001-12-03,9.078559875488281,11.225000381469727,11.300000190734863,10.899999618530273,11.050000190734863,3650900
2001-12-04,9.03609561920166,11.172499656677246,11.25,11.052499771118164,11.100000381469727,909580
2001-12-05,9.009812355041504,11.140000343322754,11.350000381469727,11.0649995803833,11.350000381469727,1199980
2001-12-06,9.177634239196777,11.34749984741211,11.4350004196167,11.162500381469727,11.25,1613280
2001-12-07,9.468793869018555,11.707500457763672,11.800000190734863,11.327500343322754,11.399999618530273,3648480
2001-12-10,9.387917518615723,11.607500076293945,11.729999542236328,11.399999618530273,11.5,1756720
2001-12-11,9.090689659118652,11.239999771118164,11.5,11.055000305175781,11.5,3828080
2001-12-12,9.086645126342773,11.234999656677246,11.3774995803833,11.149999618530273,11.260000228881836,920900
2001-12-13,9.331300735473633,11.537500381469727,11.744999885559082,10.949999809265137,11.225000381469727,1730740
2001-12-14,9.090689659118652,11.239999771118164,11.399999618530273,11.125,11.399999618530273,943560
2001-12-17,9.090689659118652,11.239999771118164,11.239999771118164,11.239999771118164,11.239999771118164,0
2001-12-18,8.94713306427002,11.0625,11.225000381469727,11.0,11.199999809265137,2075980
2001-12-19,8.890520095825195,10.992500305175781,11.149999618530273,10.925000190734863,11.005000114440918,1836160
2001-12-20,8.995658874511719,11.1225004196167,11.242500305175781,10.824999809265137,10.975000381469727,1882220
2001-12-21,9.048226356506348,11.1875,11.345000267028809,11.0,11.0,1798880
2001-12-24,8.888495445251465,10.989999771118164,11.039999961853027,10.699999809265137,10.899999618530273,630940
2001-12-25,8.888495445251465,10.989999771118164,10.989999771118164,10.989999771118164,10.989999771118164,0
2001-12-26,8.918824195861816,11.02750015258789,11.149999618530273,10.954999923706055,10.954999923706055,1043060
2001-12-27,8.94713306427002,11.0625,11.149999618530273,10.949999809265137,10.984999656677246,896160
2001-12-28,8.93298053741455,11.045000076293945,11.087499618530273,10.904999732971191,11.045000076293945,1159420
2001-12-31,9.123041152954102,11.279999732971191,11.399999618530273,10.97249984741211,10.977499961853027,758960
2002-01-01,9.100798606872559,11.2524995803833,11.5,11.137499809265137,11.399999618530273,1172820
2002-01-02,9.098776817321777,11.25,11.287500381469727,11.149999618530273,11.199999809265137,1242180
2002-01-03,9.149328231811523,11.3125,11.397500038146973,11.109999656677246,11.25,991640
2002-01-04,9.056317329406738,11.197500228881836,11.399999618530273,11.175000190734863,11.25,426620
2002-01-07,9.056317329406738,11.197500228881836,11.317500114440918,11.077500343322754,11.199999809265137,1625460
2002-01-08,9.007789611816406,11.137499809265137,11.25,11.0024995803833,11.25,1178020
2002-01-09,9.072492599487305,11.217499732971191,11.25,11.074999809265137,11.074999809265137,867500
2002-01-10,9.121020317077637,11.27750015258789,11.324999809265137,11.100000381469727,11.25,1413380
2002-01-11,9.153372764587402,11.317500114440918,11.574999809265137,11.199999809265137,11.295000076293945,1643740
2002-01-14,9.450597763061523,11.6850004196167,11.850000381469727,11.324999809265137,11.324999809265137,2371160
2002-01-15,9.699295043945312,11.992500305175781,12.699999809265137,11.600000381469727,11.699999809265137,4415660
2002-01-16,9.33736515045166,11.545000076293945,12.449999809265137,11.449999809265137,12.399999618530273,1265000
2002-01-17,9.424309730529785,11.65250015258789,11.75,11.350000381469727,11.482500076293945,1276720
2002-01-18,9.596177101135254,11.864999771118164,11.944999694824219,11.675000190734863,11.675000190734863,1319680
2002-01-21,9.66290283203125,11.947500228881836,12.149999618530273,11.712499618530273,11.899999618530273,1092600
2002-01-22,9.733670234680176,12.03499984741211,12.100000381469727,11.850000381469727,11.947500228881836,1071080
2002-01-23,9.8064603805542,12.125,12.149999618530273,12.005000114440918,12.050000190734863,1063940
2002-01-24,9.50114631652832,11.7475004196167,12.1875,11.654999732971191,12.125,603300
2002-01-25,9.266599655151367,11.457500457763672,11.75,11.404999732971191,11.75,508720
2002-01-28,9.292885780334473,11.489999771118164,11.59749984741211,11.305000305175781,11.305000305175781,214960
2002-01-29,9.163479804992676,11.329999923706055,11.547499656677246,11.279999732971191,11.524999618530273,520920
2002-01-30,9.090689659118652,11.239999771118164,11.399999618530273,11.199999809265137,11.399999618530273,1131420
2002-01-31,9.086645126342773,11.234999656677246,11.350000381469727,11.005000114440918,11.210000038146973,931900
2002-02-01,9.090689659118652,11.239999771118164,11.300000190734863,11.182499885559082,11.300000190734863,273360
2002-02-04,9.104844093322754,11.257499694824219,11.395000457763672,11.199999809265137,11.300000190734863,804640
2002-02-05,9.005769729614258,11.135000228881836,11.34749984741211,11.0,11.199999809265137,4393500
2002-02-06,9.106863975524902,11.260000228881836,11.447500228881836,11.107500076293945,11.1274995803833,3419500
2002-02-07,9.165504455566406,11.332500457763672,11.600000381469727,11.220000267028809,11.255000114440918,1334580
2002-02-08,9.100798606872559,11.2524995803833,11.399999618530273,11.0,11.387499809265137,3249760
2002-02-11,9.2504243850708,11.4375,11.5,11.302499771118164,11.34749984741211,601460
2002-02-12,9.33736515045166,11.545000076293945,11.699999809265137,11.479999542236328,11.53499984741211,832740
2002-02-13,9.296929359436035,11.494999885559082,11.600000381469727,11.352499961853027,11.574999809265137,625480
2002-02-14,9.234247207641602,11.417499542236328,11.600000381469727,11.352499961853027,11.425000190734863,1080220
2002-02-15,9.44453239440918,11.677499771118164,11.850000381469727,11.449999809265137,11.5,3955800
2002-02-18,10.047072410583496,12.422499656677246,12.744999885559082,11.949999809265137,12.234999656677246,5976920
2002-02-19,9.511256217956543,11.760000228881836,12.489999771118164,11.75,12.425000190734863,1965560
2002-02-20,9.555736541748047,11.8149995803833,12.25,11.675000190734863,11.75,903980
2002-02-21,9.569890022277832,11.832500457763672,12.125,11.75,12.042499542236328,678580
2002-02-22,9.984392166137695,12.345000267028809,12.420000076293945,11.899999618530273,11.90250015258789,2392840
2002-02-25,9.80848217010498,12.1274995803833,12.75,12.0024995803833,12.75,1782640
2002-02-26,9.551694869995117,11.8100004196167,12.289999961853027,11.704999923706055,12.0600004196167,2153560
2002-02-27,9.580004692077637,11.845000267028809,12.047499656677246,11.654999732971191,11.800000190734863,1795920
2002-02-28,9.446556091308594,11.680000305175781,12.244999885559082,11.449999809265137,11.954999923706055,3415200
2002-03-01,9.563826560974121,11.824999809265137,11.949999809265137,11.550000190734863,11.600000381469727,1170380
2002-03-04,9.551694869995117,11.8100004196167,12.037500381469727,11.550000190734863,12.037500381469727,1161500
2002-03-05,9.58607006072998,11.852499961853027,11.994999885559082,11.704999923706055,11.704999923706055,3134060
2002-03-06,9.509234428405762,11.757499694824219,12.050000190734863,11.702500343322754,11.800000190734863,884800
2002-03-07,9.569890022277832,11.832500457763672,12.0,11.765000343322754,11.78499984741211,1319160
2002-03-08,9.480928421020508,11.72249984741211,11.925000190734863,11.5649995803833,11.867500305175781,2048540
2002-03-11,9.412179946899414,11.637499809265137,11.845000267028809,11.579999923706055,11.654999732971191,522280
2002-03-12,9.331300735473633,11.537500381469727,11.649999618530273,11.454999923706055,11.454999923706055,1536600
2002-03-13,9.493057250976562,11.737500190734863,11.75,11.460000038146973,11.462499618530273,1733100
2002-03-14,9.497102737426758,11.742500305175781,11.797499656677246,11.612500190734863,11.795000076293945,813900
2002-03-15,9.50114631652832,11.7475004196167,11.800000190734863,11.677499771118164,11.7475004196167,670860
2002-03-18,9.677056312561035,11.96500015258789,12.0,11.604999542236328,11.899999618530273,853880
2002-03-19,9.519344329833984,11.770000457763672,11.949999809265137,11.704999923706055,11.899999618530273,719420
2002-03-20,9.505188941955566,11.7524995803833,11.850000381469727,11.604999542236328,11.604999542236328,663080
2002-03-21,9.454641342163086,11.6899995803833,11.84000015258789,11.6274995803833,11.720000267028809,441440
2002-03-22,9.454641342163086,11.6899995803833,11.850000381469727,11.6225004196167,11.800000190734863,911140
2002-03-25,9.454641342163086,11.6899995803833,11.6899995803833,11.6899995803833,11.6899995803833,0
2002-03-26,9.3151273727417,11.517499923706055,11.692500114440918,11.470000267028809,11.630000114440918,680500
2002-03-27,9.644704818725586,11.925000190734863,12.069999694824219,11.427499771118164,11.427499771118164,856540
2002-03-28,9.567870140075684,11.829999923706055,11.949999809265137,11.774999618530273,11.854999542236328,1250060
2002-03-29,9.567870140075684,11.829999923706055,11.829999923706055,11.829999923706055,11.829999923706055,0
2002-04-01,9.448575973510742,11.682499885559082,12.074999809265137,11.512499809265137,12.074999809265137,1670180
2002-04-02,9.497102737426758,11.742500305175781,11.824999809265137,11.662500381469727,11.789999961853027,2246140
2002-04-03,9.238290786743164,11.422499656677246,11.694999694824219,11.220000267028809,11.65250015258789,2567140
2002-04-04,9.102819442749023,11.255000114440918,11.600000381469727,11.232500076293945,11.425000190734863,1318240
2002-04-05,9.092713356018066,11.242500305175781,11.9375,11.207500457763672,11.9375,1000840
2002-04-08,9.102819442749023,11.255000114440918,11.425000190734863,11.225000381469727,11.425000190734863,476560
2002-04-09,9.141237258911133,11.302499771118164,11.399999618530273,11.262499809265137,11.324999809265137,440460
2002-04-10,9.177634239196777,11.34749984741211,11.5,11.237500190734863,11.4375,322880
2002-04-11,9.056317329406738,11.197500228881836,11.324999809265137,11.140000343322754,11.3100004196167,4025880
2002-04-12,9.02598762512207,11.15999984741211,11.199999809265137,11.119999885559082,11.199999809265137,705700
2002-04-15,8.95723819732666,11.074999809265137,11.449999809265137,11.029999732971191,11.350000381469727,5630340
2002-04-16,9.056317329406738,11.197500228881836,11.5,11.005000114440918,11.25,1550400
2002-04-17,9.100798606872559,11.2524995803833,11.397500038146973,11.164999961853027,11.397500038146973,603000
2002-04-18,9.189765930175781,11.362500190734863,11.449999809265137,11.1850004196167,11.25,2039020
2002-04-19,9.157414436340332,11.322500228881836,11.600000381469727,11.210000038146973,11.489999771118164,1602080
2002-04-22,8.967351913452148,11.087499618530273,11.420000076293945,10.987500190734863,11.149999618530273,2846120
2002-04-23,9.088667869567871,11.237500190734863,11.449999809265137,11.175000190734863,11.199999809265137,1158980
2002-04-24,9.09675407409668,11.2475004196167,11.34000015258789,11.199999809265137,11.34000015258789,522200
2002-04-25,8.989593505859375,11.114999771118164,11.229999542236328,11.012499809265137,11.154999732971191,2529980
2002-04-26,9.06844711303711,11.212499618530273,11.25,11.107500076293945,11.197500228881836,1529600
2002-04-29,8.888495445251465,10.989999771118164,11.132499694824219,10.930000305175781,11.0600004196167,3295780
2002-04-30,8.880407333374023,10.979999542236328,11.050000190734863,10.925000190734863,11.050000190734863,1526820
2002-05-01,8.880407333374023,10.979999542236328,10.979999542236328,10.979999542236328,10.979999542236328,0
2002-05-02,8.827837944030762,10.914999961853027,11.050000190734863,10.829999923706055,11.022500038146973,2308220
2002-05-03,8.755045890808105,10.824999809265137,11.0,10.779999732971191,10.949999809265137,2618960
2002-05-06,8.803572654724121,10.885000228881836,10.907500267028809,10.824999809265137,10.850000381469727,1365900
2002-05-07,9.014252662658691,11.017499923706055,11.067500114440918,10.827500343322754,11.037500381469727,1314420
2002-05-08,9.046977043151855,11.057499885559082,11.104999542236328,10.949999809265137,11.100000381469727,1931320
2002-05-09,9.07766056060791,11.095000267028809,11.135000228881836,11.024999618530273,11.100000381469727,2277400
2002-05-10,9.075615882873535,11.092499732971191,11.147500038146973,11.0,11.012499809265137,1477560
2002-05-13,8.975390434265137,10.970000267028809,11.100000381469727,10.755000114440918,10.755000114440918,420860
2002-05-14,9.012208938598633,11.015000343322754,11.09749984741211,10.9399995803833,10.949999809265137,443740
2002-05-15,9.075615882873535,11.092499732971191,11.149999618530273,11.050000190734863,11.100000381469727,2110900
2002-05-16,8.858799934387207,10.827500343322754,11.125,10.5649995803833,10.5649995803833,3186000
2002-05-17,8.961071014404297,10.952500343322754,11.055000305175781,10.802499771118164,11.055000305175781,1839920
2002-05-20,8.873116493225098,10.845000267028809,10.925000190734863,10.02750015258789,10.02750015258789,543260
2002-05-21,9.14720630645752,11.180000305175781,11.5600004196167,10.600000381469727,10.600000381469727,1515420
2002-05-22,8.932437896728516,10.917499542236328,11.0,10.807499885559082,10.949999809265137,1433860
2002-05-23,8.762663841247559,10.710000038146973,10.944999694824219,10.657500267028809,10.75,951900
2002-05-24,8.91811752319336,10.899999618530273,10.975000381469727,10.729999542236328,10.800000190734863,1074580
2002-05-27,8.991753578186035,10.989999771118164,11.5,10.729999542236328,11.5,412560
2002-05-28,9.087890625,11.107500076293945,11.194999694824219,10.949999809265137,10.989999771118164,702640
2002-05-29,9.057208061218262,11.069999694824219,11.175000190734863,10.975000381469727,11.02750015258789,1811700
2002-05-30,9.102205276489258,11.125,11.25,10.9375,10.949999809265137,2789460
2002-05-31,9.384476661682129,11.470000267028809,11.612500190734863,11.074999809265137,11.149999618530273,3532340
2002-06-03,9.345612525939941,11.422499656677246,11.75,11.300000190734863,11.550000190734863,1048500
2002-06-04,9.198343276977539,11.242500305175781,11.572500228881836,11.0600004196167,11.300000190734863,762120
2002-06-05,9.13902473449707,11.170000076293945,11.2524995803833,10.907500267028809,11.2524995803833,2532200
2002-06-06,9.08993148803711,11.109999656677246,11.25,10.899999618530273,11.005000114440918,2702400
2002-06-07,8.883345603942871,10.857500076293945,11.149999618530273,10.8100004196167,11.149999618530273,2170700
2002-06-10,8.995843887329102,10.994999885559082,11.074999809265137,10.9350004196167,11.074999809265137,1282580
2002-06-11,9.026525497436523,11.032500267028809,11.300000190734863,10.932499885559082,11.25,736180
2002-06-12,8.995843887329102,10.994999885559082,11.140000343322754,10.932499885559082,11.140000343322754,1275600
2002-06-13,8.995843887329102,10.994999885559082,11.045000076293945,10.927499771118164,10.957500457763672,1633460
2002-06-14,8.993802070617676,10.992500305175781,11.037500381469727,10.949999809265137,11.0,790120
2002-06-17,8.959025382995605,10.949999809265137,11.0,10.930000305175781,11.0,2879060
2002-06-18,8.940616607666016,10.927499771118164,11.050000190734863,10.90250015258789,11.020000457763672,773200
2002-06-19,8.946752548217773,10.9350004196167,10.9975004196167,10.899999618530273,10.899999618530273,665040
2002-06-20,8.934479713439941,10.920000076293945,11.087499618530273,10.817500114440918,10.949999809265137,927260
2002-06-21,8.979482650756836,10.975000381469727,11.085000038146973,10.850000381469727,10.927499771118164,444220
2002-06-24,8.77902603149414,10.729999542236328,10.899999618530273,10.680000305175781,10.899999618530273,2399900
2002-06-25,8.72584342956543,10.664999961853027,10.8725004196167,10.649999618530273,10.75,1391300
2002-06-26,8.768799781799316,10.717499732971191,10.75,10.675000190734863,10.75,273840
2002-06-27,8.44970989227295,10.327500343322754,10.75,10.289999961853027,10.702500343322754,2332000
2002-06-28,8.24516773223877,10.077500343322754,10.515000343322754,9.987500190734863,10.4975004196167,4055440
2002-07-01,8.664482116699219,10.59000015258789,10.670000076293945,10.0,10.0,3474940
2002-07-02,8.57652759552002,10.482500076293945,10.649999618530273,10.407500267028809,10.649999618530273,1822800
2002-07-03,8.584709167480469,10.492500305175781,10.5,10.399999618530273,10.5,764520
2002-07-04,8.891525268554688,10.867500305175781,10.922499656677246,10.417499542236328,10.515000343322754,2308800
2002-07-05,8.729937553405762,10.670000076293945,10.922499656677246,10.550000190734863,10.922499656677246,932760
2002-07-08,8.578571319580078,10.484999656677246,10.800000190734863,10.4399995803833,10.587499618530273,1326800
2002-07-09,8.578571319580078,10.484999656677246,10.675000190734863,10.399999618530273,10.614999771118164,1737160
2002-07-10,8.603119850158691,10.515000343322754,10.550000190734863,10.432499885559082,10.5,2564440
2002-07-11,8.596985816955566,10.507499694824219,10.550000190734863,10.425000190734863,10.550000190734863,982960
2002-07-12,8.588799476623535,10.4975004196167,10.550000190734863,10.452500343322754,10.550000190734863,369680
2002-07-15,8.592891693115234,10.5024995803833,10.547499656677246,10.460000038146973,10.475000381469727,677560
2002-07-16,8.619484901428223,10.53499984741211,10.600000381469727,10.327500343322754,10.510000228881836,1294360
2002-07-17,8.586755752563477,10.494999885559082,10.522500038146973,10.385000228881836,10.512499809265137,1509580
2002-07-18,8.619484901428223,10.53499984741211,10.680000305175781,10.460000038146973,10.632499694824219,733040
2002-07-19,8.760619163513184,10.707500457763672,10.7475004196167,10.449999809265137,10.462499618530273,1923400
2002-07-22,8.789257049560547,10.742500305175781,10.949999809265137,10.5625,10.949999809265137,4347660
2002-07-23,8.78720760345459,10.739999771118164,10.954999923706055,10.654999732971191,10.850000381469727,2244820
2002-07-24,8.633800506591797,10.552499771118164,10.772500038146973,10.449999809265137,10.772500038146973,809420
2002-07-25,8.703344345092773,10.637499809265137,10.649999618530273,10.515000343322754,10.649999618530273,687220
2002-07-26,8.631756782531738,10.550000190734863,10.697500228881836,10.46500015258789,10.595000267028809,1474280
2002-07-29,8.684937477111816,10.614999771118164,10.725000381469727,10.475000381469727,10.475000381469727,895580
2002-07-30,8.596985816955566,10.507499694824219,10.625,10.482500076293945,10.607500076293945,908780
2002-07-31,8.703344345092773,10.637499809265137,10.699999809265137,10.46500015258789,10.5,1134100
2002-08-01,8.62562084197998,10.542499542236328,10.699999809265137,10.375,10.697500228881836,1002460
2002-08-02,8.59084415435791,10.5,10.522500038146973,10.417499542236328,10.5,378480
2002-08-05,8.59084415435791,10.5,10.645000457763672,10.479999542236328,10.645000457763672,440740
2002-08-06,8.627663612365723,10.545000076293945,10.587499618530273,10.462499618530273,10.505000114440918,519100
2002-08-07,8.60107421875,10.512499809265137,10.550000190734863,10.494999885559082,10.505000114440918,655880
2002-08-08,8.566302299499512,10.470000267028809,10.53499984741211,10.425000190734863,10.457500457763672,756240
2002-08-09,8.59084415435791,10.5,10.510000228881836,10.404999732971191,10.404999732971191,1541020
2002-08-12,8.582664489746094,10.489999771118164,10.524999618530273,10.4375,10.4399995803833,1008440
2002-08-13,8.652209281921387,10.574999809265137,10.75,10.452500343322754,10.5,640580
2002-08-14,8.521302223205566,10.414999961853027,10.637499809265137,10.367500305175781,10.505000114440918,469740
2002-08-15,8.521302223205566,10.414999961853027,10.414999961853027,10.414999961853027,10.414999961853027,0
2002-08-16,8.603119850158691,10.515000343322754,10.59000015258789,10.412500381469727,10.460000038146973,1365440
2002-08-19,8.631756782531738,10.550000190734863,10.59749984741211,10.475000381469727,10.524999618530273,986600
2002-08-20,8.654254913330078,10.577500343322754,10.600000381469727,10.487500190734863,10.600000381469727,771440
2002-08-21,8.566302299499512,10.470000267028809,10.524999618530273,10.404999732971191,10.5,2685200
2002-08-22,8.547893524169922,10.447500228881836,10.550000190734863,10.350000381469727,10.5,888860
2002-08-23,8.570391654968262,10.475000381469727,10.510000228881836,10.362500190734863,10.362500190734863,1141160
2002-08-26,8.607211112976074,10.520000457763672,10.5649995803833,10.399999618530273,10.5649995803833,634600
2002-08-27,8.584709167480469,10.492500305175781,10.524999618530273,10.449999809265137,10.524999618530273,339540
2002-08-28,8.584709167480469,10.492500305175781,10.569999694824219,10.4399995803833,10.449999809265137,383240
2002-08-29,8.61539363861084,10.529999732971191,10.5625,10.417499542236328,10.462499618530273,456320
2002-08-30,8.572437286376953,10.477499961853027,10.574999809265137,10.452500343322754,10.487500190734863,3397800
2002-09-02,8.586755752563477,10.494999885559082,10.550000190734863,10.482500076293945,10.545000076293945,360900
2002-09-03,8.59084415435791,10.5,10.550000190734863,10.449999809265137,10.539999961853027,391240
2002-09-04,8.707436561584473,10.642499923706055,10.670000076293945,10.449999809265137,10.507499694824219,660680
2002-09-05,8.668574333190918,10.595000267028809,10.697500228881836,10.512499809265137,10.600000381469727,715420
2002-09-06,8.617439270019531,10.532500267028809,10.609999656677246,10.515000343322754,10.600000381469727,448780
2002-09-09,8.592891693115234,10.5024995803833,10.550000190734863,10.4399995803833,10.5,385540
2002-09-10,8.592891693115234,10.5024995803833,10.5024995803833,10.5024995803833,10.5024995803833,0
2002-09-11,8.697210311889648,10.630000114440918,10.645000457763672,10.475000381469727,10.5,654400
2002-09-12,8.729937553405762,10.670000076293945,10.729999542236328,10.524999618530273,10.600000381469727,582160
2002-09-13,8.785165786743164,10.737500190734863,10.760000228881836,10.537500381469727,10.537500381469727,809700
2002-09-16,8.832209587097168,10.795000076293945,10.850000381469727,10.640000343322754,10.640000343322754,582480
2002-09-17,9.108344078063965,11.132499694824219,11.1875,10.710000038146973,10.710000038146973,1302240
2002-09-18,9.198343276977539,11.242500305175781,11.300000190734863,11.0,11.052499771118164,2207640
2002-09-19,9.004026412963867,11.005000114440918,11.234999656677246,11.0,11.234999656677246,739900
2002-09-20,9.004026412963867,11.005000114440918,11.09749984741211,10.899999618530273,11.0,343960
2002-09-23,8.995843887329102,10.994999885559082,11.050000190734863,10.954999923706055,11.0,1924880
2002-09-24,8.86698055267334,10.837499618530273,10.932499885559082,10.717499732971191,10.932499885559082,969340
2002-09-25,8.586755752563477,10.494999885559082,10.84749984741211,10.484999656677246,10.84749984741211,1122520
2002-09-26,8.570391654968262,10.475000381469727,10.632499694824219,10.417499542236328,10.5,308360
2002-09-27,9.032660484313965,11.039999961853027,11.25,10.449999809265137,10.449999809265137,2963820
2002-09-30,8.942662239074707,10.930000305175781,11.050000190734863,10.555000305175781,10.850000381469727,1305560
2002-10-01,8.658348083496094,10.582500457763672,10.850000381469727,10.552499771118164,10.805000305175781,916060
2002-10-02,8.658348083496094,10.582500457763672,10.582500457763672,10.582500457763672,10.582500457763672,0
2002-10-03,8.580618858337402,10.487500190734863,10.649999618530273,10.399999618530273,10.649999618530273,2904300
2002-10-04,8.594937324523926,10.505000114440918,10.574999809265137,10.375,10.477499961853027,1492760
2002-10-07,8.55402946472168,10.454999923706055,10.547499656677246,10.399999618530273,10.475000381469727,1640080
2002-10-08,8.55402946472168,10.454999923706055,10.537500381469727,10.40250015258789,10.407500267028809,1448260
2002-10-09,8.519257545471191,10.412500381469727,10.494999885559082,10.3774995803833,10.449999809265137,2446400
2002-10-10,8.441530227661133,10.317500114440918,10.425000190734863,10.25,10.425000190734863,1662500
2002-10-11,8.455848693847656,10.335000038146973,10.425000190734863,10.319999694824219,10.399999618530273,845400
2002-10-14,8.50698471069336,10.397500038146973,10.46500015258789,10.350000381469727,10.350000381469727,1276820
2002-10-15,8.50698471069336,10.397500038146973,10.397500038146973,10.397500038146973,10.397500038146973,0
2002-10-16,8.357665061950684,10.21500015258789,10.447500228881836,10.175000190734863,10.447500228881836,1653160
2002-10-17,8.167440414428711,9.982500076293945,10.350000381469727,9.949999809265137,10.25,3876920
2002-10-18,8.022214889526367,9.805000305175781,10.137499809265137,9.699999809265137,10.137499809265137,3465860
2002-10-21,8.075397491455078,9.869999885559082,10.0,9.800000190734863,10.0,3028740
2002-10-22,8.036531448364258,9.822500228881836,10.050000190734863,9.774999618530273,10.050000190734863,1712000
2002-10-23,7.985397815704346,9.760000228881836,9.949999809265137,9.725000381469727,9.9399995803833,1093480
2002-10-24,7.936305522918701,9.699999809265137,9.819999694824219,9.664999961853027,9.737500190734863,4671040
2002-10-25,7.870850563049316,9.619999885559082,9.800000190734863,9.550000190734863,9.649999618530273,2154560
2002-10-28,7.924032688140869,9.6850004196167,9.800000190734863,9.640000343322754,9.640000343322754,2761800
2002-10-29,7.9710798263549805,9.742500305175781,9.850000381469727,9.649999618530273,9.649999618530273,1118880
2002-10-30,7.733808517456055,9.452500343322754,9.792499542236328,9.300000190734863,9.65250015258789,2806140
2002-10-31,7.768579483032227,9.494999885559082,9.614999771118164,9.427499771118164,9.477499961853027,1919800
2002-11-01,7.76653528213501,9.492500305175781,9.710000038146973,9.399999618530273,9.449999809265137,3923740
2002-11-04,7.862669467926025,9.609999656677246,9.694999694824219,9.550000190734863,9.600000381469727,278200
2002-11-05,7.9669880867004395,9.737500190734863,9.75,9.5625,9.647500038146973,406400
2002-11-06,7.9669880867004395,9.737500190734863,9.737500190734863,9.737500190734863,9.737500190734863,0
2002-11-07,7.973123550415039,9.744999885559082,9.800000190734863,9.645000457763672,9.7524995803833,710840
2002-11-08,7.9813055992126465,9.755000114440918,9.805000305175781,9.710000038146973,9.774999618530273,981500
2002-11-11,8.014033317565918,9.795000076293945,9.8100004196167,9.739999771118164,9.739999771118164,578400
2002-11-12,8.106077194213867,9.907500267028809,9.949999809265137,9.755000114440918,9.869999885559082,392860
2002-11-13,7.926080703735352,9.6875,9.920000076293945,9.5,9.5,2444760
2002-11-14,7.885171413421631,9.637499809265137,9.7475004196167,9.454999923706055,9.65250015258789,2650600
2002-11-15,7.885171413421631,9.637499809265137,9.65250015258789,9.574999809265137,9.630000114440918,3740460
2002-11-18,7.926080703735352,9.6875,9.739999771118164,9.612500190734863,9.614999771118164,1384980
2002-11-19,7.926080703735352,9.6875,9.6875,9.6875,9.6875,0
2002-11-20,7.956761837005615,9.725000381469727,9.75,9.600000381469727,9.699999809265137,1002000
2002-11-21,7.91585111618042,9.675000190734863,9.704999923706055,9.625,9.704999923706055,1559760
2002-11-22,7.997669219970703,9.774999618530273,9.819999694824219,9.65250015258789,9.75,2031720
2002-11-25,7.995624542236328,9.772500038146973,10.0024995803833,9.727499961853027,9.797499656677246,9773080
2002-11-26,8.00789737701416,9.787500381469727,9.869999885559082,9.75,9.869999885559082,1368120
2002-11-27,8.00789737701416,9.787500381469727,9.875,9.699999809265137,9.800000190734863,2561620
2002-11-28,7.99357795715332,9.770000457763672,9.824999809265137,9.737500190734863,9.824999809265137,2292460
2002-11-29,7.97926139831543,9.7524995803833,9.824999809265137,9.742500305175781,9.800000190734863,2461260
2002-12-02,7.973123550415039,9.744999885559082,9.795000076293945,9.704999923706055,9.795000076293945,1472660
2002-12-03,7.9813055992126465,9.755000114440918,9.774999618530273,9.699999809265137,9.760000228881836,2160520
2002-12-04,8.009941101074219,9.789999961853027,9.949999809265137,9.670000076293945,9.670000076293945,3021760
2002-12-05,8.093805313110352,9.892499923706055,9.944999694824219,9.729999542236328,9.84000015258789,947180
2002-12-06,8.112215995788574,9.914999961853027,10.039999961853027,9.774999618530273,10.0,1169420
2002-12-09,8.0303955078125,9.8149995803833,10.0,9.512499809265137,9.512499809265137,2020980
2002-12-10,7.772669315338135,9.5,9.762499809265137,9.399999618530273,9.755000114440918,2827780
2002-12-11,7.690852165222168,9.399999618530273,9.592499732971191,9.364999771118164,9.512499809265137,1693040
2002-12-12,7.938352108001709,9.702500343322754,9.875,9.460000038146973,9.5,6232560
2002-12-13,8.298349380493164,10.142499923706055,10.239999771118164,9.850000381469727,9.850000381469727,10052460
2002-12-16,8.570391654968262,10.475000381469727,10.77750015258789,10.25,10.25,6908740
2002-12-17,8.797438621520996,10.7524995803833,10.795000076293945,10.2524995803833,10.550000190734863,4459120
2002-12-18,8.911979675292969,10.892499923706055,10.994999885559082,10.617500305175781,10.800000190734863,5349660
2002-12-19,8.920162200927734,10.90250015258789,10.944999694824219,10.640000343322754,10.75,3947540
2002-12-20,9.018343925476074,11.022500038146973,11.100000381469727,10.862500190734863,10.9375,3039760
2002-12-23,8.989707946777344,10.987500190734863,11.149999618530273,10.899999618530273,11.037500381469727,1749260
2002-12-24,8.936524391174316,10.922499656677246,11.037500381469727,10.899999618530273,10.96500015258789,1669100
2002-12-25,8.936524391174316,10.922499656677246,10.922499656677246,10.922499656677246,10.922499656677246,0
2002-12-26,8.91811752319336,10.899999618530273,10.987500190734863,10.899999618530273,10.975000381469727,679920
2002-12-27,8.940616607666016,10.927499771118164,10.975000381469727,10.864999771118164,10.864999771118164,4155340
2002-12-30,8.762663841247559,10.710000038146973,10.897500038146973,10.654999732971191,10.864999771118164,676540
2002-12-31,8.838345527648926,10.802499771118164,10.994999885559082,10.550000190734863,10.654999732971191,2600700
2003-01-01,8.81993579864502,10.779999732971191,10.994999885559082,10.75,10.994999885559082,375040
2003-01-02,8.932437896728516,10.917499542236328,10.949999809265137,10.744999885559082,10.850000381469727,630780
2003-01-03,8.813800811767578,10.772500038146973,10.925000190734863,10.75,10.77750015258789,684220
2003-01-06,8.789257049560547,10.742500305175781,10.800000190734863,10.704999923706055,10.770000457763672,1818180
2003-01-07,8.903797149658203,10.882499694824219,10.899999618530273,10.727499961853027,10.75,1778020
2003-01-08,8.79334545135498,10.7475004196167,10.850000381469727,10.725000381469727,10.817500114440918,2430880
2003-01-09,8.75243854522705,10.697500228881836,10.765000343322754,10.574999809265137,10.699999809265137,3047720
2003-01-10,8.791301727294922,10.744999885559082,10.869999885559082,10.494999885559082,10.602499961853027,2843860
2003-01-13,8.885390281677246,10.859999656677246,10.970000267028809,10.77750015258789,10.787500381469727,1192260
2003-01-14,8.920162200927734,10.90250015258789,10.925000190734863,10.807499885559082,10.922499656677246,1159940
2003-01-15,8.895618438720703,10.8725004196167,11.172499656677246,10.802499771118164,10.970000267028809,2711680
2003-01-16,8.963115692138672,10.954999923706055,10.994999885559082,10.880000114440918,10.994999885559082,1312660
2003-01-17,9.151297569274902,11.1850004196167,11.800000190734863,10.975000381469727,11.0,3602720
2003-01-20,9.159480094909668,11.194999694824219,11.274999618530273,11.100000381469727,11.199999809265137,1939740
2003-01-21,9.255616188049316,11.3125,11.399999618530273,11.145000457763672,11.225000381469727,2055380
2003-01-22,9.824247360229492,12.007499694824219,12.095000267028809,11.350000381469727,11.350000381469727,7874740
2003-01-23,9.666746139526367,11.8149995803833,12.172499656677246,11.734999656677246,12.100000381469727,2941380
2003-01-24,9.715839385986328,11.875,11.994999885559082,11.704999923706055,11.850000381469727,3036020
2003-01-27,9.738337516784668,11.90250015258789,11.975000381469727,11.75,11.899999618530273,3261600
2003-01-28,9.49288558959961,11.602499961853027,11.994999885559082,11.050000190734863,11.899999618530273,3831140
2003-01-29,9.384476661682129,11.470000267028809,11.994999885559082,11.350000381469727,11.994999885559082,638580
2003-01-30,9.284250259399414,11.34749984741211,11.587499618530273,11.199999809265137,11.404999732971191,1218720
2003-01-31,9.699474334716797,11.854999542236328,11.949999809265137,11.324999809265137,11.449999809265137,4006240
2003-02-03,9.746521949768066,11.912500381469727,12.149999618530273,11.100000381469727,11.100000381469727,2934160
2003-02-04,9.822200775146484,12.005000114440918,12.22249984741211,11.925000190734863,11.9975004196167,4516020
2003-02-05,9.822200775146484,12.005000114440918,12.0625,11.942500114440918,12.0600004196167,1288180
2003-02-06,9.916293144226074,12.119999885559082,12.157500267028809,12.0,12.0,1585200
2003-02-07,10.096290588378906,12.34000015258789,12.517499923706055,12.074999809265137,12.149999618530273,5913580
2003-02-10,10.077881813049316,12.317500114440918,12.350000381469727,12.125,12.295000076293945,1564820
2003-02-11,10.047199249267578,12.279999732971191,12.449999809265137,12.237500190734863,12.237500190734863,2992760
2003-02-12,10.174017906188965,12.4350004196167,12.5,12.055000305175781,12.357500076293945,5571260
2003-02-13,10.174017906188965,12.4350004196167,12.4350004196167,12.4350004196167,12.4350004196167,0
2003-02-14,10.155610084533691,12.412500381469727,12.619999885559082,12.324999809265137,12.475000381469727,3871740
2003-02-17,10.155610084533691,12.412500381469727,12.475000381469727,12.3149995803833,12.352499961853027,862300
2003-02-18,10.069700241088867,12.307499885559082,12.5,12.25,12.375,1225860
2003-02-19,10.298787117004395,12.587499618530273,12.649999618530273,12.350000381469727,12.505000114440918,6824380
2003-02-20,10.241515159606934,12.517499923706055,12.800000190734863,12.457500457763672,12.75,2349100
2003-02-21,10.235380172729492,12.510000228881836,12.600000381469727,12.255000114440918,12.59749984741211,2024240
2003-02-24,10.12901782989502,12.380000114440918,12.5,12.300000190734863,12.352499961853027,856520
2003-02-25,10.043109893798828,12.274999618530273,12.375,12.2524995803833,12.359999656677246,444720
2003-02-26,10.169925689697266,12.430000305175781,12.5,12.25,12.324999809265137,1612920
2003-02-27,10.159698486328125,12.417499542236328,12.5,12.307499885559082,12.425000190734863,1383560
2003-02-28,10.221061706542969,12.492500305175781,12.6850004196167,12.212499618530273,12.414999961853027,4255720
2003-03-03,9.934700965881348,12.142499923706055,12.612500190734863,12.02750015258789,12.5024995803833,723300
2003-03-04,9.936745643615723,12.145000457763672,12.300000190734863,12.0,12.102499961853027,1123280
2003-03-05,9.865153312683105,12.057499885559082,12.25,12.017499923706055,12.137499809265137,1420140
2003-03-06,9.854928970336914,12.045000076293945,12.149999618530273,12.005000114440918,12.149999618530273,1268480
2003-03-07,9.73629379272461,11.899999618530273,12.005000114440918,11.850000381469727,12.005000114440918,3125820
2003-03-10,9.826292991638184,12.010000228881836,12.300000190734863,11.90999984741211,11.90999984741211,1014340
2003-03-11,9.752657890319824,11.920000076293945,12.295000076293945,11.742500305175781,11.864999771118164,679080
2003-03-12,9.742429733276367,11.907500267028809,11.949999809265137,11.850000381469727,11.90999984741211,629780
2003-03-13,9.787428855895996,11.962499618530273,12.074999809265137,11.949999809265137,12.0,2849940
2003-03-14,9.787428855895996,11.962499618530273,11.962499618530273,11.962499618530273,11.962499618530273,0
2003-03-17,9.795610427856445,11.97249984741211,12.010000228881836,11.912500381469727,11.930000305175781,4938500
2003-03-18,9.795610427856445,11.97249984741211,11.97249984741211,11.97249984741211,11.97249984741211,0
2003-03-19,9.850837707519531,12.039999961853027,12.149999618530273,11.824999809265137,11.949999809265137,3064400
2003-03-20,10.020609855651855,12.2475004196167,12.300000190734863,11.890000343322754,12.147500038146973,1617840
2003-03-21,9.92038345336914,12.125,12.475000381469727,11.899999618530273,12.100000381469727,1373280
2003-03-24,9.650383949279785,11.795000076293945,12.4399995803833,11.699999809265137,12.4399995803833,1950760
2003-03-25,9.527657508850098,11.645000457763672,11.84000015258789,11.5,11.699999809265137,563400
2003-03-26,9.728114128112793,11.890000343322754,11.949999809265137,10.25,11.699999809265137,919260
2003-03-27,9.298569679260254,11.364999771118164,11.899999618530273,10.819999694824219,11.8774995803833,1610080
2003-03-28,9.664704322814941,11.8125,11.84000015258789,11.350000381469727,11.444999694824219,1088660
2003-03-31,9.5951566696167,11.727499961853027,11.967499732971191,11.604999542236328,11.699999809265137,1960300
2003-04-01,9.584931373596191,11.71500015258789,11.787500381469727,11.550000190734863,11.65250015258789,862160
2003-04-02,9.537885665893555,11.657500267028809,11.850000381469727,11.550000190734863,11.774999618530273,2324220
2003-04-03,9.676976203918457,11.827500343322754,11.869999885559082,11.647500038146973,11.649999618530273,643660
2003-04-04,9.791519165039062,11.967499732971191,12.100000381469727,11.6875,11.75,1300180
2003-04-07,10.063563346862793,12.300000190734863,12.487500190734863,12.050000190734863,12.050000190734863,2123840
2003-04-08,9.803791999816895,11.982500076293945,12.395000457763672,11.899999618530273,12.395000457763672,2402460
2003-04-09,9.59720516204834,11.729999542236328,12.0,11.617500305175781,12.0,1230780
2003-04-10,9.638110160827637,11.779999732971191,12.5,11.550000190734863,11.550000190734863,3146240
2003-04-11,9.803791999816895,11.982500076293945,12.244999885559082,11.75,12.050000190734863,2145240
2003-04-14,9.803791999816895,11.982500076293945,11.982500076293945,11.982500076293945,11.982500076293945,0
2003-04-15,9.861063957214355,12.052499771118164,12.25,11.904999732971191,12.25,2716280
2003-04-16,9.967427253723145,12.182499885559082,12.324999809265137,12.1274995803833,12.212499618530273,8569120
2003-04-17,10.108561515808105,12.354999542236328,12.444999694824219,12.149999618530273,12.199999809265137,7398480
2003-04-18,10.108561515808105,12.354999542236328,12.354999542236328,12.354999542236328,12.354999542236328,0
2003-04-21,10.026745796203613,12.255000114440918,12.350000381469727,12.199999809265137,12.300000190734863,1416860
2003-04-22,9.981744766235352,12.199999809265137,12.25,12.112500190734863,12.137499809265137,2390020
2003-04-23,9.699474334716797,11.854999542236328,12.212499618530273,11.800000190734863,12.212499618530273,3071300
2003-04-24,9.807884216308594,11.987500190734863,12.149999618530273,11.800000190734863,11.875,3080040
2003-04-25,10.002199172973633,12.225000381469727,12.274999618530273,11.8774995803833,11.899999618530273,2065040
2003-04-28,9.979700088500977,12.197500228881836,12.300000190734863,12.104999542236328,12.300000190734863,815920
2003-04-29,10.024699211120605,12.2524995803833,12.4399995803833,12.157500267028809,12.2475004196167,2766640
2003-04-30,10.229707717895508,12.350000381469727,12.4399995803833,12.09000015258789,12.15250015258789,4772080
2003-05-01,10.229707717895508,12.350000381469727,12.350000381469727,12.350000381469727,12.350000381469727,0
2003-05-02,10.461637496948242,12.630000114440918,12.797499656677246,12.300000190734863,12.397500038146973,6733800
2003-05-05,10.362237930297852,12.510000228881836,12.850000381469727,12.404999732971191,12.75,3475140
2003-05-06,10.250414848327637,12.375,12.4975004196167,12.25,12.25,2043160
2003-05-07,10.180009841918945,12.289999961853027,12.425000190734863,12.162500381469727,12.399999618530273,2880300
2003-05-08,10.082679748535156,12.172499656677246,12.292499542236328,12.082500457763672,12.292499542236328,1554060
2003-05-09,10.177939414978027,12.287500381469727,12.399999618530273,12.100000381469727,12.399999618530273,815300
2003-05-12,10.07853889465332,12.167499542236328,12.399999618530273,12.109999656677246,12.25,1945180
2003-05-13,10.13652229309082,12.237500190734863,12.34000015258789,12.162500381469727,12.34000015258789,789760
2003-05-14,10.109601020812988,12.204999923706055,12.260000228881836,12.0,12.0,490220
2003-05-15,10.312539100646973,12.449999809265137,12.5,12.130000114440918,12.199999809265137,1023700
2003-05-16,10.401585578918457,12.557499885559082,12.604999542236328,12.449999809265137,12.449999809265137,1633700
2003-05-19,10.291831970214844,12.425000190734863,12.699999809265137,12.270000457763672,12.6875,3349440
2003-05-20,10.165514945983887,12.272500038146973,12.395000457763672,12.2524995803833,12.34000015258789,1422680
2003-05-21,10.219354629516602,12.337499618530273,12.6225004196167,11.952500343322754,12.395000457763672,2329540
2003-05-22,9.985356330871582,12.055000305175781,12.649999618530273,12.010000228881836,12.475000381469727,1078400
2003-05-23,10.064044952392578,12.149999618530273,12.390000343322754,12.074999809265137,12.390000343322754,864480
2003-05-26,10.362237930297852,12.510000228881836,12.625,12.177499771118164,12.300000190734863,2790580
2003-05-27,10.161370277404785,12.267499923706055,12.59749984741211,12.199999809265137,12.550000190734863,1014160
2003-05-28,10.061972618103027,12.147500038146973,12.375,12.102499961853027,12.375,1021000
2003-05-29,10.227636337280273,12.34749984741211,12.5,12.0649995803833,12.0649995803833,3488000
2003-05-30,10.151018142700195,12.255000114440918,12.4975004196167,12.202500343322754,12.305000305175781,2210480
2003-06-02,10.084752082824707,12.175000190734863,12.395000457763672,12.0600004196167,12.15250015258789,1847340
2003-06-03,10.32703685760498,12.467499732971191,12.550000190734863,12.039999961853027,12.050000190734863,10897680
2003-06-04,10.432646751403809,12.595000267028809,12.795000076293945,12.5,12.604999542236328,3068720
2003-06-05,10.440927505493164,12.604999542236328,12.837499618530273,12.550000190734863,12.699999809265137,3900600
2003-06-06,10.743263244628906,12.970000267028809,13.225000381469727,12.600000381469727,12.640000343322754,11095020
2003-06-09,10.838519096374512,13.085000038146973,13.359999656677246,12.967499732971191,13.029999732971191,4015380
2003-06-10,10.463708877563477,12.632499694824219,13.0,12.557499885559082,12.899999618530273,1548420
2003-06-11,10.689422607421875,12.904999732971191,13.067500114440918,12.505000114440918,12.800000190734863,6687320
2003-06-12,10.422294616699219,12.582500457763672,12.925000190734863,12.515000343322754,12.800000190734863,1486460
2003-06-13,10.426431655883789,12.587499618530273,12.850000381469727,12.5,12.550000190734863,2412180
2003-06-16,10.471992492675781,12.642499923706055,12.725000381469727,12.5649995803833,12.600000381469727,2603000
2003-06-17,10.476133346557617,12.647500038146973,12.869999885559082,12.59749984741211,12.75,3685860
2003-06-18,10.422294616699219,12.582500457763672,12.732500076293945,12.404999732971191,12.699999809265137,2335380
2003-06-19,10.322893142700195,12.462499618530273,12.704999923706055,12.449999809265137,12.694999694824219,3182020
2003-06-20,10.279407501220703,12.40999984741211,12.694999694824219,12.199999809265137,12.550000190734863,2784080
2003-06-23,10.068183898925781,12.154999732971191,12.489999771118164,12.107500076293945,12.449999809265137,1215420
2003-06-24,9.989495277404785,12.0600004196167,12.25,11.994999885559082,12.204999923706055,3155380
2003-06-25,10.02055835723877,12.09749984741211,12.199999809265137,12.0,12.052499771118164,3158940
2003-06-26,10.138593673706055,12.239999771118164,12.350000381469727,11.949999809265137,12.102499961853027,6222500
2003-06-27,10.283547401428223,12.414999961853027,12.547499656677246,12.199999809265137,12.199999809265137,4141080
2003-06-30,10.68735122680664,12.90250015258789,13.050000190734863,12.5,12.5,4914680
2003-07-01,10.817813873291016,13.0600004196167,13.399999618530273,12.800000190734863,13.2475004196167,4262440
2003-07-02,10.908927917480469,13.170000076293945,13.369999885559082,13.005000114440918,13.295000076293945,5375440
2003-07-03,12.004375457763672,14.492500305175781,15.104999542236328,13.350000381469727,13.350000381469727,30977260
2003-07-04,11.461830139160156,13.837499618530273,14.350000381469727,13.630000114440918,14.25,5421560
2003-07-07,11.503246307373047,13.887499809265137,14.322500228881836,13.512499809265137,13.512499809265137,4458760
2003-07-08,11.778658866882324,14.220000267028809,15.175000190734863,14.149999618530273,14.5,9648160
2003-07-09,11.70825481414795,14.135000228881836,14.300000190734863,14.029999732971191,14.212499618530273,2151100
2003-07-10,11.770376205444336,14.210000038146973,14.28499984741211,14.100000381469727,14.149999618530273,5030440
2003-07-11,12.002306938171387,14.489999771118164,14.550000190734863,14.225000381469727,14.225000381469727,11854500
2003-07-14,11.805581092834473,14.2524995803833,14.797499656677246,14.017499923706055,14.699999809265137,7279860
2003-07-15,11.468043327331543,13.845000267028809,14.932499885559082,13.699999809265137,14.699999809265137,3878680
2003-07-16,11.728960990905762,14.15999984741211,14.25,13.802499771118164,13.954999923706055,7543100
2003-07-17,11.29616641998291,13.637499809265137,14.125,13.512499809265137,14.125,2395600
2003-07-18,11.45561695098877,13.829999923706055,13.899999618530273,13.2524995803833,13.550000190734863,2155920
2003-07-21,11.470113754272461,13.84749984741211,14.0,13.657500267028809,13.899999618530273,2483920
2003-07-22,11.171917915344238,13.487500190734863,14.0,13.412500381469727,13.760000228881836,1669900
2003-07-23,10.598308563232422,12.795000076293945,13.850000381469727,12.6274995803833,13.850000381469727,8528800
2003-07-24,10.705991744995117,12.925000190734863,13.037500381469727,12.824999809265137,12.944999694824219,6100240
2003-07-25,10.968981742858887,13.242500305175781,13.4375,12.947500228881836,13.0,5049440
2003-07-28,11.029030799865723,13.3149995803833,13.5,13.149999618530273,13.475000381469727,1817300
2003-07-29,10.997969627380371,13.27750015258789,13.484999656677246,13.0024995803833,13.395000457763672,2238940
2003-07-30,11.234041213989258,13.5625,13.6875,13.300000190734863,13.350000381469727,3577140
2003-07-31,10.989688873291016,13.267499923706055,13.604999542236328,13.149999618530273,13.600000381469727,4542740
2003-08-01,11.033175468444824,13.319999694824219,13.414999961853027,13.157500267028809,13.324999809265137,1022600
2003-08-04,11.142929077148438,13.452500343322754,13.547499656677246,13.305000305175781,13.305000305175781,2019940
2003-08-05,11.581937789916992,13.982500076293945,14.100000381469727,13.399999618530273,13.569999694824219,8831400
2003-08-06,11.45561695098877,13.829999923706055,13.9975004196167,13.612500190734863,13.975000381469727,3158420
2003-08-07,11.267173767089844,13.602499961853027,13.800000190734863,13.532500267028809,13.789999961853027,1463400
2003-08-08,11.399702072143555,13.762499809265137,13.989999771118164,13.350000381469727,13.600000381469727,4090500
2003-08-11,11.381067276000977,13.739999771118164,13.850000381469727,13.604999542236328,13.604999542236328,1894840
2003-08-12,11.321014404296875,13.667499542236328,13.899999618530273,13.600000381469727,13.899999618530273,1725000
2003-08-13,11.285810470581055,13.625,13.75,11.7524995803833,13.602499961853027,5275260
2003-08-14,11.070449829101562,13.364999771118164,13.789999961853027,13.25,13.732500076293945,3873460
2003-08-15,11.070449829101562,13.364999771118164,13.364999771118164,13.364999771118164,13.364999771118164,0
2003-08-18,11.509456634521484,13.895000457763672,14.0,13.3125,13.375,5061040
2003-08-19,11.650272369384766,14.0649995803833,14.100000381469727,13.899999618530273,13.962499618530273,4534160
2003-08-20,11.789013862609863,14.232500076293945,14.449999809265137,14.050000190734863,14.100000381469727,5558940
2003-08-21,11.921545028686523,14.392499923706055,14.5,14.050000190734863,14.199999809265137,3558280
2003-08-22,11.969171524047852,14.449999809265137,14.579999923706055,14.255000114440918,14.305000305175781,3050020
2003-08-25,11.637845993041992,14.050000190734863,14.4350004196167,13.199999809265137,14.4350004196167,5238100
2003-08-26,11.561225891113281,13.957500457763672,14.149999618530273,13.912500381469727,14.149999618530273,2328040
2003-08-27,11.731032371520996,14.162500381469727,14.449999809265137,14.0,14.149999618530273,4719360
2003-08-28,11.631632804870605,14.042499542236328,14.300000190734863,13.899999618530273,14.300000190734863,7593580
2003-08-29,11.418341636657715,13.78499984741211,14.02750015258789,13.602499961853027,13.699999809265137,7430140
2003-09-01,11.532234191894531,13.922499656677246,14.0,13.75,13.75,2629720
2003-09-02,11.677189826965332,14.09749984741211,14.449999809265137,13.75,13.75,2397540
2003-09-03,11.610926628112793,14.017499923706055,14.550000190734863,14.0,14.0,9734260
2003-09-04,11.610926628112793,14.017499923706055,14.170000076293945,13.5,14.024999618530273,7346340
2003-09-05,11.584006309509277,13.984999656677246,14.199999809265137,13.912500381469727,14.0,6838580
2003-09-08,11.528095245361328,13.917499542236328,14.145000457763672,13.800000190734863,13.824999809265137,2566100
2003-09-09,11.600571632385254,14.005000114440918,14.095000267028809,13.75,13.850000381469727,4093840
2003-09-10,11.476325988769531,13.854999542236328,14.045000076293945,13.649999618530273,13.649999618530273,3772280
2003-09-11,11.534307479858398,13.925000190734863,14.050000190734863,13.827500343322754,13.904999732971191,3583320
2003-09-12,11.569509506225586,13.967499732971191,14.037500381469727,13.817500114440918,13.949999809265137,4789960
2003-09-15,11.416272163391113,13.782500267028809,14.0,13.699999809265137,13.9399995803833,3019460
2003-09-16,11.490821838378906,13.8725004196167,13.994999885559082,13.600000381469727,13.600000381469727,5632140
2003-09-17,11.32515811920166,13.672499656677246,13.994999885559082,13.555000305175781,13.994999885559082,4590520
2003-09-18,10.977264404296875,13.2524995803833,13.600000381469727,13.157500267028809,13.600000381469727,3809040
2003-09-19,11.254746437072754,13.587499618530273,13.600000381469727,13.199999809265137,13.27750015258789,3384860
2003-09-22,10.960700035095215,13.232500076293945,13.75,13.199999809265137,13.75,3993340
2003-09-23,11.051811218261719,13.342499732971191,13.5,13.204999923706055,13.25,3835740
2003-09-24,11.354148864746094,13.707500457763672,13.787500381469727,13.302499771118164,13.5,5147900
2003-09-25,11.093228340148926,13.392499923706055,13.75,13.307499885559082,13.600000381469727,3958120
2003-09-26,11.24232292175293,13.572500228881836,13.600000381469727,13.262499809265137,13.40250015258789,2960480
2003-09-29,11.171917915344238,13.487500190734863,13.925000190734863,13.399999618530273,13.744999885559082,14601180
2003-09-30,11.389351844787598,13.75,13.829999923706055,13.5,13.5,12788700
2003-10-01,11.731032371520996,14.162500381469727,14.300000190734863,13.774999618530273,13.850000381469727,7873740
2003-10-02,11.731032371520996,14.162500381469727,14.162500381469727,14.162500381469727,14.162500381469727,0
2003-10-03,12.194889068603516,14.72249984741211,14.774999618530273,14.350000381469727,14.524999618530273,13278020
2003-10-06,12.996285438537598,15.6899995803833,16.0,14.800000190734863,14.875,11205820
2003-10-07,12.816128730773926,15.47249984741211,16.2549991607666,15.350000381469727,16.0,27094920
2003-10-08,12.849257469177246,15.512499809265137,15.75,15.359999656677246,15.649999618530273,10443740
2003-10-09,13.01699161529541,15.71500015258789,15.8125,15.552499771118164,15.720000267028809,5270600
2003-10-10,12.648392677307129,15.270000457763672,16.25,15.104999542236328,16.25,15090120
2003-10-13,12.782992362976074,15.432499885559082,15.717499732971191,15.345000267028809,15.420000076293945,10034760
2003-10-14,12.8285493850708,15.487500190734863,16.4950008392334,15.397500038146973,16.4950008392334,11243460
2003-10-15,12.876179695129395,15.545000076293945,15.649999618530273,15.199999809265137,15.600000381469727,5667140
2003-10-16,12.994214057922363,15.6875,15.75,15.5,15.574999809265137,5319140
2003-10-17,13.10810661315918,15.824999809265137,16.25,15.675000190734863,15.675000190734863,14812900
2003-10-20,13.041842460632324,15.744999885559082,16.09749984741211,15.630000114440918,15.850000381469727,8957200
2003-10-21,12.884462356567383,15.555000305175781,15.774999618530273,15.404999732971191,15.600000381469727,5621400
2003-10-22,12.462018966674805,15.045000076293945,15.645000457763672,14.949999809265137,15.449999809265137,3988080
2003-10-23,12.414392471313477,14.987500190734863,15.199999809265137,14.867500305175781,15.145000457763672,4572080
2003-10-24,12.751933097839355,15.395000457763672,15.470000267028809,14.800000190734863,15.050000190734863,2800860
2003-10-27,12.46616268157959,15.050000190734863,15.720000267028809,15.0,15.322500228881836,5335340
2003-10-28,12.917596817016602,15.595000267028809,15.720000267028809,15.0600004196167,15.154999732971191,8690900
2003-10-29,13.1163911819458,15.835000038146973,15.895000457763672,15.647500038146973,15.670000076293945,7458720
2003-10-30,13.153664588928223,15.880000114440918,16.0,15.625,15.625,7013240
2003-10-31,13.089472770690918,15.802499771118164,16.049999237060547,15.512499809265137,16.049999237060547,6379040
2003-11-03,13.232356071472168,15.975000381469727,16.149999618530273,15.850000381469727,16.024999618530273,6993200
2003-11-04,12.83269214630127,15.492500305175781,16.100000381469727,15.359999656677246,16.100000381469727,6414400
2003-11-05,12.814056396484375,15.470000267028809,15.642499923706055,15.399999618530273,15.630000114440918,3601440
2003-11-06,12.749860763549805,15.392499923706055,15.5,15.154999732971191,15.350000381469727,5243160
2003-11-07,12.642180442810059,15.262499809265137,15.5,15.125,15.484999656677246,9052180
2003-11-10,12.79334545135498,15.444999694824219,15.732500076293945,15.202500343322754,15.732500076293945,2850660
2003-11-11,12.696019172668457,15.327500343322754,15.654999732971191,15.227499961853027,15.550000190734863,4271360
2003-11-12,12.381260871887207,14.947500228881836,15.399999618530273,14.875,15.399999618530273,7096680
2003-11-13,12.399897575378418,14.970000267028809,15.225000381469727,14.899999618530273,15.175000190734863,2631620
2003-11-14,12.319137573242188,14.8725004196167,15.149999618530273,13.274999618530273,13.274999618530273,2738800
2003-11-17,12.594550132751465,15.204999923706055,15.25,14.880000114440918,14.949999809265137,2653200
2003-11-18,12.542780876159668,15.142499923706055,15.390000343322754,15.052499771118164,15.390000343322754,5788920
2003-11-19,12.412321090698242,14.984999656677246,15.100000381469727,14.699999809265137,14.952500343322754,10485400
2003-11-20,12.356409072875977,14.917499542236328,15.087499618530273,14.725000381469727,14.949999809265137,3080120
2003-11-21,12.546924591064453,15.147500038146973,15.25,14.725000381469727,14.725000381469727,4014340
2003-11-24,12.542780876159668,15.142499923706055,15.449999809265137,15.074999809265137,15.449999809265137,8704520
2003-11-25,12.532426834106445,15.130000114440918,15.297499656677246,15.057499885559082,15.0600004196167,7615700
2003-11-26,12.532426834106445,15.130000114440918,15.130000114440918,15.130000114440918,15.130000114440918,0
2003-11-27,12.493083000183105,15.082500457763672,15.475000381469727,15.0,15.324999809265137,8099040
2003-11-28,12.532426834106445,15.130000114440918,15.397500038146973,15.0,15.199999809265137,9611280
2003-12-01,12.890673637390137,15.5625,15.720000267028809,15.199999809265137,15.350000381469727,20883580
2003-12-02,13.172303199768066,15.90250015258789,15.994999885559082,15.600000381469727,15.75,13234240
2003-12-03,13.621665000915527,16.44499969482422,16.549999237060547,15.994999885559082,15.994999885559082,18420280
2003-12-04,13.851521492004395,16.72249984741211,16.795000076293945,16.350000381469727,16.485000610351562,16802460
2003-12-05,13.596816062927246,16.415000915527344,16.799999237060547,16.25,16.799999237060547,8233340
2003-12-08,13.532618522644043,16.337499618530273,16.645000457763672,16.02750015258789,16.375,4320740
2003-12-09,13.770759582519531,16.625,16.842500686645508,16.52750015258789,16.7450008392334,7191600
2003-12-10,14.097946166992188,17.020000457763672,17.190000534057617,16.3075008392334,16.649999618530273,14488140
2003-12-11,14.514172554016113,17.522499084472656,17.600000381469727,16.899999618530273,17.0,14190320
2003-12-12,15.019444465637207,18.13249969482422,18.3700008392334,17.302499771118164,17.549999237060547,15950640
2003-12-15,14.646706581115723,17.6825008392334,18.299999237060547,17.5674991607666,18.295000076293945,2914540
2003-12-16,14.901412963867188,17.989999771118164,18.239999771118164,17.727500915527344,17.795000076293945,7571840
2003-12-17,14.882779121398926,17.967500686645508,18.049999237060547,17.760000228881836,17.950000762939453,8455880
2003-12-18,14.710896492004395,17.760000228881836,18.040000915527344,17.577499389648438,18.0,5089360
2003-12-19,14.8392915725708,17.915000915527344,18.0,17.667499542236328,17.667499542236328,5589400
2003-12-22,14.888988494873047,17.975000381469727,18.045000076293945,17.799999237060547,17.799999237060547,4002020
2003-12-23,14.597006797790527,17.622499465942383,18.25,17.549999237060547,17.950000762939453,3498320
2003-12-24,14.911767959594727,18.002500534057617,18.03499984741211,17.604999542236328,17.81999969482422,4202380
2003-12-25,14.911767959594727,18.002500534057617,18.002500534057617,18.002500534057617,18.002500534057617,0
2003-12-26,14.851715087890625,17.93000030517578,18.247499465942383,17.75,18.0,2768760
2003-12-29,15.729727745056152,18.989999771118164,19.252500534057617,18.100000381469727,18.100000381469727,7945740
2003-12-30,15.24309253692627,18.40250015258789,19.1875,18.25,19.049999237060547,20990060
2003-12-31,15.1209135055542,18.2549991607666,18.875,18.157499313354492,18.5,4438400
2004-01-01,15.185112953186035,18.332500457763672,18.399999618530273,17.975000381469727,18.149999618530273,3777080
2004-01-02,15.027729988098145,18.142499923706055,18.7549991607666,17.920000076293945,18.690000534057617,9219500
2004-01-05,15.125057220458984,18.260000228881836,18.575000762939453,18.125,18.399999618530273,5865020
2004-01-06,14.971818923950195,18.075000762939453,18.6200008392334,17.950000762939453,18.012500762939453,8767620
2004-01-07,14.946969032287598,18.045000076293945,18.5,17.864999771118164,18.149999618530273,7721700
2004-01-08,14.978033065795898,18.082500457763672,18.200000762939453,17.657499313354492,18.075000762939453,12897480
2004-01-09,15.259659767150879,18.422500610351562,19.299999237060547,18.149999618530273,18.27750015258789,19754680
2004-01-12,15.112630844116211,18.2450008392334,18.459999084472656,18.15250015258789,18.325000762939453,11737520
2004-01-13,15.112630844116211,18.2450008392334,18.329999923706055,18.102500915527344,18.25,12873200
2004-01-14,15.230670928955078,18.387500762939453,18.462499618530273,18.149999618530273,18.30500030517578,13776720
2004-01-15,15.947164535522461,19.252500534057617,20.149999618530273,18.549999237060547,18.549999237060547,30093820
2004-01-16,15.806350708007812,19.082500457763672,20.024999618530273,18.604999542236328,19.352500915527344,17756680
2004-01-19,15.317642211914062,18.49250030517578,19.2450008392334,18.399999618530273,19.2450008392334,12401760
2004-01-20,15.317642211914062,18.49250030517578,19.042499542236328,18.399999618530273,18.549999237060547,14194340
2004-01-21,15.288651466369629,18.457500457763672,18.547500610351562,18.024999618530273,18.5,13271860
2004-01-22,15.191322326660156,18.34000015258789,18.889999389648438,18.209999084472656,18.875,10207880
2004-01-23,15.110563278198242,18.24250030517578,18.667499542236328,15.02750015258789,17.600000381469727,5454500
2004-01-26,15.110563278198242,18.24250030517578,18.24250030517578,18.24250030517578,18.24250030517578,0
2004-01-27,15.14162540435791,18.280000686645508,18.59749984741211,18.0049991607666,18.239999771118164,7097160
2004-01-28,14.91797924041748,18.010000228881836,20.337499618530273,17.850000381469727,20.337499618530273,6749200
2004-01-29,14.744033813476562,17.799999237060547,18.739999771118164,17.262500762939453,18.0,8149720
2004-01-30,14.286388397216797,17.247499465942383,17.649999618530273,16.774999618530273,17.649999618530273,4773580
2004-02-02,14.286388397216797,17.247499465942383,17.247499465942383,17.247499465942383,17.247499465942383,0
2004-02-03,13.944709777832031,16.834999084472656,17.59749984741211,16.5,17.0,12556540
2004-02-04,14.493465423583984,17.497499465942383,17.69499969482422,16.274999618530273,16.59000015258789,5846040
2004-02-05,14.775097846984863,17.837499618530273,18.0,17.2549991607666,17.412500381469727,5920560
2004-02-06,14.692261695861816,17.737499237060547,18.0,17.262500762939453,17.924999237060547,7599900
2004-02-09,15.08571720123291,18.212499618530273,18.375,17.907499313354492,17.975000381469727,8278460
2004-02-10,15.441887855529785,18.642499923706055,18.792499542236328,18.350000381469727,18.399999618530273,6810560
2004-02-11,15.512300491333008,18.727500915527344,18.875,18.575000762939453,18.774999618530273,5498300
2004-02-12,15.512300491333008,18.727500915527344,19.100000381469727,18.552499771118164,18.875,4940960
2004-02-13,15.522645950317383,18.739999771118164,18.78499984741211,18.415000915527344,18.700000762939453,3603520
2004-02-16,15.663466453552246,18.90999984741211,19.0049991607666,18.700000762939453,18.99250030517578,4754040
2004-02-17,15.767003059387207,19.03499984741211,19.170000076293945,18.68000030517578,18.75749969482422,5934980
2004-02-18,15.711092948913574,18.967500686645508,19.170000076293945,18.752500534057617,18.8075008392334,2889540
2004-02-19,15.522645950317383,18.739999771118164,19.024999618530273,18.657499313354492,19.022499084472656,3339260
2004-02-20,15.112630844116211,18.2450008392334,18.74250030517578,17.81999969482422,18.700000762939453,9659340
2004-02-23,15.207889556884766,18.360000610351562,18.47249984741211,17.700000762939453,17.80500030517578,2724060
2004-02-24,15.388049125671387,18.577499389648438,18.700000762939453,18.125,18.299999237060547,4981180
2004-02-25,15.125057220458984,18.260000228881836,18.719999313354492,18.02750015258789,18.719999313354492,3252920
2004-02-26,15.284505844116211,18.452499389648438,18.600000381469727,18.149999618530273,18.149999618530273,8090840
2004-02-27,15.516440391540527,18.732500076293945,18.875,18.212499618530273,18.497499465942383,5906800
2004-03-01,15.677959442138672,18.927499771118164,19.200000762939453,18.625,18.844999313354492,4472820
2004-03-02,15.677959442138672,18.927499771118164,18.927499771118164,18.927499771118164,18.927499771118164,0
2004-03-03,16.235004425048828,19.600000381469727,20.0,18.854999542236328,19.022499084472656,11667120
2004-03-04,15.8705415725708,19.15999984741211,19.584999084472656,18.862499237060547,19.584999084472656,5241520
2004-03-05,15.839486122131348,19.122499465942383,19.392499923706055,18.975000381469727,19.2450008392334,4297500
2004-03-08,15.733871459960938,18.9950008392334,19.622499465942383,18.90250015258789,19.274999618530273,5833340
2004-03-09,15.533003807067871,18.752500534057617,19.38249969482422,18.61750030517578,19.38249969482422,2152040
2004-03-10,15.66760540008545,18.915000915527344,19.0,18.5,18.75,4731040
2004-03-11,15.572346687316895,18.799999237060547,19.0,18.612499237060547,18.875,4396400
2004-03-12,15.193394660949707,18.342500686645508,18.774999618530273,17.99250030517578,18.704999923706055,6211700
2004-03-15,14.980101585388184,18.084999084472656,18.674999237060547,18.012500762939453,18.674999237060547,4297500
2004-03-16,14.882779121398926,17.967500686645508,18.219999313354492,17.325000762939453,17.684999465942383,6279680
2004-03-17,14.880707740783691,17.96500015258789,18.25,17.5674991607666,17.899999618530273,4463180
2004-03-18,14.717109680175781,17.767499923706055,18.049999237060547,17.399999618530273,17.950000762939453,3017360
2004-03-19,14.650846481323242,17.6875,17.899999618530273,17.512500762939453,17.549999237060547,3746740
2004-03-22,14.033753395080566,16.9424991607666,17.887500762939453,16.75749969482422,17.887500762939453,3936960
2004-03-23,14.288459777832031,17.25,17.375,16.799999237060547,16.9375,3666880
2004-03-24,14.812369346618652,17.88249969482422,18.489999771118164,17.104999542236328,17.497499465942383,3227600
2004-03-25,15.029800415039062,18.145000457763672,18.2450008392334,17.875,18.0,4702580
2004-03-26,15.493658065795898,18.704999923706055,18.905000686645508,18.102500915527344,18.200000762939453,4226600
2004-03-29,15.657252311706543,18.90250015258789,18.989999771118164,18.502500534057617,18.850000381469727,3269420
2004-03-30,15.288651466369629,18.457500457763672,18.850000381469727,18.137500762939453,18.799999237060547,4223460
2004-03-31,15.686241149902344,18.9375,19.094999313354492,18.274999618530273,18.674999237060547,5755800
2004-04-01,15.918174743652344,19.217500686645508,19.299999237060547,18.399999618530273,19.1200008392334,7471600
2004-04-02,16.10661506652832,19.44499969482422,19.600000381469727,19.157499313354492,19.350000381469727,4578820
2004-04-05,16.015499114990234,19.334999084472656,20.0,19.075000762939453,19.55500030517578,6970000
2004-04-06,15.824984550476074,19.104999542236328,19.657499313354492,19.0049991607666,19.6200008392334,3121400
2004-04-07,15.769073486328125,19.037500381469727,19.337499618530273,19.0,19.25,1601740
2004-04-08,15.758716583251953,19.024999618530273,19.56999969482422,18.797500610351562,18.899999618530273,5776540
2004-04-09,15.758716583251953,19.024999618530273,19.024999618530273,19.024999618530273,19.024999618530273,0
2004-04-12,15.54749870300293,18.770000457763672,19.184999465942383,18.602500915527344,19.184999465942383,2476120
2004-04-13,15.843626976013184,19.127500534057617,19.200000762939453,18.760000228881836,18.834999084472656,3078960
2004-04-14,15.843626976013184,19.127500534057617,19.127500534057617,19.127500534057617,19.127500534057617,0
2004-04-15,15.779430389404297,19.049999237060547,19.299999237060547,18.899999618530273,19.25,4464480
2004-04-16,15.675885200500488,18.924999237060547,19.49250030517578,18.852500915527344,19.19499969482422,3371280
2004-04-19,15.66967487335205,18.917499542236328,19.040000915527344,18.717500686645508,18.997499465942383,5238360
2004-04-20,15.522645950317383,18.739999771118164,19.037500381469727,18.6875,18.899999618530273,3716080
2004-04-21,15.446026802062988,18.647499084472656,18.850000381469727,18.5575008392334,18.850000381469727,8828120
2004-04-22,15.537151336669922,18.75749969482422,18.950000762939453,18.512500762939453,18.75,6784080
2004-04-23,15.731797218322754,18.99250030517578,19.237499237060547,18.674999237060547,18.94499969482422,6099280
2004-04-26,15.731797218322754,18.99250030517578,18.99250030517578,18.99250030517578,18.99250030517578,0
2004-04-27,15.771143913269043,19.040000915527344,19.24250030517578,18.5049991607666,18.75749969482422,6185420
2004-04-28,15.731797218322754,18.99250030517578,19.25,18.799999237060547,19.100000381469727,3851180
2004-04-29,15.804274559020996,19.079999923706055,19.25,18.549999237060547,19.0,4131960
2004-04-30,15.657252311706543,18.90250015258789,19.145000457763672,18.774999618530273,19.100000381469727,2355900
2004-05-03,15.644828796386719,18.887500762939453,18.97249984741211,18.65250015258789,18.75,1932900
2004-05-04,15.588918685913086,18.81999969482422,19.25,18.75749969482422,18.99250030517578,2187340
2004-05-05,15.841552734375,19.125,19.75,18.850000381469727,18.924999237060547,6451360
2004-05-06,16.002477645874023,19.142499923706055,19.649999618530273,19.05500030517578,19.200000762939453,5431280
2004-05-07,15.69107723236084,18.770000457763672,19.25,18.5,19.149999618530273,3163520
2004-05-10,15.958587646484375,19.09000015258789,19.399999618530273,18.405000686645508,18.407499313354492,2541660
2004-05-11,15.546871185302734,18.59749984741211,18.787500381469727,18.5,18.704999923706055,4069620
2004-05-12,15.358780860900879,18.372499465942383,18.739999771118164,17.655000686645508,18.549999237060547,5628840
2004-05-13,15.419390678405762,18.44499969482422,18.9950008392334,17.55500030517578,18.25,5092560
2004-05-14,14.740168571472168,17.63249969482422,18.600000381469727,16.75,18.225000381469727,7744460
2004-05-17,11.69725227355957,13.992500305175781,17.5,12.807499885559082,17.5,5221460
2004-05-18,14.717178344726562,17.604999542236328,18.0,13.7524995803833,14.0,11226480
2004-05-19,14.761067390441895,17.657499313354492,18.4950008392334,17.059999465942383,17.75,4952040
2004-05-20,14.813310623168945,17.719999313354492,18.0,17.25,17.75,4562720
2004-05-21,15.14352035522461,18.114999771118164,18.200000762939453,16.947500228881836,17.264999389648438,3469720
2004-05-24,15.419390678405762,18.44499969482422,18.59000015258789,18.049999237060547,18.052499771118164,2391080
2004-05-25,15.436111450195312,18.46500015258789,18.517499923706055,18.100000381469727,18.15250015258789,3109900
2004-05-26,15.431928634643555,18.459999084472656,18.989999771118164,18.350000381469727,18.72249984741211,3754800
2004-05-27,15.632558822631836,18.700000762939453,18.950000762939453,18.047500610351562,18.107500076293945,6282700
2004-05-28,15.419390678405762,18.44499969482422,18.897499084472656,18.25749969482422,18.552499771118164,5519940
2004-05-31,14.681646347045898,17.5625,18.299999237060547,17.40250015258789,18.162500381469727,6648280
2004-06-01,14.690009117126465,17.572500228881836,17.950000762939453,17.399999618530273,17.799999237060547,5291400
2004-06-02,14.915722846984863,17.842500686645508,18.0,17.5,17.700000762939453,3722020
2004-06-03,14.66493034362793,17.542499542236328,18.079999923706055,17.457500457763672,18.0,3806280
2004-06-04,14.878103256225586,17.797500610351562,17.899999618530273,17.299999237060547,17.5,2702360
2004-06-07,15.016036033630371,17.962499618530273,18.44499969482422,17.802499771118164,18.0,10003440
2004-06-08,15.233388900756836,18.22249984741211,18.399999618530273,18.010000228881836,18.09749984741211,3241220
2004-06-09,15.477904319763184,18.514999389648438,18.600000381469727,18.104999542236328,18.197500228881836,2442680
2004-06-10,15.841552734375,18.950000762939453,19.600000381469727,18.5,18.5,13798900
2004-06-11,15.047386169433594,18.0,19.24250030517578,17.857500076293945,18.975000381469727,5836120
2004-06-14,15.078731536865234,18.037500381469727,18.350000381469727,17.762500762939453,18.100000381469727,8642740
2004-06-15,15.264737129211426,18.260000228881836,18.399999618530273,17.912500381469727,18.149999618530273,5966100
2004-06-16,15.408943176269531,18.4325008392334,18.549999237060547,18.299999237060547,18.4375,4518300
2004-06-17,15.676448822021484,18.752500534057617,18.795000076293945,18.360000610351562,18.405000686645508,4857540
2004-06-18,15.670181274414062,18.7450008392334,18.899999618530273,18.5625,18.850000381469727,3213280
2004-06-21,15.785122871398926,18.88249969482422,19.0,18.649999618530273,18.75,2476640
2004-06-22,15.707794189453125,18.790000915527344,18.987499237060547,18.602500915527344,18.762500762939453,4132320
2004-06-23,15.254286766052246,18.247499465942383,18.997499465942383,18.100000381469727,18.9325008392334,5617020
2004-06-24,15.939778327941895,19.0674991607666,19.545000076293945,18.0,18.46500015258789,7162000
2004-06-25,15.356687545776367,18.3700008392334,18.940000534057617,17.875,18.752500534057617,11693380
2004-06-28,15.400583267211914,18.422500610351562,18.549999237060547,17.975000381469727,18.350000381469727,5651300
2004-06-29,15.44655990600586,18.477500915527344,18.587499618530273,18.299999237060547,18.450000762939453,4401080
2004-06-30,15.452826499938965,18.485000610351562,18.524999618530273,18.25,18.5,2955160
2004-07-01,15.532241821289062,18.579999923706055,18.702499389648438,18.360000610351562,18.5,3230160
2004-07-02,15.235478401184082,18.225000381469727,18.497499465942383,18.112499237060547,18.497499465942383,4154360
2004-07-05,15.11217212677002,18.077499389648438,18.100000381469727,17.05500030517578,17.5,11077180
2004-07-06,15.33579158782959,18.344999313354492,18.399999618530273,17.799999237060547,18.0,5801360
2004-07-07,15.477904319763184,18.514999389648438,18.600000381469727,18.200000762939453,18.200000762939453,4967820
2004-07-08,15.225028991699219,18.212499618530273,18.72249984741211,18.0,18.3075008392334,6113460
2004-07-09,15.413119316101074,18.4375,18.59749984741211,17.832500457763672,17.950000762939453,5585180
2004-07-12,15.39431095123291,18.415000915527344,18.645000457763672,18.25,18.5,3968880
2004-07-13,15.268913269042969,18.264999389648438,18.5,18.0,18.5,2845340
2004-07-14,15.254286766052246,18.247499465942383,18.645000457763672,18.172500610351562,18.450000762939453,5159060
2004-07-15,15.254286766052246,18.247499465942383,18.5,18.207500457763672,18.399999618530273,2330340
2004-07-16,15.30235481262207,18.30500030517578,18.395000457763672,17.99250030517578,18.299999237060547,2629820
2004-07-19,15.310717582702637,18.315000534057617,18.49250030517578,18.25,18.44499969482422,2182160
2004-07-20,15.46745777130127,18.502500534057617,18.549999237060547,18.127500534057617,18.299999237060547,2999200
2004-07-21,15.473727226257324,18.510000228881836,18.75,18.350000381469727,18.575000762939453,7741680
2004-07-22,15.44446849822998,18.475000381469727,18.7450008392334,18.399999618530273,18.729999542236328,5581400
2004-07-23,15.448644638061523,18.479999542236328,18.549999237060547,18.225000381469727,18.424999237060547,3238740
2004-07-26,15.655549049377441,18.727500915527344,18.799999237060547,18.25,18.450000762939453,5362760
2004-07-27,15.622114181518555,18.6875,18.797500610351562,18.350000381469727,18.600000381469727,11159360
2004-07-28,15.553142547607422,18.604999542236328,18.700000762939453,18.40250015258789,18.700000762939453,5418400
2004-07-29,15.705708503723145,18.787500381469727,18.975000381469727,18.454999923706055,18.549999237060547,6601700
2004-07-30,15.68271541595459,18.760000228881836,18.850000381469727,18.524999618530273,18.799999237060547,5222880
2004-08-02,15.544782638549805,18.594999313354492,18.75,18.502500534057617,18.75,2245980
2004-08-03,15.256383895874023,18.25,18.600000381469727,18.174999237060547,18.594999313354492,7158740
2004-08-04,15.26264476776123,18.25749969482422,18.4375,18.0049991607666,18.25,2446800
2004-08-05,15.546871185302734,18.59749984741211,18.747499465942383,18.262500762939453,18.297500610351562,2630460
2004-08-06,15.365049362182617,18.3799991607666,18.5,18.049999237060547,18.405000686645508,2674760
2004-08-09,15.452826499938965,18.485000610351562,18.584999084472656,18.25,18.399999618530273,1797960
2004-08-10,15.636741638183594,18.704999923706055,18.774999618530273,18.49250030517578,18.524999618530273,3897940
2004-08-11,15.649275779724121,18.719999313354492,18.825000762939453,18.405000686645508,18.552499771118164,4504140
2004-08-12,15.49880599975586,18.540000915527344,18.69499969482422,18.415000915527344,18.565000534057617,1687520
2004-08-13,15.256383895874023,18.25,18.594999313354492,18.15250015258789,18.549999237060547,1464620
2004-08-16,15.128894805908203,18.09749984741211,18.267499923706055,18.030000686645508,18.174999237060547,1714300
2004-08-17,15.199952125549316,18.1825008392334,18.489999771118164,18.052499771118164,18.34000015258789,14637920
2004-08-18,15.110084533691406,18.075000762939453,18.25,18.0,18.200000762939453,4164500
2004-08-19,15.101724624633789,18.065000534057617,18.450000762939453,18.0,18.450000762939453,8524340
2004-08-20,14.917814254760742,17.844999313354492,18.174999237060547,17.8075008392334,18.065000534057617,1158180
2004-08-23,15.22293758392334,18.209999084472656,18.299999237060547,17.655000686645508,18.049999237060547,1747600
2004-08-24,15.663908004760742,18.737499237060547,18.822500228881836,18.107500076293945,18.25,2569200
2004-08-25,15.663908004760742,18.737499237060547,18.850000381469727,18.552499771118164,18.7450008392334,2424060
2004-08-26,15.860361099243164,18.97249984741211,19.094999313354492,18.604999542236328,18.7450008392334,5299840
2004-08-27,15.44446849822998,18.475000381469727,18.97249984741211,18.450000762939453,18.94499969482422,1470060
2004-08-30,15.51761245727539,18.5625,18.6924991607666,18.399999618530273,18.5,1165220
2004-08-31,15.367136001586914,18.38249969482422,18.5,18.27750015258789,18.399999618530273,2631180
2004-09-01,15.404759407043457,18.427499771118164,18.512500762939453,18.309999465942383,18.399999618530273,2123660
2004-09-02,15.502983093261719,18.545000076293945,18.690000534057617,18.360000610351562,18.362499237060547,1411400
2004-09-03,15.473727226257324,18.510000228881836,18.63249969482422,18.40250015258789,18.575000762939453,2173880
2004-09-06,15.764226913452148,18.857500076293945,18.899999618530273,18.462499618530273,18.549999237060547,2877880
2004-09-07,15.958587646484375,19.09000015258789,19.25,18.780000686645508,18.989999771118164,7010020
2004-09-08,16.470613479614258,19.702499389648438,20.017499923706055,18.600000381469727,19.104999542236328,30147280
2004-09-09,15.962767601013184,19.094999313354492,20.170000076293945,18.924999237060547,19.950000762939453,32847440
2004-09-10,16.284616470336914,19.479999542236328,19.735000610351562,19.112499237060547,19.149999618530273,16276440
2004-09-13,16.23445701599121,19.420000076293945,19.75,19.200000762939453,19.25,7969580
2004-09-14,16.355674743652344,19.565000534057617,19.75,19.25,19.4950008392334,6661420
2004-09-15,16.516590118408203,19.75749969482422,20.03499984741211,19.602500915527344,19.670000076293945,15839120
2004-09-16,16.529136657714844,19.772499084472656,19.975000381469727,19.732500076293945,19.895000457763672,6114280
2004-09-17,16.84053611755371,20.145000457763672,20.34000015258789,19.649999618530273,19.649999618530273,12427840
2004-09-20,16.930400848388672,20.252500534057617,20.5,19.770000457763672,20.149999618530273,12845500
2004-09-21,16.97846794128418,20.309999465942383,20.737499237060547,20.075000762939453,20.737499237060547,9729480
2004-09-22,17.229259490966797,20.610000610351562,20.6924991607666,20.200000762939453,20.44499969482422,17804960
2004-09-23,17.154020309448242,20.520000457763672,20.834999084472656,20.40999984741211,20.600000381469727,10806420
2004-09-24,16.913681030273438,20.232500076293945,20.622499465942383,20.077499389648438,20.399999618530273,13514680
2004-09-27,16.654529571533203,19.922500610351562,20.299999237060547,19.735000610351562,20.25,14691480
2004-09-28,16.93248748779297,20.2549991607666,20.44499969482422,20.002500534057617,20.002500534057617,14492220
2004-09-29,16.89068603515625,20.204999923706055,20.5,19.8125,19.8125,9512340
2004-09-30,16.802913665771484,20.100000381469727,20.420000076293945,20.0,20.399999618530273,7624880
2004-10-01,17.16864776611328,20.537500381469727,20.709999084472656,20.264999389648438,20.489999771118164,13503600
2004-10-04,17.392269134521484,20.80500030517578,20.940000534057617,20.565000534057617,20.795000076293945,10349300
2004-10-05,17.398540496826172,20.8125,20.934999465942383,20.690000534057617,20.850000381469727,7015420
2004-10-06,17.225074768066406,20.604999542236328,20.90250015258789,20.549999237060547,20.895000457763672,4422300
2004-10-07,17.143569946289062,20.50749969482422,20.84749984741211,20.274999618530273,20.84749984741211,2874820
2004-10-08,17.126848220825195,20.487499237060547,20.600000381469727,20.375,20.600000381469727,4251060
2004-10-11,17.091320037841797,20.44499969482422,20.592500686645508,20.350000381469727,20.399999618530273,2289540
2004-10-12,16.85725212097168,20.165000915527344,20.44499969482422,20.0575008392334,20.424999237060547,1820900
2004-10-13,16.85725212097168,20.165000915527344,20.165000915527344,20.165000915527344,20.165000915527344,0
2004-10-14,16.731857299804688,20.014999389648438,20.237499237060547,19.8075008392334,20.22249984741211,3147680
2004-10-15,16.97846794128418,20.309999465942383,20.395000457763672,20.06999969482422,20.350000381469727,4798240
2004-10-18,17.093416213989258,20.447500228881836,20.542499542236328,20.30500030517578,20.489999771118164,3941140
2004-10-19,17.33375358581543,20.735000610351562,20.842500686645508,20.43000030517578,20.450000762939453,8044720
2004-10-20,17.17491912841797,20.545000076293945,20.81999969482422,20.450000762939453,20.7450008392334,3898620
2004-10-21,16.873971939086914,20.184999465942383,20.594999313354492,20.012500762939453,20.594999313354492,5640560
2004-10-22,16.873971939086914,20.184999465942383,20.184999465942383,20.184999465942383,20.184999465942383,0
2004-10-25,17.126848220825195,20.487499237060547,20.600000381469727,20.260000228881836,20.375,6476080
2004-10-26,17.095500946044922,20.450000762939453,20.612499237060547,20.1825008392334,20.350000381469727,2917940
2004-10-27,17.442426681518555,20.864999771118164,21.149999618530273,20.5,20.645000457763672,8296680
2004-10-28,17.38599967956543,20.797500610351562,21.25,20.6825008392334,21.114999771118164,8760920
2004-10-29,17.35047149658203,20.7549991607666,20.885000228881836,20.552499771118164,20.552499771118164,5042440
2004-11-01,17.617979049682617,21.075000762939453,21.149999618530273,20.809999465942383,21.149999618530273,11031560
2004-11-02,17.586631774902344,21.037500381469727,21.145000457763672,20.774999618530273,20.950000762939453,5511000
2004-11-03,17.8875789642334,21.397499084472656,21.475000381469727,21.0625,21.0625,8372300
2004-11-04,17.766359329223633,21.252500534057617,21.700000762939453,21.212499618530273,21.700000762939453,3669840
2004-11-05,18.079851150512695,21.627500534057617,21.790000915527344,21.344999313354492,21.475000381469727,4943440
2004-11-08,18.899099349975586,22.607500076293945,22.697500228881836,21.702499389648438,21.850000381469727,13350760
2004-11-09,19.110179901123047,22.860000610351562,23.049999237060547,22.399999618530273,22.7549991607666,7656420
2004-11-10,19.787309646606445,23.670000076293945,23.850000381469727,22.96500015258789,22.96500015258789,11598680
2004-11-11,19.55324363708496,23.389999389648438,23.747499465942383,23.262500762939453,23.565000534057617,5099460
2004-11-12,19.559511184692383,23.397499084472656,23.6875,23.3075008392334,23.600000381469727,671860
2004-11-15,19.559511184692383,23.397499084472656,23.397499084472656,23.397499084472656,23.397499084472656,0
2004-11-16,20.232460021972656,24.202499389648438,24.44499969482422,23.424999237060547,23.5,10965740
2004-11-17,20.176036834716797,24.135000228881836,24.34749984741211,24.0625,24.25,8909660
2004-11-18,19.985851287841797,23.907499313354492,24.299999237060547,23.700000762939453,24.25,10123500
2004-11-19,20.18230628967285,24.142499923706055,24.600000381469727,23.959999084472656,24.075000762939453,11679560
2004-11-22,20.19693374633789,24.15999984741211,24.297500610351562,23.517499923706055,24.24250030517578,10444000
2004-11-23,20.368305206298828,24.364999771118164,24.399999618530273,24.049999237060547,24.299999237060547,3613020
2004-11-24,20.213653564453125,24.18000030517578,24.350000381469727,24.065000534057617,24.350000381469727,3669820
2004-11-25,20.861522674560547,24.954999923706055,25.100000381469727,24.202499389648438,24.399999618530273,8639340
2004-11-26,20.861522674560547,24.954999923706055,24.954999923706055,24.954999923706055,24.954999923706055,0
2004-11-29,20.853164672851562,24.94499969482422,25.219999313354492,21.459999084472656,24.3125,5391740
2004-11-30,20.76120948791504,24.834999084472656,25.149999618530273,24.75,25.100000381469727,6158380
2004-12-01,20.232460021972656,24.202499389648438,25.100000381469727,24.082500457763672,24.954999923706055,9358920
2004-12-02,20.414287567138672,24.420000076293945,24.75,24.25,24.739999771118164,11284800
2004-12-03,20.178123474121094,24.137500762939453,24.75,23.860000610351562,24.5,11661260
2004-12-06,19.921064376831055,23.829999923706055,24.547500610351562,23.75,24.137500762939453,11592140
2004-12-07,20.104976654052734,24.049999237060547,24.1924991607666,23.950000762939453,23.950000762939453,10543360
2004-12-08,19.703716278076172,23.56999969482422,24.59749984741211,23.454999923706055,24.59749984741211,4034240
2004-12-09,19.941965103149414,23.854999542236328,24.0,23.75,23.989999771118164,6662080
2004-12-10,19.515621185302734,23.344999313354492,23.75,23.225000381469727,23.75,9405840
2004-12-13,19.781042098999023,23.662500381469727,23.829999923706055,23.450000762939453,23.5,19560780
2004-12-14,19.860456466674805,23.75749969482422,23.9375,23.700000762939453,23.797500610351562,6775640
2004-12-15,19.81865882873535,23.707500457763672,24.0,23.600000381469727,23.774999618530273,6896200
2004-12-16,20.13841438293457,24.09000015258789,24.342500686645508,23.875,23.875,8749780
2004-12-17,20.13632583618164,24.087499618530273,24.3799991607666,23.77750015258789,24.299999237060547,5650120
2004-12-20,20.58357048034668,24.622499465942383,24.75,24.149999618530273,24.149999618530273,7636340
2004-12-21,20.740312576293945,24.809999465942383,24.850000381469727,24.52750015258789,24.75,9585840
2004-12-22,20.61491584777832,24.65999984741211,26.0,24.350000381469727,24.899999618530273,8915280
2004-12-23,20.65253257751465,24.704999923706055,25.0,24.399999618530273,24.9950008392334,5659700
2004-12-24,21.001550674438477,25.122499465942383,25.25,24.850000381469727,25.0,5650660
2004-12-27,21.103958129882812,25.2450008392334,25.350000381469727,24.862499237060547,25.25,3177320
2004-12-28,21.680774688720703,25.934999465942383,26.0,25.25,25.25,5067780
2004-12-29,21.53030014038086,25.7549991607666,26.200000762939453,25.50749969482422,26.0049991607666,3046460
2004-12-30,21.91275405883789,26.212499618530273,26.497499465942383,25.552499771118164,25.75749969482422,3992780
2004-12-31,21.749736785888672,26.017499923706055,26.25749969482422,25.854999542236328,26.049999237060547,2162300
2005-01-03,21.95455551147461,26.262500762939453,26.389999389648438,25.802499771118164,25.802499771118164,2591160
2005-01-04,21.712116241455078,25.97249984741211,26.549999237060547,25.25,26.252500534057617,4476120
2005-01-05,20.901233673095703,25.002500534057617,26.0,24.350000381469727,26.0,7975740
2005-01-06,20.2784423828125,24.25749969482422,25.489999771118164,23.950000762939453,25.002500534057617,9659020
2005-01-07,20.49161148071289,24.512500762939453,24.6875,24.225000381469727,24.399999618530273,5298000
2005-01-10,20.47071075439453,24.487499237060547,25.399999618530273,24.262500762939453,25.0,13225740
2005-01-11,20.205291748046875,24.170000076293945,24.587499618530273,24.0,24.5,4782220
2005-01-12,20.102886199951172,24.047500610351562,24.344999313354492,23.7549991607666,24.170000076293945,2837580
2005-01-13,20.853164672851562,24.94499969482422,25.399999618530273,24.0,24.0,10791840
2005-01-14,21.52402687072754,25.747499465942383,26.100000381469727,24.612499237060547,24.950000762939453,15903840
2005-01-17,21.737199783325195,26.002500534057617,26.450000762939453,25.407499313354492,26.0,9483580
2005-01-18,21.465511322021484,25.677499771118164,26.395000457763672,25.0,26.395000457763672,10000120
2005-01-19,21.689132690429688,25.94499969482422,26.25,25.477500915527344,25.885000228881836,9034920
2005-01-20,21.37355613708496,25.5674991607666,26.049999237060547,25.0,25.549999237060547,21816140
2005-01-24,20.537586212158203,24.5674991607666,25.69499969482422,24.299999237060547,25.69499969482422,16795520
2005-01-25,21.76018714904785,26.030000686645508,26.969999313354492,24.604999542236328,26.25,20124960
2005-01-27,22.47285270690918,26.88249969482422,27.399999618530273,25.899999618530273,26.112499237060547,24223080
2005-01-28,22.564809799194336,26.99250030517578,27.440000534057617,26.362499237060547,26.88249969482422,9751760
2005-01-31,23.59931755065918,28.229999542236328,28.5,26.75,26.825000762939453,13357080
2005-02-01,23.41330909729004,28.00749969482422,28.4375,27.512500762939453,28.299999237060547,7728060
2005-02-02,23.34852409362793,27.93000030517578,28.247499465942383,27.649999618530273,28.247499465942383,4604940
2005-02-03,23.971317291259766,28.674999237060547,28.75,27.850000381469727,27.950000762939453,8082380
2005-02-04,23.705900192260742,28.357500076293945,28.950000762939453,28.15250015258789,28.5,3578340
2005-02-07,23.48019027709961,28.087499618530273,28.75,27.602500915527344,28.262500762939453,2402500
2005-02-08,23.84383773803711,28.522499084472656,28.75,27.852500915527344,27.899999618530273,3514320
2005-02-09,24.581579208374023,29.405000686645508,29.4950008392334,28.5,28.600000381469727,6035080
2005-02-10,24.222108840942383,28.975000381469727,29.5,28.7549991607666,29.5,3415400
2005-02-11,24.034019470214844,28.75,28.997499465942383,28.399999618530273,28.997499465942383,4860720
2005-02-14,23.768598556518555,28.4325008392334,28.912500381469727,28.1200008392334,28.1200008392334,6259920
2005-02-15,23.51153564453125,28.125,28.899999618530273,28.0049991607666,28.75,6343000
2005-02-16,23.490638732910156,28.100000381469727,28.649999618530273,27.850000381469727,28.25,8738160
2005-02-17,23.335987091064453,27.915000915527344,28.18000030517578,27.7549991607666,28.0,3014800
2005-02-18,23.58259391784668,28.209999084472656,28.350000381469727,28.0,28.09749984741211,3233860
2005-02-21,23.427940368652344,28.024999618530273,28.44499969482422,27.712499618530273,28.44499969482422,6217400
2005-02-22,23.4321231842041,28.030000686645508,28.25,27.799999237060547,27.799999237060547,3465320
2005-02-23,23.327625274658203,27.905000686645508,28.040000915527344,27.704999923706055,28.0,6198120
2005-02-24,24.075817108154297,28.799999237060547,28.912500381469727,27.952499389648438,28.1875,6712840
2005-02-25,23.831289291381836,28.50749969482422,28.797500610351562,28.104999542236328,28.797500610351562,3240960
2005-02-28,24.548133850097656,29.364999771118164,29.99250030517578,28.5625,28.842500686645508,14890860
2005-03-01,24.140605926513672,28.877500534057617,29.350000381469727,28.657499313354492,29.350000381469727,8460320
2005-03-02,24.107166290283203,28.837499618530273,29.100000381469727,28.5,29.100000381469727,3921340
2005-03-03,24.079994201660156,28.80500030517578,29.0,28.71500015258789,28.9950008392334,4623700
2005-03-04,24.4896183013916,29.295000076293945,29.84000015258789,28.857500076293945,28.950000762939453,6562140
2005-03-07,25.12704086303711,30.0575008392334,30.25,29.450000762939453,29.600000381469727,8105800
2005-03-08,25.672500610351562,30.709999084472656,31.25,30.149999618530273,30.149999618530273,10957960
2005-03-09,26.088403701782227,31.207500457763672,31.25,30.512500762939453,30.947500228881836,6385360
2005-03-10,25.72266960144043,30.770000457763672,31.43000030517578,30.612499237060547,31.00749969482422,4572280
2005-03-11,25.484418869018555,30.485000610351562,31.0,30.3075008392334,31.0,5219600
2005-03-14,25.191829681396484,30.135000228881836,30.600000381469727,30.049999237060547,30.485000610351562,4878320
2005-03-15,24.824005126953125,29.69499969482422,30.145000457763672,29.100000381469727,30.145000457763672,2474060
2005-03-16,24.834453582763672,29.707500457763672,30.200000762939453,29.200000762939453,29.7450008392334,3689500
2005-03-17,23.92534065246582,28.6200008392334,29.649999618530273,28.549999237060547,29.649999618530273,7541460
2005-03-18,23.653654098510742,28.295000076293945,28.697500228881836,28.104999542236328,28.600000381469727,3136380
2005-03-21,23.37360191345215,27.959999084472656,28.5,27.799999237060547,28.4950008392334,3007700
2005-03-22,23.06220817565918,27.587499618530273,27.799999237060547,27.27750015258789,27.502500534057617,4245940
2005-03-23,22.222064971923828,26.582500457763672,27.5,26.149999618530273,27.5,8238260
2005-03-24,21.712116241455078,25.97249984741211,30.200000762939453,25.399999618530273,30.200000762939453,8411140
2005-03-28,22.276395797729492,26.647499084472656,26.989999771118164,26.322500228881836,26.450000762939453,2087740
2005-03-29,22.44359588623047,26.84749984741211,27.25,26.252500534057617,26.700000762939453,3267660
2005-03-30,22.288938522338867,26.662500381469727,26.895000457763672,26.302499771118164,26.75,8576980
2005-03-31,22.7737979888916,27.24250030517578,27.4950008392334,26.760000228881836,26.94499969482422,4459280
2005-04-01,23.053848266601562,27.577499389648438,27.850000381469727,27.049999237060547,27.299999237060547,3359660
2005-04-04,23.08101463317871,27.610000610351562,27.69499969482422,27.012500762939453,27.600000381469727,2532680
2005-04-05,22.56899070739746,26.997499465942383,28.100000381469727,26.852500915527344,27.850000381469727,3840540
2005-04-06,23.12908172607422,27.667499542236328,27.850000381469727,26.8125,26.8125,4253720
2005-04-07,23.538705825805664,28.157499313354492,28.34749984741211,27.924999237060547,28.0,5089240
2005-04-08,22.849037170410156,27.332500457763672,28.25,26.899999618530273,28.197500228881836,4854300
2005-04-11,23.28374481201172,27.852500915527344,28.389999389648438,27.252500534057617,28.389999389648438,4174340
2005-04-12,23.344341278076172,27.924999237060547,27.997499465942383,27.5,27.950000762939453,2452720
2005-04-13,23.467647552490234,28.072500228881836,28.674999237060547,27.850000381469727,28.25,10028860
2005-04-15,22.510467529296875,26.927499771118164,28.084999084472656,26.649999618530273,28.049999237060547,5603660
2005-04-18,21.749736785888672,26.017499923706055,26.719999313354492,25.80500030517578,26.719999313354492,8953240
2005-04-19,22.20743179321289,26.565000534057617,26.75,26.327499389648438,26.5,5691120
2005-04-20,22.602420806884766,27.037500381469727,27.299999237060547,26.112499237060547,26.112499237060547,6287820
2005-04-21,22.811412811279297,27.287500381469727,31.612499237060547,26.25,31.612499237060547,2885120
2005-04-22,22.579439163208008,27.010000228881836,28.145000457763672,26.760000228881836,28.145000457763672,2867060
2005-04-25,22.571075439453125,27.0,27.25,26.75749969482422,27.25,2828580
2005-04-26,22.514652252197266,26.9325008392334,27.184999465942383,26.815000534057617,27.045000076293945,2919100
2005-04-27,22.464492797851562,26.872499465942383,27.040000915527344,26.552499771118164,26.552499771118164,2047640
2005-04-28,22.564809799194336,26.99250030517578,27.200000762939453,26.262500762939453,26.850000381469727,4590180
2005-04-29,22.362083435058594,26.75,27.012500762939453,26.149999618530273,26.81999969482422,4073600
2005-05-02,22.560625076293945,26.987499237060547,27.012500762939453,26.75,26.75,2006060
2005-05-03,22.5836181640625,27.014999389648438,27.094999313354492,26.852500915527344,26.950000762939453,4413260
2005-05-04,22.53554916381836,26.957500457763672,27.0,26.625,26.72249984741211,1494380
2005-05-05,22.844860076904297,27.327499389648438,27.7450008392334,27.200000762939453,27.200000762939453,5354180
2005-05-06,22.61078643798828,27.047500610351562,27.337499618530273,26.825000762939453,27.337499618530273,2897540
2005-05-09,22.58152961730957,27.012500762939453,27.739999771118164,22.399999618530273,22.399999618530273,8703540
2005-05-10,22.602420806884766,27.037500381469727,27.247499465942383,26.75,27.0049991607666,4435500
2005-05-11,22.362083435058594,26.75,26.850000381469727,26.399999618530273,26.6875,6023520
2005-05-12,22.12592315673828,26.467500686645508,26.9950008392334,26.357500076293945,26.75,8504740
2005-05-13,22.278488159179688,26.649999618530273,26.774999618530273,26.350000381469727,26.350000381469727,5353620
2005-05-16,22.554357528686523,26.979999542236328,27.100000381469727,26.725000381469727,26.950000762939453,2375420
2005-05-17,22.437320709228516,26.84000015258789,27.739999771118164,26.75,27.739999771118164,988480
2005-05-18,22.35999298095703,26.747499465942383,26.850000381469727,26.424999237060547,26.844999313354492,4434500
2005-05-19,22.700653076171875,27.155000686645508,27.25,26.950000762939453,27.239999771118164,3958280
2005-05-20,22.47285270690918,26.88249969482422,27.197500228881836,26.799999237060547,26.80500030517578,1009120
2005-05-23,22.986968994140625,27.497499465942383,27.625,26.899999618530273,26.899999618530273,2175720
2005-05-24,22.8427677154541,27.325000762939453,27.6924991607666,26.75,27.5049991607666,1422220
2005-05-25,22.58152961730957,27.012500762939453,27.360000610351562,26.857500076293945,27.360000610351562,2859780
2005-05-26,22.674253463745117,26.897499084472656,27.24250030517578,26.517499923706055,27.040000915527344,9312100
2005-05-27,22.78805160522461,27.032499313354492,27.184999465942383,26.802499771118164,26.924999237060547,4060300
2005-05-30,22.769092559814453,27.010000228881836,27.100000381469727,26.649999618530273,26.90999984741211,1828580
2005-05-31,22.7416934967041,26.977500915527344,27.200000762939453,26.700000762939453,27.200000762939453,3721540
2005-06-01,22.589962005615234,26.797500610351562,27.125,26.700000762939453,27.075000762939453,3363620
2005-06-02,22.750120162963867,26.987499237060547,27.157499313354492,26.8125,27.100000381469727,2982420
2005-06-03,23.005126953125,27.290000915527344,27.350000381469727,26.774999618530273,27.0,3307520
2005-06-06,23.319137573242188,27.662500381469727,27.850000381469727,27.0575008392334,27.174999237060547,4690360
2005-06-07,24.798583984375,29.417499542236328,29.997499465942383,27.399999618530273,27.662500381469727,11003440
2005-06-08,24.693208694458008,29.292499542236328,29.739999771118164,29.100000381469727,29.600000381469727,7090440
2005-06-09,24.4086971282959,28.954999923706055,29.424999237060547,28.75,29.399999618530273,4001360
2005-06-10,24.290681838989258,28.815000534057617,29.450000762939453,28.5,29.0,6604900
2005-06-13,24.5435791015625,29.114999771118164,29.25,28.40999984741211,29.200000762939453,3202420
2005-06-14,25.015653610229492,29.674999237060547,29.7450008392334,29.100000381469727,29.200000762939453,4845660
2005-06-15,24.916603088378906,29.5575008392334,30.354999542236328,29.0,30.354999542236328,4665100
2005-06-16,25.097841262817383,29.772499084472656,29.950000762939453,29.5,29.600000381469727,33804280
2005-06-17,25.16949462890625,29.857500076293945,30.049999237060547,29.399999618530273,30.0,3939660
2005-06-20,25.230615615844727,29.93000030517578,30.0,29.655000686645508,29.987499237060547,4479240
2005-06-21,25.39920997619629,30.1299991607666,30.25,29.607500076293945,29.774999618530273,7409900
2005-06-22,24.870241165161133,29.502500534057617,30.19499969482422,29.252500534057617,30.19499969482422,4708380
2005-06-23,24.469816207885742,29.02750015258789,29.920000076293945,28.75,29.920000076293945,4977280
2005-06-24,24.549901962280273,29.122499465942383,29.36750030517578,28.655000686645508,29.25,3412040
2005-06-27,25.27486801147461,29.982500076293945,30.170000076293945,29.0,29.0,6432800
2005-06-28,24.868131637573242,29.5,29.892499923706055,29.112499237060547,29.892499923706055,3543380
2005-06-29,25.3570613861084,30.079999923706055,30.4950008392334,29.5,29.735000610351562,12991060
2005-06-30,26.80910873413086,31.802499771118164,32.147499084472656,30.079999923706055,30.079999923706055,23277860
2005-07-01,26.0504207611084,30.90250015258789,31.25,30.649999618530273,30.8125,4499860
2005-07-04,26.63629913330078,31.59749984741211,31.75,31.0,31.147499084472656,4477220
2005-07-05,26.684764862060547,31.655000686645508,31.9950008392334,26.895000457763672,30.612499237060547,2953280
2005-07-06,27.251676559448242,32.32749938964844,32.5,31.360000610351562,31.649999618530273,4670460
2005-07-07,26.998779296875,32.02750015258789,33.099998474121094,31.700000762939453,32.255001068115234,13045380
2005-07-08,27.472963333129883,32.59000015258789,32.70000076293945,32.11249923706055,32.20000076293945,3074900
2005-07-11,27.985074996948242,33.1974983215332,33.45000076293945,32.75,32.775001525878906,4453180
2005-07-12,27.73639678955078,32.90250015258789,33.5,32.407501220703125,33.150001525878906,6600040
2005-07-13,27.09572410583496,32.14250183105469,32.900001525878906,31.850000381469727,32.900001525878906,6980040
2005-07-14,27.194774627685547,32.2599983215332,32.75,31.450000762939453,32.14250183105469,13679400
2005-07-15,26.579395294189453,31.530000686645508,32.25,31.354999542236328,32.25,5006360
2005-07-18,26.459270477294922,31.387500762939453,31.899999618530273,31.200000762939453,31.649999618530273,10152100
2005-07-19,26.96506118774414,31.987499237060547,32.0,31.56999969482422,31.75,4910180
2005-07-20,27.034610748291016,32.06999969482422,33.75,31.825000762939453,32.150001525878906,5554700
2005-07-21,27.043039321899414,32.08000183105469,32.442501068115234,30.612499237060547,32.244998931884766,1608180
2005-07-22,27.33386993408203,32.42499923706055,32.4900016784668,30.662500381469727,31.850000381469727,12133160
2005-07-25,28.436077117919922,33.73249816894531,34.75,32.3849983215332,32.3849983215332,26202900
2005-07-26,28.58780860900879,33.912498474121094,34.400001525878906,33.70000076293945,33.75,15484700
2005-07-27,29.723735809326172,35.2599983215332,35.79999923706055,33.36750030517578,34.0,13549540
2005-07-28,29.723735809326172,35.2599983215332,35.2599983215332,35.2599983215332,35.2599983215332,0
2005-07-29,29.48137855529785,34.97249984741211,36.5,34.002498626708984,35.0,43754360
2005-08-01,28.51404571533203,33.82500076293945,34.79999923706055,33.5,34.494998931884766,6123760
2005-08-02,28.19792938232422,33.45000076293945,34.09749984741211,33.275001525878906,34.0,6627020
2005-08-03,28.524587631225586,33.837501525878906,34.45000076293945,33.5,33.55500030517578,11294380
2005-08-04,28.85124397277832,34.224998474121094,37.0,33.849998474121094,37.0,4080100
2005-08-05,28.415002822875977,33.70750045776367,34.5,33.55500030517578,34.345001220703125,4549640
2005-08-08,27.7237491607666,32.88750076293945,38.25,32.557498931884766,38.25,8232600
2005-08-09,27.57833480834961,32.71500015258789,33.22999954223633,32.25,32.25,4424020
2005-08-10,27.829118728637695,33.01250076293945,33.75,32.76250076293945,33.75,6420460
2005-08-11,27.867053985595703,33.057498931884766,33.599998474121094,32.75,33.375,13098020
2005-08-12,27.827016830444336,33.0099983215332,33.5,32.54999923706055,32.54999923706055,9285200
2005-08-16,27.279071807861328,32.36000061035156,33.400001525878906,32.150001525878906,33.400001525878906,8544660
2005-08-17,27.654203414916992,32.80500030517578,33.400001525878906,32.45000076293945,32.45000076293945,9712800
2005-08-18,27.94503402709961,33.150001525878906,33.404998779296875,32.810001373291016,33.404998779296875,3056600
2005-08-19,27.77011489868164,32.942501068115234,33.20000076293945,32.75749969482422,32.900001525878906,3277120
2005-08-22,27.717430114746094,32.880001068115234,33.64500045776367,32.650001525878906,33.64500045776367,2339700
2005-08-23,27.338085174560547,32.43000030517578,33.19499969482422,31.4950008392334,32.5,5191700
2005-08-24,27.46453094482422,32.58000183105469,32.900001525878906,31.467500686645508,32.25,11929100
2005-08-25,27.3739070892334,32.47249984741211,32.599998474121094,31.917499542236328,32.494998931884766,9922060
2005-08-26,26.75221061706543,31.735000610351562,33.19499969482422,31.517499923706055,32.95000076293945,7304740
2005-08-29,26.925018310546875,31.940000534057617,32.349998474121094,31.412500381469727,32.150001525878906,9024960
2005-08-30,27.253780364990234,32.33000183105469,32.497501373291016,31.75,31.75,5091500
2005-08-31,26.98613739013672,32.01250076293945,32.497501373291016,31.602500915527344,32.45000076293945,3057360
2005-09-01,26.632081985473633,31.592500686645508,32.48249816894531,31.462499618530273,32.48249816894531,2861480
2005-09-02,26.819644927978516,31.815000534057617,32.022499084472656,31.549999237060547,31.549999237060547,8334960
2005-09-05,26.984027862548828,32.0099983215332,32.20000076293945,31.80500030517578,31.80500030517578,2009020
2005-09-06,27.080970764160156,32.125,32.20000076293945,31.77750015258789,32.04999923706055,2086800
2005-09-08,27.64366340637207,32.79249954223633,32.849998474121094,32.0,32.20000076293945,3873220
2005-09-09,28.49508285522461,33.8025016784668,34.0,32.60499954223633,32.849998474121094,8359460
2005-09-12,28.549869537353516,33.86750030517578,33.997501373291016,33.04999923706055,33.79999923706055,5412500
2005-09-13,28.967153549194336,34.36249923706055,34.5,33.3025016784668,33.75,8343600
2005-09-14,28.99666404724121,34.397499084472656,34.599998474121094,33.810001373291016,34.150001525878906,9095240
2005-09-15,29.17789649963379,34.61249923706055,34.650001525878906,34.307498931884766,34.400001525878906,8961700
2005-09-16,29.18211555480957,34.61750030517578,34.900001525878906,34.314998626708984,34.900001525878906,7982860
2005-09-19,29.85861587524414,35.41999816894531,35.74250030517578,34.849998474121094,34.849998474121094,8056640
2005-09-20,30.86810302734375,36.61750030517578,37.0,35.150001525878906,35.150001525878906,13400840
2005-09-21,30.54143524169922,36.22999954223633,36.77750015258789,35.55500030517578,36.51499938964844,12722980
2005-09-22,29.158931732177734,34.59000015258789,36.022499084472656,34.224998474121094,36.0,10153360
2005-09-23,28.237974166870117,33.497501373291016,34.595001220703125,33.04999923706055,34.595001220703125,12744820
2005-09-26,28.627857208251953,33.959999084472656,34.002498626708984,33.27000045776367,33.5,7805680
2005-09-27,28.756406784057617,34.11249923706055,34.79999923706055,33.7599983215332,34.0,8501240
2005-09-28,29.33596420288086,34.79999923706055,35.1974983215332,34.150001525878906,34.5,15560220
2005-09-29,29.33596420288086,34.79999923706055,35.349998474121094,34.00749969482422,34.89500045776367,32939180
2005-09-30,28.87863540649414,34.25749969482422,34.98500061035156,31.612499237060547,34.98500061035156,8151180
2005-10-03,28.520374298095703,33.83250045776367,34.7400016784668,33.71500015258789,34.25749969482422,10219500
2005-10-04,29.921836853027344,35.494998931884766,35.75,34.5,34.5,16914460
2005-10-05,29.616256713867188,35.13249969482422,35.724998474121094,34.85749816894531,35.05500030517578,5747560
2005-10-06,28.74797821044922,34.102500915527344,34.74250030517578,33.5,34.7400016784668,8633020
2005-10-07,28.6004581451416,33.9275016784668,34.16999816894531,33.25,33.95000076293945,7313220
2005-10-10,29.009305953979492,34.412498474121094,34.625,34.0,34.625,4209660
2005-10-11,29.074634552001953,34.4900016784668,34.89500045776367,33.567501068115234,34.89500045776367,4694020
2005-10-13,28.57305908203125,33.89500045776367,34.39500045776367,33.752498626708984,34.07500076293945,6001420
2005-10-14,27.79329490661621,32.970001220703125,33.599998474121094,32.75,33.599998474121094,7900180
2005-10-17,27.582548141479492,32.720001220703125,33.25,32.04999923706055,33.25,9304820
2005-10-18,27.7237491607666,32.88750076293945,33.48749923706055,32.75,32.95000076293945,9193300
2005-10-19,27.298044204711914,32.38249969482422,33.0,31.600000381469727,32.17499923706055,5812620
2005-10-20,27.13997459411621,32.19499969482422,32.650001525878906,32.005001068115234,32.54999923706055,7182320
2005-10-21,27.298044204711914,32.38249969482422,33.0,32.099998474121094,33.0,7135200
2005-10-24,26.785921096801758,31.774999618530273,32.6349983215332,31.412500381469727,32.6349983215332,5399780
2005-10-25,26.581499099731445,31.532499313354492,32.224998474121094,31.112499237060547,32.224998474121094,10631520
2005-10-26,26.558319091796875,31.5049991607666,32.0,31.350000381469727,32.0,7645620
2005-10-27,26.326492309570312,31.229999542236328,31.645000457763672,31.010000228881836,31.549999237060547,14684500
2005-10-28,25.751157760620117,30.547500610351562,31.100000381469727,30.149999618530273,31.100000381469727,7971600
2005-10-31,25.56991195678711,30.332500457763672,31.299999237060547,30.200000762939453,30.614999771118164,8748100
2005-11-02,26.1621150970459,31.03499984741211,32.4900016784668,30.774999618530273,30.774999618530273,11421500
2005-11-04,26.1621150970459,31.03499984741211,31.03499984741211,31.03499984741211,31.03499984741211,0
2005-11-07,26.35389518737793,31.262500762939453,31.75,30.80500030517578,31.25,99692920
2005-11-08,26.891300201416016,31.899999618530273,32.04999923706055,31.415000915527344,31.747499465942383,13195860
2005-11-09,26.634185791015625,31.594999313354492,32.397499084472656,31.197500228881836,32.150001525878906,16626560
2005-11-10,26.589929580688477,31.542499542236328,31.75,31.202499389648438,31.549999237060547,13405880
2005-11-11,26.773283004760742,31.760000228881836,32.0,31.362499237060547,31.542499542236328,15625240
2005-11-14,28.482440948486328,33.787498474121094,34.099998474121094,32.099998474121094,32.349998474121094,18391580
2005-11-16,29.080963134765625,34.497501373291016,35.0,33.602500915527344,33.75,11577600
2005-11-17,29.456090927124023,34.942501068115234,35.002498626708984,34.51250076293945,34.75,8169620
2005-11-18,29.477155685424805,34.967498779296875,35.349998474121094,34.80500030517578,35.0,3552720
2005-11-21,28.646821975708008,33.98249816894531,34.967498779296875,33.79999923706055,34.967498779296875,7852600
2005-11-22,28.556201934814453,33.875,34.595001220703125,33.70750045776367,34.150001525878906,8413820
2005-11-23,29.06198501586914,34.474998474121094,34.75,33.79999923706055,33.95000076293945,4754700
2005-11-24,29.129425048828125,34.55500030517578,35.20000076293945,34.29999923706055,35.20000076293945,7971480
2005-11-25,29.40550422668457,34.88249969482422,34.939998626708984,34.5625,34.650001525878906,5589960
2005-11-28,29.323318481445312,34.78499984741211,35.20000076293945,34.599998474121094,34.95000076293945,4772240
2005-11-29,28.868104934692383,34.244998931884766,34.84000015258789,34.01250076293945,34.84000015258789,4299060
2005-11-30,28.952404022216797,34.345001220703125,35.099998474121094,34.0525016784668,34.29999923706055,7706280
2005-12-01,29.367578506469727,34.837501525878906,35.005001068115234,33.82500076293945,34.35499954223633,4733020
2005-12-02,29.449758529663086,34.935001373291016,35.69499969482422,34.75,35.0,6731780
2005-12-05,28.973478317260742,34.369998931884766,35.04999923706055,34.25,35.0,3044960
2005-12-06,28.70162010192871,34.04750061035156,34.69499969482422,33.852500915527344,34.099998474121094,3001160
2005-12-07,29.251665115356445,34.70000076293945,34.88999938964844,34.04999923706055,34.0525016784668,3881460
2005-12-08,29.009305953979492,34.412498474121094,34.82500076293945,34.33000183105469,34.70000076293945,7073840
2005-12-09,28.99877166748047,34.400001525878906,34.7400016784668,34.0,34.5,3558000
2005-12-12,28.979806900024414,34.377498626708984,35.04999923706055,34.20249938964844,34.650001525878906,6600580
2005-12-13,29.285390853881836,34.7400016784668,35.20000076293945,34.26499938964844,34.70000076293945,11441960
2005-12-14,30.288541793823242,35.93000030517578,36.150001525878906,34.814998626708984,34.849998474121094,16593580
2005-12-15,29.6689395904541,35.19499969482422,36.70000076293945,35.04499816894531,36.20000076293945,5990720
2005-12-16,29.54038429260254,35.04249954223633,35.48500061035156,34.404998779296875,35.07500076293945,10172760
2005-12-19,29.993499755859375,35.58000183105469,35.747501373291016,34.849998474121094,35.349998474121094,6324660
2005-12-20,30.998750686645508,36.772499084472656,37.04999923706055,35.54999923706055,35.625,12918100
2005-12-21,30.640483856201172,36.34749984741211,37.400001525878906,36.060001373291016,37.220001220703125,8525720
2005-12-22,31.281147003173828,37.10749816894531,37.349998474121094,36.25,36.5,5801320
2005-12-23,30.360191345214844,36.01499938964844,37.42499923706055,35.75,37.04999923706055,4688620
2005-12-26,29.85861587524414,35.41999816894531,36.2400016784668,35.0,35.900001525878906,4794700
2005-12-27,29.85861587524414,35.41999816894531,35.744998931884766,35.005001068115234,35.099998474121094,4711060
2005-12-28,29.616256713867188,35.13249969482422,36.349998474121094,35.01750183105469,35.900001525878906,6511700
2005-12-29,29.776418685913086,35.3224983215332,35.625,35.20000076293945,35.5,4745080
2005-12-30,29.873367309570312,35.4375,35.650001525878906,35.162498474121094,35.650001525878906,4254200
2006-01-02,30.071474075317383,35.67250061035156,35.997501373291016,35.349998474121094,35.4375,5371040
2006-01-03,30.06514549255371,35.665000915527344,35.900001525878906,34.0,34.0,2565580
2006-01-04,30.855451583862305,36.602500915527344,36.752498626708984,35.70000076293945,36.0,10739840
2006-01-05,31.16946029663086,36.974998474121094,37.150001525878906,36.26250076293945,36.599998474121094,7707000
2006-01-06,32.41075134277344,38.4474983215332,38.75,36.5,37.0,17233720
2006-01-09,32.23794937133789,38.24250030517578,38.650001525878906,37.0,37.90999984741211,11035400
2006-01-10,31.542478561401367,37.41749954223633,38.5,37.26499938964844,38.244998931884766,13599600
2006-01-12,31.470829010009766,37.33250045776367,37.939998626708984,37.0,37.41749954223633,7899020
2006-01-13,30.764827728271484,36.494998931884766,37.63999938964844,36.29999923706055,37.63999938964844,6765760
2006-01-16,31.24954605102539,37.06999969482422,37.35499954223633,36.349998474121094,36.95000076293945,6856240
2006-01-17,31.569881439208984,37.45000076293945,37.647499084472656,37.04999923706055,37.04999923706055,5220240
2006-01-18,31.38863182067871,37.23500061035156,37.625,36.005001068115234,37.20000076293945,12489720
2006-01-19,30.703712463378906,36.42250061035156,37.23500061035156,36.01499938964844,37.23500061035156,12867000
2006-01-20,30.564620971679688,36.25749969482422,37.20000076293945,36.10499954223633,36.525001525878906,9704300
2006-01-23,30.326473236083984,35.974998474121094,36.4900016784668,35.04999923706055,36.275001525878906,8355020
2006-01-24,30.174732208251953,35.79499816894531,36.45000076293945,35.6775016784668,36.099998474121094,12690180
2006-01-25,30.301176071166992,35.94499969482422,36.45000076293945,35.657501220703125,35.8125,17554040
2006-01-27,31.06829833984375,36.85499954223633,37.5,36.5525016784668,37.2400016784668,13302280
2006-01-30,31.340166091918945,37.1775016784668,37.4474983215332,36.70500183105469,36.85499954223633,6622920
2006-01-31,32.13679885864258,38.122501373291016,38.31999969482422,36.5,36.810001373291016,12300080
2006-02-01,31.13994789123535,36.939998626708984,38.70000076293945,36.75,38.25,12744080
2006-02-02,31.16946029663086,36.974998474121094,37.599998474121094,36.8025016784668,36.939998626708984,9553120
2006-02-03,30.847017288208008,36.592498779296875,36.98249816894531,36.224998474121094,36.70000076293945,5538040
2006-02-06,31.39284896850586,37.2400016784668,37.5,36.29999923706055,36.592498779296875,11492980
2006-02-07,32.48662567138672,38.537498474121094,38.75,36.7599983215332,36.79999923706055,17486980
2006-02-08,32.13679885864258,38.122501373291016,38.599998474121094,37.5,38.599998474121094,6704440
2006-02-10,32.119937896728516,38.102500915527344,38.599998474121094,37.61000061035156,38.44499969482422,12122420
2006-02-13,31.462406158447266,37.3224983215332,38.099998474121094,37.15250015258789,37.54999923706055,5819760
2006-02-14,31.52351188659668,37.39500045776367,37.997501373291016,36.959999084472656,37.54999923706055,11979880
2006-02-15,31.348596572875977,37.1875,37.75,36.849998474121094,37.45000076293945,8121820
2006-02-16,32.03352355957031,38.0,38.44499969482422,36.814998626708984,37.1875,9489300
2006-02-17,31.289592742919922,37.11750030517578,38.375,36.82500076293945,38.375,9582640
2006-02-20,30.440282821655273,36.11000061035156,37.244998931884766,36.0,37.0,10184960
2006-02-21,30.549869537353516,36.2400016784668,36.5,36.125,36.5,7511140
2006-02-22,30.627840042114258,36.33250045776367,36.48500061035156,36.07749938964844,36.2400016784668,6388940
2006-02-23,30.429744720458984,36.09749984741211,36.439998626708984,35.599998474121094,36.099998474121094,22109140
2006-02-24,29.987159729003906,35.5724983215332,36.11000061035156,35.29999923706055,36.11000061035156,19275300
2006-02-27,30.691068649291992,36.407501220703125,36.584999084472656,35.8025016784668,36.005001068115234,6295700
2006-02-28,31.070404052734375,36.85749816894531,37.20000076293945,36.1875,36.717498779296875,9854140
2006-03-01,31.479259490966797,37.342498779296875,37.5,36.25,36.75,9687980
2006-03-02,31.95975685119629,37.912498474121094,38.0,36.752498626708984,37.494998931884766,10085820
2006-03-03,32.020870208740234,37.98500061035156,38.11249923706055,37.352500915527344,38.0,9819440
2006-03-06,32.037742614746094,38.005001068115234,38.20000076293945,37.79999923706055,38.0,6337520
2006-03-07,31.938690185546875,37.88750076293945,38.20000076293945,37.462501525878906,37.462501525878906,11025360
2006-03-08,32.0356330871582,38.002498626708984,38.48749923706055,37.0,37.75,16202260
2006-03-09,31.620454788208008,37.5099983215332,37.974998474121094,36.95000076293945,37.26250076293945,14531960
2006-03-10,31.569881439208984,37.45000076293945,38.220001220703125,37.25749969482422,37.599998474121094,15856220
2006-03-13,32.42340850830078,38.462501525878906,38.75,36.54999923706055,37.747501373291016,10989660
2006-03-14,32.117820739746094,38.099998474121094,38.79999923706055,37.51750183105469,38.79999923706055,7331980
2006-03-16,32.353851318359375,38.380001068115234,38.599998474121094,37.755001068115234,37.755001068115234,12118500
2006-03-17,32.2126579284668,38.212501525878906,38.599998474121094,37.662498474121094,38.599998474121094,4807020
2006-03-20,32.2674446105957,38.27750015258789,38.75,37.95000076293945,38.25,10559760
2006-03-21,31.814342498779297,37.7400016784668,38.650001525878906,37.54999923706055,38.650001525878906,6651520
2006-03-22,31.92182731628418,37.86750030517578,38.25,37.502498626708984,37.595001220703125,8610360
2006-03-23,31.272724151611328,37.09749984741211,37.95000076293945,36.915000915527344,37.459999084472656,5685020
2006-03-24,30.973461151123047,36.74250030517578,37.494998931884766,36.502498626708984,37.494998931884766,6767380
2006-03-27,31.11677360534668,36.912498474121094,38.439998626708984,36.75,38.439998626708984,36594320
2006-03-28,31.30433464050293,37.1349983215332,37.349998474121094,36.04999923706055,36.55500030517578,6186960
2006-03-29,31.453964233398438,37.3125,37.5,36.82500076293945,37.099998474121094,6608660
2006-03-30,32.855430603027344,38.974998474121094,40.599998474121094,37.099998474121094,37.099998474121094,12539560
2006-03-31,32.6341438293457,38.712501525878906,39.25,38.0,38.75,9886800
2006-04-03,32.61729431152344,38.692501068115234,39.04499816894531,38.099998474121094,38.712501525878906,6365740
2006-04-04,35.10411071777344,41.64250183105469,41.9474983215332,38.900001525878906,38.900001525878906,13883040
2006-04-05,35.44762420654297,42.04999923706055,42.29999923706055,41.599998474121094,41.95000076293945,7771640
2006-04-07,34.46553421020508,40.8849983215332,42.70000076293945,40.04999923706055,41.869998931884766,7324740
2006-04-10,34.7858772277832,41.26499938964844,41.994998931884766,40.5,40.95000076293945,4238640
2006-04-12,34.09885025024414,40.45000076293945,41.25,40.11249923706055,41.20000076293945,5791500
2006-04-13,33.88599395751953,40.1974983215332,40.849998474121094,39.51499938964844,40.45000076293945,7893600
2006-04-17,34.33488082885742,40.72999954223633,41.102500915527344,39.76250076293945,40.2599983215332,7736800
2006-04-18,35.17155075073242,41.72249984741211,42.099998474121094,41.20000076293945,41.20000076293945,6102860
2006-04-19,35.76374053955078,42.42499923706055,42.8849983215332,42.0,42.00749969482422,9822560
2006-04-20,35.82696533203125,42.5,42.75,41.51250076293945,42.474998474121094,7620100
2006-04-21,35.77006149291992,42.432498931884766,43.25,41.875,41.875,28008920
2006-04-24,34.66365051269531,41.119998931884766,42.3849983215332,40.45000076293945,42.125,11868720
2006-04-25,34.75847625732422,41.23249816894531,41.75,41.0,41.154998779296875,17786760
2006-04-26,35.28112030029297,41.852500915527344,42.599998474121094,41.0724983215332,41.25,18299760
2006-04-27,34.73950958251953,41.209999084472656,42.70000076293945,40.3125,41.849998474121094,18850140
2006-04-28,34.4507942199707,40.86750030517578,41.04999923706055,37.04499816894531,39.95000076293945,19290100
2006-05-02,35.88176345825195,42.564998626708984,43.54999923706055,41.54999923706055,41.95000076293945,17044980
2006-05-03,36.38333511352539,43.15999984741211,43.70000076293945,42.505001068115234,42.650001525878906,8016660
2006-05-04,37.24951171875,44.1875,44.744998931884766,42.3025016784668,42.5,9527480
2006-05-05,37.0345458984375,43.932498931884766,44.54999923706055,43.05500030517578,44.0,9352040
2006-05-08,36.92707061767578,43.80500030517578,44.75,43.25,44.400001525878906,32176720
2006-05-09,35.938663482666016,42.63249969482422,44.69499969482422,42.400001525878906,44.0525016784668,14694840
2006-05-10,36.71421813964844,43.5525016784668,43.9900016784668,42.67250061035156,42.75,18600680
2006-05-11,36.92417526245117,43.525001525878906,43.939998626708984,41.75,43.45000076293945,6720720
2006-05-12,37.127777099609375,43.76499938964844,43.94499969482422,42.564998626708984,43.0,4342920
2006-05-15,35.78102493286133,42.1775016784668,43.75,41.5525016784668,43.349998474121094,7634320
2006-05-16,35.95706558227539,42.3849983215332,42.5,41.04999923706055,42.0,7620200
2006-05-17,35.812835693359375,42.21500015258789,43.25,41.349998474121094,43.25,6975220
2006-05-18,34.76726150512695,40.98249816894531,42.20000076293945,40.20000076293945,41.849998474121094,10689980
2006-05-19,34.34308624267578,40.48249816894531,41.75,38.2599983215332,41.70000076293945,9194180
2006-05-22,33.38021469116211,39.34749984741211,41.70000076293945,35.5,40.5,7656500
2006-05-23,33.136314392089844,39.060001373291016,40.0,37.150001525878906,39.75,10653680
2006-05-24,32.601863861083984,38.43000030517578,39.95000076293945,37.349998474121094,39.54999923706055,24265960
2006-05-25,32.158607482910156,37.907501220703125,39.5,36.40999984741211,37.5525016784668,17455920
2006-05-26,32.82879638671875,38.6974983215332,39.45000076293945,37.5,38.0,6039860
2006-05-29,32.41947555541992,38.21500015258789,39.400001525878906,37.90250015258789,39.0,4832680
2006-05-30,31.817150115966797,37.505001068115234,38.40999984741211,36.30500030517578,38.40999984741211,5578720
2006-05-31,31.60930061340332,37.2599983215332,38.75,35.76250076293945,36.61249923706055,12457300
2006-06-01,31.331470489501953,36.932498931884766,38.625,36.650001525878906,38.0,10589920
2006-06-02,32.4512825012207,38.252498626708984,38.75,36.70000076293945,37.0,8813740
2006-06-05,31.363279342651367,36.970001220703125,38.70000076293945,36.505001068115234,38.150001525878906,6723300
2006-06-06,30.65067481994629,36.130001068115234,36.75,35.76250076293945,36.75,3770720
2006-06-07,30.572200775146484,36.037498474121094,36.48500061035156,35.5,36.084999084472656,4635600
2006-06-08,29.38028335571289,34.63249969482422,36.25,32.0,35.54999923706055,14506360
2006-06-09,30.230741500854492,35.6349983215332,36.0,33.0625,34.349998474121094,7441120
2006-06-12,29.36330223083496,34.61249923706055,36.39250183105469,33.25749969482422,35.89500045776367,7149800
2006-06-13,27.641170501708984,32.58250045776367,33.89250183105469,32.0,33.54999923706055,7793300
2006-06-14,27.10247039794922,31.947500228881836,33.63999938964844,30.760000228881836,32.400001525878906,19552540
2006-06-15,29.594480514526367,34.8849983215332,36.2400016784668,32.20000076293945,32.20000076293945,15544960
2006-06-16,31.155433654785156,36.724998474121094,38.32500076293945,35.5,35.5,24585060
2006-06-19,31.231786727905273,36.814998626708984,37.005001068115234,35.224998474121094,35.224998474121094,3769620
2006-06-20,30.071678161621094,35.4474983215332,36.349998474121094,35.01250076293945,36.0,5362620
2006-06-21,30.07591438293457,35.45249938964844,35.85499954223633,35.099998474121094,35.75,4450520
2006-06-22,31.004858016967773,36.54750061035156,38.0,36.25,37.2400016784668,3886540
2006-06-23,31.787452697753906,37.470001220703125,37.525001525878906,35.130001068115234,35.2400016784668,5514720
2006-06-26,32.3049430847168,38.08000183105469,38.599998474121094,36.26250076293945,36.26250076293945,15341120
2006-06-27,31.433265686035156,37.0525016784668,37.994998931884766,36.54999923706055,37.5,7523400
2006-06-28,30.822460174560547,36.33250045776367,38.75,36.102500915527344,38.75,10551840
2006-06-29,31.785337448120117,37.467498779296875,38.04999923706055,36.557498931884766,37.0,21540020
2006-06-30,33.76197814941406,39.79750061035156,40.7400016784668,37.755001068115234,37.755001068115234,12039800
2006-07-03,33.02178955078125,38.92499923706055,40.0,38.54999923706055,40.0,10040440
2006-07-04,33.392940521240234,39.36249923706055,39.497501373291016,39.0,39.0,4172900
2006-07-05,34.247650146484375,40.369998931884766,40.79999923706055,38.90250015258789,39.0,12820100
2006-07-06,33.93376159667969,40.0,40.247501373291016,39.349998474121094,40.025001525878906,7704840
2006-07-07,33.055728912353516,38.96500015258789,40.497501373291016,37.54999923706055,40.099998474121094,3791100
2006-07-10,33.02602767944336,38.93000030517578,39.0,38.150001525878906,38.55500030517578,2795580
2006-07-11,32.30282211303711,38.07749938964844,38.752498626708984,37.752498626708984,38.752498626708984,2273680
2006-07-12,32.28797149658203,38.060001373291016,38.599998474121094,34.0,34.0,6166200
2006-07-13,31.6580810546875,37.317501068115234,38.25,37.13249969482422,37.79999923706055,4184100
2006-07-14,30.93486785888672,36.46500015258789,37.29999923706055,35.779998779296875,37.29999923706055,9449000
2006-07-17,30.008056640625,35.372501373291016,36.5,35.11249923706055,36.5,10783540
2006-07-18,30.12681770324707,35.51250076293945,35.70000076293945,35.04999923706055,35.25,8153400
2006-07-19,29.57327651977539,34.86000061035156,35.95000076293945,34.60499954223633,35.599998474121094,5204760
2006-07-20,30.813968658447266,36.3224983215332,37.0,35.54999923706055,35.54999923706055,8917160
2006-07-21,30.109848022460938,35.49250030517578,36.349998474121094,35.25,35.75,6075420
2006-07-24,30.9433536529541,36.474998474121094,36.86750030517578,34.6150016784668,35.25,5664600
2006-07-25,32.49156951904297,38.29999923706055,38.494998931884766,37.0,37.0,9657240
2006-07-26,33.132083892822266,39.05500030517578,39.20000076293945,37.55500030517578,37.755001068115234,7089160
2006-07-27,33.43111801147461,39.407501220703125,39.75,38.51250076293945,39.25,17956240
2006-07-28,33.74287796020508,39.775001525878906,40.064998626708984,38.75,38.95000076293945,12997020
2006-07-31,33.721675872802734,39.75,40.25,39.54499816894531,39.75,7149520
2006-08-01,33.13420104980469,39.057498931884766,39.79999923706055,38.755001068115234,39.79999923706055,4727080
2006-08-02,33.07481384277344,38.98749923706055,39.349998474121094,38.20249938964844,38.852500915527344,12695780
2006-08-03,33.84256362915039,39.89250183105469,40.25,39.005001068115234,39.005001068115234,7324740
2006-08-04,33.95073318481445,40.02000045776367,40.14500045776367,39.349998474121094,39.900001525878906,4704860
2006-08-07,34.08222961425781,40.17499923706055,40.25,39.5625,39.5625,14445100
2006-08-08,34.508522033691406,40.6775016784668,40.79499816894531,40.20000076293945,40.45000076293945,3438540
2006-08-09,34.30916213989258,40.442501068115234,40.95000076293945,40.154998779296875,40.95000076293945,6521840
2006-08-10,34.16493225097656,40.272499084472656,40.8849983215332,39.904998779296875,40.8849983215332,4101960
2006-08-11,34.385501861572266,40.532501220703125,40.79999923706055,40.157501220703125,40.51250076293945,2699400
2006-08-14,34.24977111816406,40.372501373291016,40.70000076293945,40.067501068115234,40.404998779296875,1755060
2006-08-16,35.89131164550781,42.307498931884766,43.470001220703125,40.907501220703125,41.400001525878906,13071100
2006-08-17,35.99736404418945,42.432498931884766,42.747501373291016,41.75,42.494998931884766,9866860
2006-08-18,35.67710494995117,42.05500030517578,42.435001373291016,41.557498931884766,42.099998474121094,4090560
2006-08-21,35.52652359008789,41.877498626708984,42.04999923706055,40.959999084472656,40.959999084472656,3671260
2006-08-22,36.42365264892578,42.935001373291016,43.5,41.50749969482422,42.147499084472656,8039200
2006-08-23,36.179744720458984,42.647499084472656,43.5,42.209999084472656,43.0,3791960
2006-08-24,36.196720123291016,42.66749954223633,42.8849983215332,41.75,42.25,4452800
2006-08-25,36.05461883544922,42.5,42.775001525878906,42.07500076293945,42.775001525878906,5397320
2006-08-28,35.86162567138672,42.272499084472656,42.5,42.0,42.494998931884766,3380620
2006-08-29,35.86162567138672,42.272499084472656,43.002498626708984,42.0525016784668,42.39500045776367,4381540
2006-08-30,35.63044738769531,42.0,42.82500076293945,41.807498931884766,42.0,3962340
2006-08-31,36.14157485961914,42.602500915527344,42.95000076293945,41.90250015258789,42.099998474121094,10372740
2006-09-01,37.16807174682617,43.8125,44.0,42.599998474121094,42.625,7465120
2006-09-04,37.339866638183594,44.01499938964844,44.34000015258789,43.8125,43.875,2692780
2006-09-05,37.10232925415039,43.73500061035156,44.04999923706055,43.5,43.5,2327620
2006-09-06,36.64846420288086,43.20000076293945,44.19499969482422,43.01499938964844,44.0,5832640
2006-09-07,36.00160217285156,42.4375,42.900001525878906,42.11000061035156,42.83000183105469,11533820
2006-09-08,36.02069091796875,42.459999084472656,42.625,42.07749938964844,42.599998474121094,7094020
2006-09-11,34.90087890625,41.13999938964844,42.75,40.79999923706055,42.70000076293945,16124040
2006-09-12,35.653778076171875,42.02750015258789,42.49250030517578,40.75749969482422,41.7400016784668,13062940
2006-09-13,37.06415939331055,43.689998626708984,44.45000076293945,42.36000061035156,42.54999923706055,10416500
2006-09-14,36.712093353271484,43.275001525878906,43.900001525878906,43.05500030517578,43.75,4153120
2006-09-15,37.23806381225586,43.89500045776367,44.349998474121094,43.412498474121094,43.650001525878906,6452060
2006-09-18,37.456512451171875,44.15250015258789,44.34749984741211,43.5625,43.56999969482422,3088820
2006-09-19,37.371681213378906,44.0525016784668,44.349998474121094,43.76250076293945,44.0,5656640
2006-09-20,37.14474868774414,43.78499984741211,44.032501220703125,42.654998779296875,43.75,4892100
2006-09-21,37.473487854003906,44.17250061035156,44.23500061035156,43.650001525878906,44.1974983215332,4567980
2006-09-22,37.151100158691406,43.79249954223633,44.70000076293945,43.150001525878906,44.005001068115234,5001060
2006-09-25,37.25502395629883,43.915000915527344,44.29499816894531,42.8125,43.0,5376480
2006-09-26,37.69403839111328,44.432498931884766,44.647499084472656,43.560001373291016,44.0,7099660
2006-09-27,38.1436653137207,44.962501525878906,45.25,44.602500915527344,44.75,8805340
2006-09-28,39.40982437133789,46.45500183105469,47.73500061035156,45.0525016784668,45.1974983215332,17390220
2006-09-29,39.250762939453125,46.26750183105469,47.04999923706055,45.75,46.75,5290540
2006-10-03,39.013221740722656,45.98749923706055,46.5,45.82500076293945,46.5,4448160
2006-10-04,37.757667541503906,44.50749969482422,45.994998931884766,44.314998626708984,45.849998474121094,8581240
2006-10-05,39.49042510986328,46.54999923706055,46.79999923706055,44.900001525878906,45.01499938964844,8565920
2006-10-06,39.60707473754883,46.6875,47.25,46.557498931884766,46.95000076293945,4394920
2006-10-09,39.44375228881836,46.494998931884766,46.747501373291016,46.25,46.25,3071960
2006-10-10,39.78733444213867,46.900001525878906,47.25,46.5,46.5,2897020
2006-10-11,40.96864700317383,48.29249954223633,48.599998474121094,47.102500915527344,47.23500061035156,6854880
2006-10-12,40.6844596862793,47.95750045776367,48.36249923706055,47.400001525878906,48.36249923706055,9512260
2006-10-13,41.8975944519043,49.38750076293945,49.997501373291016,48.849998474121094,48.8849983215332,6900340
2006-10-16,44.487159729003906,52.439998626708984,53.247501373291016,49.599998474121094,49.95000076293945,19710100
2006-10-17,42.74805450439453,50.38999938964844,53.099998474121094,49.779998779296875,52.45000076293945,30601940
2006-10-18,41.56249237060547,48.99250030517578,51.45000076293945,48.77750015258789,51.45000076293945,27611500
2006-10-19,40.86896896362305,48.17499923706055,49.900001525878906,47.75,49.20000076293945,11480720
2006-10-20,40.72688674926758,48.00749969482422,48.939998626708984,47.662498474121094,48.79999923706055,9954600
2006-10-23,41.123477935791016,48.474998474121094,48.63999938964844,47.76250076293945,48.01250076293945,3487420
2006-10-26,42.408721923828125,49.9900016784668,50.25,48.25,48.25,22114980
2006-10-27,42.387508392333984,49.96500015258789,50.650001525878906,49.61000061035156,50.25,9061660
2006-10-30,43.662147521972656,51.467498779296875,51.849998474121094,48.96500015258789,49.51499938964844,9888180
2006-10-31,42.61231231689453,50.22999954223633,51.89500045776367,50.04999923706055,51.89500045776367,8675460
2006-11-01,42.37266540527344,49.9474983215332,50.900001525878906,49.709999084472656,50.720001220703125,4095260
2006-11-02,42.86470031738281,50.52750015258789,50.89500045776367,49.29999923706055,49.79999923706055,5641880
2006-11-03,42.48294448852539,50.07749938964844,50.599998474121094,49.79999923706055,50.337501525878906,4321760
2006-11-06,42.37054443359375,49.94499969482422,50.53499984741211,49.76499938964844,50.5,2223120
2006-11-07,42.19875717163086,49.74250030517578,50.98500061035156,49.599998474121094,50.25,5534540
2006-11-08,42.52748489379883,50.130001068115234,50.59000015258789,49.25749969482422,49.97249984741211,9443560
2006-11-09,43.1722297668457,50.88999938964844,51.13999938964844,50.25,50.29999923706055,6698440
2006-11-10,44.30476379394531,52.224998474121094,52.5,51.0,51.369998931884766,12615760
2006-11-13,44.78407669067383,52.790000915527344,53.25,52.275001525878906,52.49250030517578,8058260
2006-11-14,45.201900482177734,53.282501220703125,53.73749923706055,52.01250076293945,52.98500061035156,11355360
2006-11-15,45.65999984741211,53.8224983215332,54.0,53.29999923706055,53.5,16733080
2006-11-16,48.540122985839844,57.217498779296875,57.5,53.994998931884766,54.45000076293945,35798540
2006-11-17,47.78508758544922,56.32749938964844,57.435001373291016,55.90250015258789,57.349998474121094,17354240
2006-11-20,46.08628463745117,54.32500076293945,55.9900016784668,53.400001525878906,55.79999923706055,14746560
2006-11-21,46.3365478515625,54.619998931884766,55.650001525878906,53.5,54.435001373291016,12461440
2006-11-22,45.70454788208008,53.875,55.227500915527344,53.252498626708984,55.20000076293945,17546600
2006-11-23,47.21247482299805,55.65250015258789,56.130001068115234,54.0,54.900001525878906,7011380
2006-11-24,46.913421630859375,55.29999923706055,56.345001220703125,54.900001525878906,55.75,8895040
2006-11-27,47.12339401245117,55.54750061035156,55.93000030517578,53.01250076293945,54.3125,2316860
2006-11-28,46.11598587036133,54.36000061035156,55.45000076293945,54.087501525878906,55.25,4645680
2006-11-29,46.12234878540039,54.36750030517578,55.23500061035156,54.0,54.04999923706055,7745780
2006-11-30,47.58362579345703,56.09000015258789,56.31999969482422,54.70500183105469,54.70500183105469,18356040
2006-12-01,47.664207458496094,56.185001373291016,56.7400016784668,55.76499938964844,56.25,9143700
2006-12-04,46.67377471923828,55.01750183105469,56.70000076293945,54.904998779296875,56.150001525878906,6395980
2006-12-05,46.052364349365234,54.28499984741211,56.0,54.002498626708984,55.29750061035156,5469300
2006-12-06,46.118106842041016,54.36249923706055,55.400001525878906,54.099998474121094,55.23500061035156,5051120
2006-12-07,46.91979217529297,55.307498931884766,55.744998931884766,54.400001525878906,54.8849983215332,6126360
2006-12-08,46.05872344970703,54.29249954223633,55.29999923706055,54.20000076293945,55.17499923706055,3701000
2006-12-11,43.80424880981445,51.6349983215332,54.474998474121094,49.5625,54.474998474121094,13335340
2006-12-12,43.61125183105469,51.407501220703125,53.349998474121094,50.04999923706055,51.25,12647160
2006-12-13,44.075714111328125,51.95500183105469,53.5,50.51499938964844,51.744998931884766,8708600
2006-12-14,44.3577880859375,52.287498474121094,52.89500045776367,51.51250076293945,52.5,9197580
2006-12-15,44.80953598022461,52.81999969482422,53.744998931884766,52.502498626708984,53.04999923706055,6155600
2006-12-18,45.246429443359375,53.334999084472656,53.78499984741211,51.599998474121094,52.994998931884766,6566220
2006-12-19,44.06087112426758,51.9375,53.650001525878906,51.36750030517578,53.650001525878906,10369940
2006-12-20,43.29524612426758,51.03499984741211,52.400001525878906,50.25,51.98500061035156,13982640
2006-12-21,42.81167984008789,50.46500015258789,51.435001373291016,50.0,50.994998931884766,8435360
2006-12-22,42.66322326660156,50.290000915527344,50.95000076293945,50.04999923706055,50.95000076293945,7372820
2006-12-26,43.72578048706055,51.54249954223633,51.7400016784668,50.20000076293945,50.744998931884766,3797560
2006-12-27,44.94950866699219,52.98500061035156,53.15999984741211,51.75,51.75,4520940
2006-12-28,45.81270217895508,54.002498626708984,54.400001525878906,52.85499954223633,53.25,9042300
2006-12-29,45.29945373535156,53.397499084472656,54.935001373291016,53.150001525878906,54.29999923706055,6219780
2007-01-02,45.386409759521484,53.5,53.9900016784668,53.252498626708984,53.9900016784668,4033540
2007-01-03,45.18704605102539,53.26499938964844,53.5,52.65250015258789,53.400001525878906,3032100
2007-01-04,44.54018020629883,52.502498626708984,53.25,51.75,52.79999923706055,6866840
2007-01-05,44.83073806762695,52.845001220703125,53.692501068115234,51.70750045776367,52.73500061035156,11909340
2007-01-08,43.47550582885742,51.247501373291016,52.70000076293945,50.82749938964844,52.70000076293945,6214060
2007-01-09,43.006805419921875,50.69499969482422,51.747501373291016,50.20500183105469,51.599998474121094,10463200
2007-01-10,42.35994338989258,49.932498931884766,50.92499923706055,49.75,50.92250061035156,7135500
2007-01-11,42.25389099121094,49.807498931884766,50.88999938964844,49.05500030517578,50.42499923706055,20115340
2007-01-12,45.03010940551758,53.08000183105469,53.4900016784668,50.79999923706055,50.915000915527344,13665140
2007-01-15,46.404422760009766,54.70000076293945,55.150001525878906,53.75,53.997501373291016,9705900
2007-01-16,46.49349594116211,54.80500030517578,55.23500061035156,54.0099983215332,55.20000076293945,12846940
2007-01-17,45.01102066040039,53.057498931884766,55.0,52.45000076293945,54.95000076293945,17386300
2007-01-18,45.006778717041016,53.0525016784668,53.70000076293945,52.564998626708984,53.25,13192660
2007-01-19,45.318546295166016,53.41999816894531,53.88999938964844,52.599998474121094,52.599998474121094,9001000
2007-01-22,44.8052864074707,52.814998626708984,53.650001525878906,52.27750015258789,53.5,6886040
2007-01-23,43.81272506713867,51.64500045776367,52.75,51.42499923706055,52.75,10682440
2007-01-24,44.89649200439453,52.92250061035156,53.24250030517578,52.0,52.0,6323880
2007-01-25,45.22098159790039,53.30500030517578,53.75,52.650001525878906,53.0525016784668,10185640
2007-01-29,45.06404113769531,53.119998931884766,58.0,52.51499938964844,53.5,10488760
2007-01-31,45.751190185546875,53.93000030517578,54.29999923706055,52.29999923706055,53.29999923706055,16488260
2007-02-01,46.826473236083984,55.1974983215332,55.54999923706055,53.32749938964844,54.002498626708984,8651320
2007-02-02,46.91766357421875,55.30500030517578,56.25,54.814998626708984,55.474998474121094,18093780
2007-02-05,46.80101776123047,55.16749954223633,55.689998626708984,54.26499938964844,54.3125,4368420
2007-02-06,46.205047607421875,54.46500015258789,55.53499984741211,54.057498931884766,55.53499984741211,6354440
2007-02-07,46.74163055419922,55.09749984741211,55.72999954223633,53.91749954223633,54.25,10890960
2007-02-08,47.074607849121094,55.4900016784668,56.0,54.70000076293945,55.494998931884766,6671280
2007-02-09,47.24427795410156,55.689998626708984,56.0,54.400001525878906,54.412498474121094,9017100
2007-02-12,46.49137496948242,54.8025016784668,56.0,54.26750183105469,54.77750015258789,8921780
2007-02-13,45.33126449584961,53.435001373291016,54.5,52.564998626708984,54.5,22695760
2007-02-14,43.14889907836914,50.86249923706055,52.412498474121094,50.26250076293945,52.412498474121094,26720800
2007-02-15,44.190242767333984,52.09000015258789,53.244998931884766,51.005001068115234,51.25,15603000
2007-02-19,43.827571868896484,51.662498474121094,52.584999084472656,51.32749938964844,52.45000076293945,11822340
2007-02-20,43.75758743286133,51.58000183105469,51.994998931884766,51.30500030517578,51.962501525878906,4645380
2007-02-21,43.09587860107422,50.79999923706055,51.599998474121094,50.5,51.5,22538940
2007-02-22,41.87850570678711,49.3650016784668,51.20000076293945,48.900001525878906,50.900001525878906,21479960
2007-02-23,40.644168853759766,47.90999984741211,49.939998626708984,46.25,48.974998474121094,10172580
2007-02-26,40.37057113647461,47.587501525878906,49.349998474121094,47.0,48.8849983215332,7509420
2007-02-27,41.39495086669922,48.79499816894531,49.04999923706055,46.0,47.75,12713780
2007-02-28,39.66007995605469,46.75,47.400001525878906,45.0,45.29999923706055,18341040
2007-03-01,41.58159255981445,49.01499938964844,49.45000076293945,47.04999923706055,48.0,12116680
2007-03-02,39.77037048339844,46.880001068115234,49.0,46.20249938964844,49.0,13026420
2007-03-05,39.36528778076172,46.40250015258789,46.95000076293945,44.1775016784668,46.08250045776367,9433540
2007-03-06,39.361045837402344,46.397499084472656,47.150001525878906,45.51750183105469,46.45000076293945,13449560
2007-03-07,38.83506774902344,45.77750015258789,47.994998931884766,45.29999923706055,47.79999923706055,9825280
2007-03-08,41.32072067260742,48.70750045776367,49.5,45.77750015258789,45.95000076293945,10255320
2007-03-09,41.43737030029297,48.845001220703125,49.45000076293945,47.8125,49.150001525878906,8808060
2007-03-12,40.2984619140625,47.502498626708984,49.192501068115234,47.25749969482422,48.845001220703125,9646900
2007-03-13,40.72688674926758,48.00749969482422,48.5,47.01499938964844,48.0,6891480
2007-03-14,39.5731315612793,46.647499084472656,46.95000076293945,45.75,46.310001373291016,10374460
2007-03-15,38.95596694946289,45.91999816894531,49.0,45.75,48.25,10091540
2007-03-16,38.323944091796875,45.17499923706055,46.75,44.275001525878906,46.75,9597300
2007-03-19,39.22106170654297,46.23249816894531,46.650001525878906,45.252498626708984,45.5,5299660
2007-03-20,40.51902389526367,47.76250076293945,47.95000076293945,46.67499923706055,46.75,18142200
2007-03-21,40.95804977416992,48.279998779296875,48.494998931884766,47.5,47.900001525878906,6889140
2007-03-22,43.51581573486328,51.29499816894531,51.599998474121094,48.79999923706055,49.45000076293945,9608520
2007-03-23,42.890159606933594,50.557498931884766,51.5,49.79999923706055,51.5,11551640
2007-03-26,41.280426025390625,48.65999984741211,50.900001525878906,48.36249923706055,50.900001525878906,15065200
2007-03-28,40.654762268066406,47.92250061035156,48.650001525878906,47.599998474121094,48.650001525878906,8616320
2007-03-29,39.60707473754883,46.6875,47.747501373291016,46.400001525878906,47.599998474121094,51260300
2007-03-30,40.47237014770508,47.70750045776367,48.494998931884766,46.900001525878906,47.29999923706055,21617760
2007-04-02,38.23273849487305,45.067501068115234,46.099998474121094,44.744998931884766,45.505001068115234,13241560
2007-04-03,38.77780532836914,45.709999084472656,46.189998626708984,45.057498931884766,45.057498931884766,13015840
2007-04-04,39.238033294677734,46.252498626708984,46.849998474121094,46.0,46.25,7502780
2007-04-05,39.98245620727539,47.130001068115234,47.400001525878906,45.900001525878906,46.252498626708984,5772400
2007-04-09,41.193458557128906,48.557498931884766,48.75,47.130001068115234,47.48500061035156,4271380
2007-04-10,42.07574462890625,49.59749984741211,49.75,47.70000076293945,48.75,7468740
2007-04-11,41.54128646850586,48.967498779296875,49.849998474121094,48.75,49.5,8853740
2007-04-12,40.65053176879883,47.91749954223633,48.5,47.599998474121094,48.5,7133340
2007-04-13,41.6197624206543,49.060001373291016,49.349998474121094,47.599998474121094,48.0,8401980
2007-04-16,41.35466003417969,48.747501373291016,49.95000076293945,48.310001373291016,49.5,6233680
2007-04-17,41.486148834228516,48.90250015258789,49.70000076293945,48.58250045776367,49.04999923706055,14800380
2007-04-18,41.5858268737793,49.02000045776367,49.599998474121094,48.70500183105469,49.25,6378140
2007-04-19,41.67278289794922,49.122501373291016,49.599998474121094,48.005001068115234,48.32500076293945,6470360
2007-04-20,42.18815231323242,49.72999954223633,50.45000076293945,48.5,49.275001525878906,7150040
2007-04-23,41.857295989990234,49.34000015258789,50.415000915527344,49.20000076293945,49.95000076293945,6792960
2007-04-24,43.00043869018555,50.6875,51.22999954223633,48.8125,49.34000015258789,34375140
2007-04-25,43.73214340209961,51.54999923706055,52.0,50.75,50.75,32408380
2007-04-26,43.87847900390625,51.72249984741211,52.25,50.310001373291016,51.97249984741211,25270200
2007-04-27,43.03649139404297,50.72999954223633,52.0,49.26250076293945,49.26250076293945,7118740
2007-04-30,43.44157409667969,51.20750045776367,51.5,48.51250076293945,50.29999923706055,10217700
2007-05-03,42.61231231689453,50.22999954223633,52.0,50.0,51.25,20557680
2007-05-04,42.74593734741211,50.38750076293945,51.0,50.04999923706055,50.25,8374140
2007-05-07,42.419315338134766,50.002498626708984,50.994998931884766,49.900001525878906,50.557498931884766,8307880
2007-05-08,42.04816436767578,49.564998626708984,49.994998931884766,49.36000061035156,49.994998931884766,9539920
2007-05-09,42.1923942565918,49.73500061035156,49.900001525878906,49.0,49.525001525878906,4185720
2007-05-10,42.91773223876953,50.59000015258789,51.25,50.01250076293945,50.01250076293945,12945160
2007-05-11,42.10331726074219,49.630001068115234,50.5,47.877498626708984,49.33000183105469,14292300
2007-05-14,42.2432861328125,49.79499816894531,50.997501373291016,49.5625,50.25,15756120
2007-05-15,42.88591766357422,50.5525016784668,50.73500061035156,49.752498626708984,49.88999938964844,10986900
2007-05-16,43.9208984375,51.772499084472656,52.2400016784668,50.36750030517578,51.0,47687660
2007-05-17,44.5016975402832,52.102500915527344,52.994998931884766,51.60499954223633,52.20000076293945,23042340
2007-05-18,45.70813751220703,53.51499938964844,54.599998474121094,51.650001525878906,52.0,41166740
2007-05-21,47.266902923583984,55.34000015258789,56.099998474121094,53.75,54.0,22417600
2007-05-22,47.62135314941406,55.755001068115234,56.64500045776367,55.3125,56.130001068115234,15106340
2007-05-23,47.60214614868164,55.73249816894531,56.25,53.77750015258789,53.77750015258789,10822920
2007-05-24,46.59854507446289,54.557498931884766,56.04999923706055,54.0,55.279998779296875,7011260
2007-05-25,45.66115951538086,53.459999084472656,54.25,53.05500030517578,53.099998474121094,13399620
2007-05-28,48.13597106933594,56.35749816894531,56.75,54.94499969482422,54.94499969482422,14364120
2007-05-29,48.87263870239258,57.220001220703125,57.54999923706055,56.05500030517578,56.349998474121094,8731440
2007-05-30,47.14945602416992,55.20249938964844,57.25,54.79999923706055,57.25,13106680
2007-05-31,49.009307861328125,57.380001068115234,57.99250030517578,55.564998626708984,55.564998626708984,18391000
2007-06-01,49.259132385253906,57.67250061035156,58.25,57.04999923706055,57.349998474121094,14867460
2007-06-04,49.897586822509766,58.41999816894531,59.209999084472656,57.400001525878906,58.29999923706055,9738760
2007-06-05,49.521766662597656,57.97999954223633,58.25,57.50749969482422,58.0,6234920
2007-06-06,48.13810348510742,56.36000061035156,58.099998474121094,55.900001525878906,58.0,9076620
2007-06-07,47.21351623535156,55.27750015258789,56.494998931884766,55.04999923706055,55.970001220703125,6244300
2007-06-08,46.59001159667969,54.54750061035156,55.0,53.80500030517578,54.5,9823080
2007-06-11,46.86333465576172,54.86750030517578,56.400001525878906,54.5,55.275001525878906,9177920
2007-06-12,46.47044372558594,54.407501220703125,55.70000076293945,53.54999923706055,55.349998474121094,3986840
2007-06-13,46.24622344970703,54.14500045776367,54.5,53.74250030517578,54.407501220703125,7293920
2007-06-14,46.82276153564453,54.81999969482422,56.0,54.5,54.95000076293945,6880320
2007-06-15,47.41850662231445,55.51750183105469,55.900001525878906,54.75,55.0,7628140
2007-06-18,46.48325729370117,54.42250061035156,56.247501373291016,54.165000915527344,55.067501068115234,3837780
2007-06-19,46.974365234375,54.997501373291016,55.48500061035156,54.0,54.0,12678440
2007-06-20,46.978633880615234,55.002498626708984,55.77750015258789,54.36000061035156,54.75,13362220
2007-06-21,47.05337905883789,55.09000015258789,55.70000076293945,54.79999923706055,55.0,25488140
2007-06-22,47.104618072509766,55.150001525878906,55.8849983215332,54.849998474121094,54.849998474121094,12899220
2007-06-25,46.96796798706055,54.9900016784668,55.4900016784668,54.602500915527344,55.4900016784668,7349860
2007-06-26,46.920982360839844,54.935001373291016,55.5,54.5,54.5,14878840
2007-06-27,46.564388275146484,54.51750183105469,55.1875,54.150001525878906,55.1875,9577740
2007-06-28,46.86119842529297,54.8650016784668,55.125,53.75,54.70000076293945,14650180
2007-06-29,48.97300338745117,57.337501525878906,57.54999923706055,54.650001525878906,55.0,18784100
2007-07-02,49.007164001464844,57.377498626708984,58.25,56.54999923706055,58.25,10032480
2007-07-03,49.13315200805664,57.525001525878906,58.650001525878906,57.0,57.83000183105469,8261500
2007-07-04,49.143821716308594,57.537498474121094,57.74250030517578,56.54999923706055,57.70000076293945,5851020
2007-07-05,48.21925354003906,56.45500183105469,57.970001220703125,56.10499954223633,57.7400016784668,10347480
2007-07-06,49.46625900268555,57.915000915527344,58.29999923706055,56.26499938964844,56.904998779296875,10263640
2007-07-09,49.86343002319336,58.380001068115234,58.95000076293945,58.150001525878906,58.25,8755140
2007-07-10,49.08190155029297,57.46500015258789,59.970001220703125,57.20750045776367,59.970001220703125,18476240
2007-07-11,49.05841064453125,57.4375,58.20000076293945,56.95000076293945,57.599998474121094,8939960
2007-07-12,51.309017181396484,60.0724983215332,60.25,57.525001525878906,57.849998474121094,10772120
2007-07-13,52.37452697753906,61.31999969482422,62.0,60.13999938964844,60.29999923706055,17223940
2007-07-16,52.0008544921875,60.88249969482422,61.5,60.0,61.5,6617640
2007-07-17,51.217193603515625,59.96500015258789,61.3849983215332,59.459999084472656,61.0,6528200
2007-07-18,51.249229431152344,60.002498626708984,60.98500061035156,58.79999923706055,59.5,11781200
2007-07-19,51.642120361328125,60.462501525878906,60.97249984741211,58.79999923706055,59.55500030517578,19265640
2007-07-20,51.2855224609375,60.04499816894531,61.29999923706055,59.8125,61.04999923706055,7446440
2007-07-23,52.54107666015625,61.51499938964844,61.747501373291016,59.52750015258789,59.91999816894531,6900560
2007-07-24,53.335411071777344,62.44499969482422,62.75,60.557498931884766,61.44499969482422,9134500
2007-07-25,52.91476058959961,61.95249938964844,62.25,60.54999923706055,62.25,5462740
2007-07-26,51.9837646484375,60.86249923706055,61.875,59.54999923706055,61.875,11229180
2007-07-27,49.93815231323242,58.467498779296875,59.5,57.505001068115234,59.5,13060660
2007-07-30,49.916805267333984,58.442501068115234,59.900001525878906,57.599998474121094,57.994998931884766,9495620
2007-07-31,51.2727165222168,60.029998779296875,60.494998931884766,57.54999923706055,59.0,12367440
2007-08-01,49.59651184082031,58.067501068115234,59.5,56.0525016784668,59.44499969482422,19603560
2007-08-02,49.21428680419922,57.619998931884766,58.095001220703125,57.0099983215332,57.48500061035156,11486760
2007-08-03,49.3253288269043,57.75,58.45000076293945,56.900001525878906,58.349998474121094,5668700
2007-08-06,48.364444732666016,56.625,57.0,55.349998474121094,56.744998931884766,13700780
2007-08-07,48.74452590942383,57.06999969482422,58.45000076293945,56.54999923706055,57.900001525878906,7850720
2007-08-08,50.040653228759766,58.587501525878906,59.619998931884766,57.25,57.25,9735040
2007-08-09,49.35308837890625,57.782501220703125,59.625,56.95000076293945,59.39250183105469,9963460
2007-08-10,48.27903366088867,56.525001525878906,56.75,54.54999923706055,55.0625,11183340
2007-08-13,48.49896240234375,56.782501220703125,57.4474983215332,56.11000061035156,57.0,6990060
2007-08-14,49.01143264770508,57.38249969482422,57.599998474121094,56.314998626708984,56.755001068115234,3739280
2007-08-16,46.72026443481445,54.70000076293945,55.689998626708984,54.0625,55.064998626708984,13261400
2007-08-17,45.61418151855469,53.404998779296875,54.88999938964844,52.560001373291016,54.48500061035156,17813000
2007-08-20,47.44199752807617,55.54499816894531,56.95000076293945,55.057498931884766,55.057498931884766,16216840
2007-08-21,47.14519500732422,55.1974983215332,56.400001525878906,54.95249938964844,56.400001525878906,4472260
2007-08-22,47.719581604003906,55.869998931884766,56.095001220703125,54.90250015258789,55.20000076293945,10904820
2007-08-23,46.9828987121582,55.00749969482422,57.25,53.75,56.125,17498560
2007-08-24,46.87826919555664,54.8849983215332,56.099998474121094,54.002498626708984,54.935001373291016,16790980
2007-08-27,47.81354904174805,55.97999954223633,56.345001220703125,55.07749938964844,55.07749938964844,11009360
2007-08-28,49.13741683959961,57.529998779296875,57.91999816894531,55.9375,56.220001220703125,10280800
2007-08-29,49.64775466918945,58.127498626708984,59.0,56.025001525878906,56.04999923706055,13768500
2007-08-30,50.418601989746094,59.029998779296875,59.849998474121094,57.57749938964844,57.57749938964844,18028920
2007-08-31,50.03851318359375,58.584999084472656,59.75,57.900001525878906,58.650001525878906,13085820
2007-09-03,50.239234924316406,58.81999969482422,60.915000915527344,58.51750183105469,60.915000915527344,7861420
2007-09-04,50.241363525390625,58.8224983215332,59.75,58.275001525878906,59.0,4634660
2007-09-05,50.07054901123047,58.622501373291016,59.217498779296875,57.900001525878906,58.27750015258789,4036960
2007-09-06,50.58942413330078,59.22999954223633,59.380001068115234,57.95000076293945,58.0,3003320
2007-09-07,51.099754333496094,59.82749938964844,60.29999923706055,57.02750015258789,58.1150016784668,5225420
2007-09-10,51.08053970336914,59.80500030517578,60.29999923706055,58.5,58.54999923706055,4565040
2007-09-11,50.726078033447266,59.38999938964844,60.25,59.10749816894531,59.80500030517578,3622340
2007-09-12,50.48479461669922,59.10749816894531,60.095001220703125,59.0,59.599998474121094,2501020
2007-09-13,51.82362365722656,60.67499923706055,60.849998474121094,59.099998474121094,59.099998474121094,11261480
2007-09-14,52.64358139038086,61.6349983215332,62.494998931884766,60.5,60.599998474121094,8943820
2007-09-17,52.363853454589844,61.307498931884766,62.44499969482422,60.752498626708984,60.90999984741211,4804860
2007-09-18,52.57737350463867,61.557498931884766,61.74250030517578,60.1775016784668,61.0,4634780
2007-09-19,56.55543518066406,66.21499633789062,67.0,62.79999923706055,63.54999923706055,19943240
2007-09-20,56.6365852355957,66.30999755859375,66.94999694824219,65.50499725341797,66.3499984741211,10048500
2007-09-21,56.305606842041016,65.92250061035156,66.62249755859375,65.3499984741211,66.0824966430664,7397100
2007-09-24,57.503501892089844,67.32499694824219,67.80000305175781,66.76499938964844,67.0999984741211,8850200
2007-09-25,59.632381439208984,69.81749725341797,70.44999694824219,67.25,67.32499694824219,9633320
2007-09-26,58.75053024291992,68.78500366210938,69.5,68.00499725341797,69.5,15567160
2007-09-27,61.197566986083984,71.6500015258789,72.94999694824219,68.55249786376953,68.60250091552734,21646960
2007-09-28,61.3086051940918,71.77999877929688,72.19499969482422,70.1500015258789,71.92500305175781,11914540
2007-10-01,60.285804748535156,70.5824966430664,72.48500061035156,69.55999755859375,72.0,14461960
2007-10-03,60.84737777709961,71.23999786376953,71.94000244140625,70.30500030517578,70.68000030517578,9845300
2007-10-04,60.20252227783203,70.48500061035156,70.93499755859375,69.4000015258789,70.4000015258789,8058100
2007-10-05,59.92280197143555,70.15750122070312,71.0,69.61000061035156,70.5,5934180
2007-10-08,60.10214614868164,70.36750030517578,72.0,69.94999694824219,70.76499938964844,13414460
2007-10-09,60.691505432128906,71.05750274658203,71.25,68.30999755859375,68.30999755859375,9376780
2007-10-10,60.51214599609375,70.84750366210938,72.5,69.80500030517578,71.51000213623047,9075580
2007-10-11,62.38052749633789,73.03500366210938,73.74500274658203,71.05000305175781,71.25,9010140
2007-10-12,61.18475341796875,71.63500213623047,73.05000305175781,71.04000091552734,72.25,9317820
2007-10-15,64.02468872070312,74.95999908447266,76.25,72.5,72.5,22605080
2007-10-16,64.38983154296875,75.38749694824219,75.99250030517578,73.25499725341797,75.99250030517578,9401340
2007-10-17,62.468082427978516,73.13749694824219,74.23999786376953,65.25,70.31500244140625,12514880
2007-10-18,59.28435134887695,69.41000366210938,73.1500015258789,68.00499725341797,72.4000015258789,12403100
2007-10-19,58.351219177246094,68.31749725341797,72.0,66.91000366210938,67.5,9959160
2007-10-22,58.58822250366211,68.59500122070312,69.8499984741211,66.55000305175781,68.94000244140625,11298040
2007-10-23,63.55494689941406,74.41000366210938,75.75,69.41500091552734,69.9000015258789,17765180
2007-10-24,64.65461730957031,75.69750213623047,76.25,73.42500305175781,76.0,12287460
2007-10-25,66.3649673461914,77.69999694824219,78.94249725341797,73.26499938964844,74.75499725341797,12865860
2007-10-26,66.04467010498047,77.32499694824219,77.99500274658203,74.30999755859375,76.9000015258789,6943260
2007-10-29,70.33448791503906,82.34750366210938,83.5,78.75,79.0999984741211,5857960
2007-10-30,69.20707702636719,81.02749633789062,85.91999816894531,80.61750030517578,82.75,8068040
2007-10-31,70.60995483398438,82.66999816894531,83.44999694824219,79.0,79.5,8414440
2007-11-01,72.18152618408203,84.51000213623047,86.41999816894531,83.3125,86.41999816894531,14329740
2007-11-02,75.61082458496094,88.5250015258789,89.98999786376953,82.02749633789062,82.02749633789062,5836120
2007-11-05,73.28547668457031,85.80249786376953,87.5,83.76499938964844,87.5,9186000
2007-11-06,72.95023345947266,85.41000366210938,87.3949966430664,84.5,86.25,7367280
2007-11-07,69.04905700683594,80.84249877929688,87.38500213623047,80.5,87.38500213623047,9072080
2007-11-08,66.42263793945312,77.76750183105469,79.4800033569336,77.25,79.0,10426800
2007-11-12,63.091575622558594,73.86750030517578,76.0,72.75,74.01249694824219,16731300
2007-11-13,67.22763061523438,78.70999908447266,84.0,71.25,71.25,20645840
2007-11-14,74.83357238769531,87.61499786376953,89.0,81.0,81.98999786376953,23823680
2007-11-15,72.61927032470703,85.02249908447266,87.5,83.76249694824219,87.5,9536920
2007-11-16,72.04913330078125,84.3550033569336,85.1500015258789,81.5999984741211,82.5,13168660
2007-11-19,70.65906524658203,82.72750091552734,84.3499984741211,82.26499938964844,84.3499984741211,17750520
2007-11-20,69.62345123291016,81.51499938964844,83.69999694824219,80.9124984741211,81.5,11291720
2007-11-21,67.5137710571289,79.04499816894531,80.6500015258789,78.25,80.6500015258789,11127660
2007-11-22,67.97500610351562,79.58499908447266,80.19999694824219,77.56999969482422,79.9000015258789,9680020
2007-11-23,66.73654174804688,78.13500213623047,80.30000305175781,77.06500244140625,79.26000213623047,8636700
2007-11-26,70.18075561523438,82.1675033569336,83.6875,80.50749969482422,80.50749969482422,8477140
2007-11-27,69.72380065917969,81.63249969482422,82.7750015258789,80.0,81.19999694824219,11135400
2007-11-28,68.60063934326172,80.31749725341797,84.75,79.26000213623047,84.75,10708140
2007-11-29,71.50678253173828,83.72000122070312,84.69999694824219,81.44000244140625,81.44000244140625,20858060
2007-11-30,73.28976440429688,85.80750274658203,87.4175033569336,84.69999694824219,85.0,12315080
2007-12-03,72.4334945678711,84.80500030517578,86.75,84.0,86.75,9809040
2007-12-04,72.67050170898438,85.0824966430664,86.4000015258789,84.53250122070312,86.4000015258789,5247320
2007-12-05,73.616455078125,86.19000244140625,86.9000015258789,84.75,85.25,16401940
2007-12-06,72.17086029052734,84.49749755859375,89.0,83.61000061035156,87.0,10360420
2007-12-07,73.44561767578125,85.98999786376953,87.0,85.5,85.5,11839500
2007-12-10,72.08544158935547,84.39749908447266,86.5,83.87000274658203,86.0,8191940
2007-12-11,76.03998565673828,89.02749633789062,89.75,84.25,84.4000015258789,7261500
2007-12-12,76.18948364257812,89.20249938964844,89.94000244140625,86.05000305175781,88.8499984741211,14992920
2007-12-13,75.00652313232422,87.81749725341797,88.8949966430664,87.19999694824219,88.75,7964560
2007-12-14,73.64421844482422,86.22250366210938,88.25,85.0,88.25,9556480
2007-12-17,71.89752960205078,84.17749786376953,85.94999694824219,83.25,85.94999694824219,9451120
2007-12-18,70.966552734375,83.0875015258789,85.25,80.82749938964844,83.4000015258789,13267720
2007-12-19,70.59501647949219,82.65249633789062,85.0,81.62750244140625,85.0,11025860
2007-12-20,70.15298461914062,82.13500213623047,82.99250030517578,81.3125,82.5,11873800
2007-12-24,72.52104187011719,84.90750122070312,85.25,82.51499938964844,83.30750274658203,6793060
2007-12-26,72.88831329345703,85.3375015258789,85.75,84.0,84.90750122070312,4321680
2007-12-27,74.54317474365234,87.2750015258789,87.9000015258789,85.5,85.5,8729880
2007-12-28,73.89402770996094,86.51499938964844,86.9000015258789,83.36000061035156,84.94999694824219,6754740
2007-12-31,73.84280395507812,86.45500183105469,87.5,85.4000015258789,87.5,3779240
2008-01-01,73.85986328125,86.4749984741211,86.94999694824219,85.25,86.5,2621040
2008-01-02,73.25346374511719,85.76499938964844,86.73999786376953,84.51499938964844,86.69999694824219,12479500
2008-01-03,72.36089324951172,84.72000122070312,85.5,83.80999755859375,85.5,14037280
2008-01-04,72.44630432128906,84.81999969482422,85.69999694824219,84.69999694824219,85.1500015258789,7459640
2008-01-07,70.69535064697266,82.7699966430664,83.91999816894531,80.61499786376953,82.55000305175781,12644920
2008-01-08,73.27265167236328,85.7874984741211,86.13999938964844,83.5,84.44999694824219,18334980
2008-01-09,74.50473022460938,87.2300033569336,88.3499984741211,85.01499938964844,85.7249984741211,20098380
2008-01-10,73.53956604003906,86.0999984741211,89.87999725341797,85.25749969482422,89.4749984741211,17222000
2008-01-11,75.3567123413086,88.22750091552734,88.9000015258789,86.1050033569336,86.4000015258789,8302200
2008-01-14,76.15105438232422,89.15750122070312,91.25,86.11499786376953,88.69999694824219,23350920
2008-01-15,76.39872741699219,89.44750213623047,91.01499938964844,88.32749938964844,91.01499938964844,12456840
2008-01-16,71.4790267944336,83.6875,86.93000030517578,82.51499938964844,84.75,24563400
2008-01-17,70.1914291381836,82.18000030517578,83.4000015258789,80.61000061035156,83.1050033569336,26713380
2008-01-18,67.09097290039062,78.55000305175781,81.30000305175781,77.77999877929688,79.05500030517578,19934820
2008-01-21,64.36209106445312,75.3550033569336,79.5,74.0,79.5,14869780
2008-01-22,60.91571044921875,71.31999969482422,89.0,67.55000305175781,74.94499969482422,23290120
2008-01-23,65.5236587524414,76.71499633789062,85.0,69.0,75.94999694824219,18665740
2008-01-24,64.50300598144531,75.5199966430664,81.8499984741211,73.75,76.5,16283820
2008-01-25,68.69034576416016,80.42250061035156,84.0,76.25499725341797,77.19999694824219,12144620
2008-01-28,67.91094207763672,79.51000213623047,80.0,71.5,77.5,11916140
2008-01-29,65.6539306640625,76.86750030517578,81.3499984741211,75.01000213623047,79.94000244140625,12190420
2008-01-30,65.46602630615234,76.64749908447266,78.69999694824219,75.25,78.69999694824219,7930220
2008-01-31,67.0290756225586,78.47750091552734,79.49500274658203,75.75250244140625,77.0999984741211,12793700
2008-02-01,67.09097290039062,78.55000305175781,79.13999938964844,74.26000213623047,78.75,14574460
2008-02-04,66.08314514160156,77.37000274658203,81.19000244140625,76.30000305175781,81.19000244140625,10982600
2008-02-05,64.58202362060547,75.61250305175781,79.87000274658203,75.01249694824219,78.0,12142820
2008-02-06,64.06312561035156,75.00499725341797,75.73750305175781,72.56999969482422,74.99500274658203,15731880
2008-02-07,63.70866775512695,74.58999633789062,75.5999984741211,74.0999984741211,74.94999694824219,33430640
2008-02-08,61.57979202270508,72.09750366210938,75.1500015258789,71.1500015258789,74.55000305175781,7761320
2008-02-11,60.24735641479492,70.5374984741211,73.44999694824219,67.53500366210938,72.09750366210938,13853780
2008-02-12,60.11497116088867,70.38249969482422,72.25,69.3125,71.5,9261840
2008-02-13,62.7136344909668,73.42500305175781,74.4000015258789,71.5,71.98999786376953,11688240
2008-02-14,65.6155014038086,76.82250213623047,77.75,74.94999694824219,74.94999694824219,12665300
2008-02-15,66.71731567382812,78.11250305175781,78.75,74.61499786376953,76.0,10884640
2008-02-18,66.4866943359375,77.84249877929688,79.5,77.01499938964844,78.9000015258789,3478480
2008-02-19,67.12940979003906,78.59500122070312,79.88500213623047,77.75749969482422,79.80000305175781,5489420
2008-02-20,65.64752960205078,76.86000061035156,78.5,75.44999694824219,78.5,7939100
2008-02-21,65.80341339111328,77.0425033569336,78.5,74.85749816894531,77.0,5978400
2008-02-22,62.9613151550293,73.71499633789062,76.98500061035156,73.00250244140625,73.5199966430664,9438340
2008-02-25,60.717140197753906,71.0875015258789,75.48999786376953,69.76750183105469,74.94499969482422,27321760
2008-02-26,62.13282775878906,72.74500274658203,73.47250366210938,72.25,72.5,12350240
2008-02-27,62.02177810668945,72.61499786376953,74.33000183105469,72.06500244140625,73.5,9212020
2008-02-28,62.886600494384766,73.62750244140625,74.55000305175781,72.5999984741211,73.44499969482422,12499920
2008-02-29,62.211849212646484,72.8375015258789,73.71499633789062,70.58499908447266,73.0,13693900
2008-03-03,59.35694885253906,69.49500274658203,71.5,68.1050033569336,71.5,10176000
2008-03-04,57.72772216796875,67.5875015258789,69.75,64.6624984741211,69.75,16964140
2008-03-05,56.91630554199219,66.63749694824219,67.5875015258789,66.01249694824219,67.0999984741211,12435040
2008-03-07,54.75965881347656,64.11250305175781,66.5,62.84749984741211,66.5,18383840
2008-03-10,56.00879669189453,65.57499694824219,66.43000030517578,61.255001068115234,63.25,15564540
2008-03-11,56.935523986816406,66.66000366210938,67.55000305175781,63.5099983215332,64.25499725341797,20753240
2008-03-12,58.530574798583984,68.52749633789062,71.98999786376953,67.31999969482422,69.69999694824219,12473880
2008-03-13,55.481380462646484,64.9574966430664,67.25,64.28250122070312,67.0,8559700
2008-03-14,56.17749786376953,65.77249908447266,66.29499816894531,63.75,64.75,9006800
2008-03-17,52.35744094848633,61.29999923706055,63.75,59.75,62.25,17274360
2008-03-18,52.568843841552734,61.54750061035156,61.900001525878906,58.27750015258789,61.20000076293945,24222920
2008-03-19,54.3475341796875,63.630001068115234,66.74749755859375,62.25,63.75,25308920
2008-03-24,57.30705642700195,67.09500122070312,67.55000305175781,64.25749969482422,64.25749969482422,12884240
2008-03-25,60.386146545410156,70.69999694824219,71.75,68.25,68.5,17537260
2008-03-26,61.462345123291016,71.95999908447266,72.8324966430664,69.83000183105469,70.05999755859375,24661680
2008-03-27,61.20610427856445,71.66000366210938,73.36000061035156,69.30000305175781,70.05999755859375,17155740
2008-03-28,60.08721923828125,70.3499984741211,71.3125,68.30000305175781,71.25,12130140
2008-03-31,56.852237701416016,66.5625,70.0,64.51499938964844,70.0,23602140
2008-04-01,55.9255256652832,65.47750091552734,67.0,63.5,66.00250244140625,15136540
2008-04-02,56.71345138549805,66.4000015258789,70.05000305175781,65.4000015258789,69.0,13423660
2008-04-03,56.84798049926758,66.55750274658203,68.42500305175781,65.25499725341797,66.25,11518100
2008-04-04,55.255043029785156,64.69249725341797,66.00250244140625,64.27999877929688,66.0,23299320
2008-04-07,55.662879943847656,65.16999816894531,66.12999725341797,63.90999984741211,64.4000015258789,12104000
2008-04-08,55.882816314697266,65.42749786376953,66.25,64.50499725341797,66.25,14698460
2008-04-09,58.92774200439453,68.99250030517578,69.94999694824219,64.80249786376953,65.44999694824219,15735320
2008-04-10,56.65153121948242,66.32749938964844,68.76249694824219,66.05500030517578,68.76249694824219,10847260
2008-04-11,56.800994873046875,66.50250244140625,67.75,65.0999984741211,67.44999694824219,8359040
2008-04-15,55.65861129760742,65.16500091552734,66.68499755859375,63.76499938964844,65.51499938964844,17942760
2008-04-16,55.87215042114258,65.41500091552734,66.69999694824219,65.04499816894531,66.54750061035156,11031900
2008-04-17,59.83952331542969,70.05999755859375,70.75,65.9000015258789,65.9000015258789,36265280
2008-04-21,62.38264083862305,73.0374984741211,73.72250366210938,69.0999984741211,70.25,17950720
2008-04-22,64.41118621826172,75.4124984741211,75.82250213623047,71.41000366210938,72.5,13991420
2008-04-23,61.724998474121094,72.26750183105469,75.44000244140625,71.78500366210938,75.44000244140625,10959740
2008-04-24,61.607547760009766,72.12999725341797,73.49749755859375,70.40499877929688,73.49749755859375,24423020
2008-04-25,64.07594299316406,75.0199966430664,75.4000015258789,72.5250015258789,72.73500061035156,10903280
2008-04-28,65.0560531616211,76.1675033569336,77.44999694824219,75.0199966430664,75.0199966430664,23126160
2008-04-29,66.47109985351562,77.38999938964844,77.94999694824219,75.06999969482422,75.94999694824219,11831380
2008-04-30,65.45542907714844,76.2074966430664,77.40499877929688,75.25,77.40499877929688,16181420
2008-05-02,66.15330505371094,77.0199966430664,78.84750366210938,76.5999984741211,77.25,11967760
2008-05-05,65.6444091796875,76.42749786376953,77.94249725341797,75.80999755859375,77.0,8403100
2008-05-06,66.25852966308594,77.14250183105469,77.5,76.25,76.25,8619960
2008-05-07,66.21772003173828,77.09500122070312,77.5999984741211,75.76750183105469,76.9749984741211,6881160
2008-05-08,64.77689361572266,75.4175033569336,76.16999816894531,72.61000061035156,75.0,11781360
2008-05-09,62.378387451171875,72.625,80.0,72.16000366210938,78.11750030517578,12408460
2008-05-12,63.046199798583984,73.40249633789062,73.84500122070312,71.31749725341797,71.31749725341797,5235260
2008-05-13,63.57012176513672,74.01249694824219,74.75,73.00250244140625,74.48500061035156,10483240
2008-05-14,62.90663146972656,73.23999786376953,73.73500061035156,72.5,73.25,12053760
2008-05-15,63.49496841430664,73.92500305175781,74.3375015258789,72.61499786376953,72.61499786376953,4635880
2008-05-16,64.43549346923828,75.0199966430664,76.38500213623047,74.5999984741211,75.5,9818520
2008-05-20,62.75202941894531,73.05999755859375,75.25,72.5,75.0,12626240
2008-05-21,60.555362701416016,70.50250244140625,72.50499725341797,69.62249755859375,72.50499725341797,28917680
2008-05-22,59.42588424682617,69.1875,70.4000015258789,67.55000305175781,70.4000015258789,10268020
2008-05-23,59.329261779785156,69.07499694824219,70.54000091552734,68.6050033569336,70.4000015258789,13286840
2008-05-26,57.873409271240234,67.37999725341797,69.07499694824219,66.80000305175781,68.5,7817180
2008-05-27,57.2335205078125,66.63500213623047,68.5,65.94999694824219,68.24500274658203,12565100
2008-05-28,58.03445053100586,67.56749725341797,68.02999877929688,65.8499984741211,66.73500061035156,8254020
2008-05-29,56.668785095214844,65.97750091552734,68.73999786376953,65.19999694824219,68.25,12834520
2008-05-30,58.77956771850586,68.43499755859375,69.1449966430664,65.05000305175781,65.05000305175781,13161520
2008-06-02,56.280128479003906,65.5250015258789,69.0,64.69999694824219,69.0,9821940
2008-06-03,54.38623046875,63.31999969482422,65.5,62.32500076293945,65.5,10400820
2008-06-04,52.178829193115234,60.75,63.5,59.80500030517578,63.5,9689180
2008-06-05,53.60247039794922,62.407501220703125,64.49500274658203,59.02000045776367,61.0,21232940
2008-06-06,52.9282341003418,61.622501373291016,63.747501373291016,60.900001525878906,62.5,19993160
2008-06-09,50.83034133911133,59.18000030517578,60.002498626708984,57.95000076293945,60.0,11123780
2008-06-10,48.62937927246094,56.61750030517578,59.744998931884766,56.0,58.5,31157420
2008-06-11,51.37789535522461,59.817501068115234,60.48749923706055,56.1150016784668,57.25,25568940
2008-06-12,49.88339614868164,58.07749938964844,58.7400016784668,56.0625,57.814998626708984,24675380
2008-06-13,48.19133758544922,56.10749816894531,58.67499923706055,55.67499923706055,57.619998931884766,14506540
2008-06-16,49.35516357421875,57.462501525878906,58.599998474121094,56.5,56.880001068115234,20103260
2008-06-17,52.120853424072266,60.682498931884766,61.25,57.5,57.5,25744440
2008-06-18,50.17756271362305,58.41999816894531,61.599998474121094,58.119998931884766,61.599998474121094,21475980
2008-06-19,48.2256965637207,56.147499084472656,57.75,55.599998474121094,56.1150016784668,11940000
2008-06-20,47.164939880371094,54.912498474121094,56.900001525878906,54.627498626708984,56.099998474121094,12981700
2008-06-23,47.048980712890625,54.77750015258789,55.994998931884766,53.75,53.75,14868460
2008-06-24,45.507240295410156,52.98249816894531,55.44499969482422,52.099998474121094,54.0,7222820
2008-06-25,46.13854217529297,53.717498779296875,54.09000015258789,50.75749969482422,52.0,25943520
2008-06-26,45.54374694824219,53.025001525878906,54.939998626708984,52.005001068115234,54.04499816894531,27974340
2008-06-27,43.8731689453125,51.08000183105469,52.45000076293945,49.79999923706055,52.45000076293945,20918020
2008-06-30,43.263336181640625,50.369998931884766,50.77000045776367,49.75,50.5,13423280
2008-07-01,41.45317840576172,48.26250076293945,50.75,47.502498626708984,50.75,20463360
2008-07-02,44.130836486816406,51.380001068115234,52.5,47.900001525878906,48.25,18080340
2008-07-03,42.277740478515625,49.22249984741211,51.0,47.25,50.900001525878906,34043780
2008-07-04,42.95841979980469,50.01499938964844,50.349998474121094,49.154998779296875,49.307498931884766,28030260
2008-07-07,43.17744445800781,50.27000045776367,52.5,49.814998626708984,50.0,27912660
2008-07-08,43.020694732666016,50.087501525878906,51.48500061035156,48.0,50.0,24163840
2008-07-09,45.447120666503906,52.912498474121094,53.345001220703125,50.01499938964844,51.45000076293945,46627720
2008-07-10,45.27318572998047,52.709999084472656,53.82500076293945,51.564998626708984,52.5,26190300
2008-07-11,45.85725402832031,53.38999938964844,53.75,51.755001068115234,52.25,21049640
2008-07-14,44.30475616455078,51.58250045776367,53.5,50.5625,53.38999938964844,19296800
2008-07-15,39.430442810058594,45.907501220703125,50.9900016784668,45.59749984741211,50.9900016784668,37121580
2008-07-16,38.80559158325195,45.18000030517578,47.0,44.6150016784668,45.900001525878906,21831700
2008-07-17,41.169734954833984,47.932498931884766,48.95000076293945,47.400001525878906,47.439998626708984,46489000
2008-07-18,44.427162170410156,51.724998474121094,52.150001525878906,48.685001373291016,48.685001373291016,56678300
2008-07-21,46.54008102416992,54.185001373291016,54.69499969482422,52.2599983215332,52.5,24730240
2008-07-22,47.29592514038086,55.064998626708984,58.752498626708984,53.502498626708984,53.502498626708984,45148360
2008-07-23,51.73219299316406,60.22999954223633,60.75,56.775001525878906,56.775001525878906,47566960
2008-07-24,52.131591796875,60.69499969482422,62.45000076293945,59.275001525878906,62.20000076293945,26460660
2008-07-25,48.37599563598633,56.3224983215332,59.73500061035156,55.900001525878906,57.65999984741211,40124160
2008-07-28,48.4082145690918,56.36000061035156,57.73500061035156,55.5,56.3224983215332,29768040
2008-07-29,44.20384979248047,51.46500015258789,55.98500061035156,50.150001525878906,55.98500061035156,49470820
2008-07-30,46.984561920166016,54.70249938964844,55.25,52.25,52.5,36235540
2008-07-31,47.16064453125,54.907501220703125,56.439998626708984,52.912498474121094,55.0,36079500
2008-08-01,47.5965461730957,55.415000915527344,56.25,51.3125,54.73500061035156,61370000
2008-08-04,47.615867614746094,55.4375,56.72249984741211,54.76499938964844,55.5099983215332,20113860
2008-08-05,50.868995666503906,59.224998474121094,59.75,54.900001525878906,55.01250076293945,41716340
2008-08-06,52.23896026611328,60.81999969482422,64.66500091552734,59.8849983215332,60.599998474121094,66547600
2008-08-07,53.79572677612305,62.63249969482422,63.25,60.0,60.0,37795060
2008-08-08,55.103416442871094,64.15499877929688,64.75,61.29999923706055,62.5,42487040
2008-08-11,56.32306671142578,65.57499694824219,66.79000091552734,64.55000305175781,66.48999786376953,53257300
2008-08-12,54.3282585144043,63.252498626708984,66.0,62.7599983215332,65.5999984741211,27192080
2008-08-13,52.279747009277344,60.86750030517578,62.5,60.6150016784668,62.0625,24319980
2008-08-14,50.452423095703125,58.7400016784668,60.86750030517578,58.25,60.86750030517578,19485840
2008-08-18,51.687103271484375,60.1775016784668,61.189998626708984,58.02000045776367,58.45000076293945,30093880
2008-08-19,51.828819274902344,60.342498779296875,60.5,58.314998626708984,59.5,18360480
2008-08-20,53.175167083740234,61.90999984741211,62.400001525878906,60.06999969482422,60.61000061035156,21819080
2008-08-21,50.089534759521484,58.317501068115234,62.0,58.025001525878906,61.599998474121094,13882360
2008-08-22,51.27696990966797,59.70000076293945,59.900001525878906,57.54999923706055,58.0,20124380
2008-08-25,51.86532974243164,60.3849983215332,62.09000015258789,60.212501525878906,60.505001068115234,15062700
2008-08-26,53.73774719238281,62.564998626708984,63.099998474121094,59.787498474121094,60.0,28607800
2008-08-27,52.99479293823242,61.70000076293945,63.400001525878906,61.29999923706055,63.189998626708984,28482020
2008-08-28,52.09722900390625,60.654998779296875,62.3849983215332,59.900001525878906,61.5,27136360
2008-08-29,54.828575134277344,63.834999084472656,64.73500061035156,61.810001373291016,61.810001373291016,24888920
2008-09-01,55.75619125366211,64.91500091552734,65.5,62.474998474121094,62.474998474121094,14423480
2008-09-02,57.53199005126953,66.98249816894531,69.30000305175781,64.25499725341797,65.12000274658203,57122060
2008-09-04,55.96018600463867,65.15249633789062,66.81999969482422,64.36499786376953,65.01000213623047,50381320
2008-09-05,53.61750030517578,62.42499923706055,64.0,62.0,63.75,47930240
2008-09-08,55.876441955566406,65.05500030517578,65.94999694824219,64.54750061035156,64.69999694824219,34216720
2008-09-09,55.554351806640625,64.68000030517578,65.67500305175781,63.314998626708984,63.5,35867160
2008-09-10,54.785621643066406,63.78499984741211,64.48999786376953,62.5,64.48999786376953,33393840
2008-09-11,53.810768127441406,62.650001525878906,64.19499969482422,62.400001525878906,63.252498626708984,24340400
2008-09-12,53.45431137084961,62.23500061035156,63.73500061035156,61.150001525878906,62.75749969482422,26068580
2008-09-15,51.6806526184082,60.16999816894531,60.75,57.79249954223633,60.26250076293945,34826660
2008-09-16,52.838050842285156,61.51750183105469,62.20000076293945,53.787498474121094,57.5,28293580
2008-09-17,50.99139404296875,59.36750030517578,62.400001525878906,58.26499938964844,62.3849983215332,33372980
2008-09-18,52.554595947265625,61.1875,61.70000076293945,54.349998474121094,58.94499969482422,54211440
2008-09-19,55.80988311767578,64.97750091552734,65.19999694824219,62.75749969482422,63.01250076293945,36326260
2008-09-22,55.85926055908203,65.03500366210938,66.10250091552734,64.11000061035156,65.30000305175781,22754180
2008-09-23,52.98405075073242,61.6875,64.5875015258789,61.1150016784668,63.755001068115234,22109880
2008-09-24,54.996063232421875,64.02999877929688,64.75,62.439998626708984,62.439998626708984,26159940
2008-09-25,55.85711669921875,65.03250122070312,65.73999786376953,63.404998779296875,63.755001068115234,34824680
2008-09-26,53.45001220703125,62.22999954223633,65.0,61.5099983215332,64.99749755859375,26172660
2008-09-29,51.549678802490234,60.01750183105469,63.349998474121094,59.2599983215332,63.349998474121094,28521460
2008-09-30,52.81011962890625,61.48500061035156,62.157501220703125,57.0,57.0,46326400
2008-10-01,55.625213623046875,64.76249694824219,65.25,60.56999969482422,61.900001525878906,27338800
2008-10-03,54.78776550292969,63.787498474121094,65.43499755859375,63.16749954223633,64.0,27906840
2008-10-06,51.652748107910156,60.13750076293945,63.0,59.6150016784668,62.5,30037180
2008-10-07,48.479068756103516,56.442501068115234,62.5,54.654998779296875,61.50749969482422,57285380
2008-10-08,47.49991226196289,55.3025016784668,56.54999923706055,48.75,54.70000076293945,67626300
2008-10-10,44.996192932128906,52.38750076293945,54.900001525878906,48.755001068115234,52.005001068115234,90773920
2008-10-13,50.377262115478516,58.65250015258789,59.5,52.45500183105469,53.525001525878906,44092840
2008-10-14,49.0008544921875,57.04999923706055,62.400001525878906,56.29999923706055,61.25,43950620
2008-10-15,48.81834030151367,56.837501525878906,57.69499969482422,55.150001525878906,55.75,32890720
2008-10-16,46.95236587524414,54.665000915527344,56.064998626708984,52.04999923706055,54.95000076293945,54627240
2008-10-17,44.0771598815918,51.317501068115234,57.25,50.25,56.400001525878906,34234280
2008-10-20,46.39621353149414,54.01750183105469,55.64250183105469,51.54999923706055,51.75,24365620
2008-10-21,46.79131317138672,54.477500915527344,56.099998474121094,53.60499954223633,55.0,30895360
2008-10-22,45.02839660644531,52.42499923706055,55.25,52.0,53.5,25920440
2008-10-23,46.13424301147461,53.712501525878906,55.900001525878906,49.852500915527344,51.25,34135140
2008-10-24,41.78171920776367,48.64500045776367,52.5,46.11750030517578,52.5,63935240
2008-10-27,40.03812026977539,46.6150016784668,47.5,43.099998474121094,47.5,34216220
2008-10-29,40.83906555175781,47.54750061035156,49.997501373291016,46.01750183105469,49.5,47965580
2008-10-31,43.916099548339844,51.130001068115234,53.0,48.25,48.25,58745580
2008-11-03,45.975341796875,53.52750015258789,54.900001525878906,52.0,52.75749969482422,43100720
2008-11-04,47.783355712890625,55.63249969482422,56.587501525878906,52.50749969482422,53.97249984741211,42095380
2008-11-05,47.16923522949219,54.91749954223633,58.400001525878906,54.0,57.252498626708984,30025520
2008-11-06,45.618896484375,53.11249923706055,55.25,51.564998626708984,53.005001068115234,26108760
2008-11-07,46.80205154418945,54.4900016784668,55.75,51.599998474121094,53.29999923706055,27560740
2008-11-10,47.27015686035156,55.03499984741211,55.73500061035156,52.625,55.5,36987140
2008-11-11,43.94831848144531,51.16749954223633,54.400001525878906,50.75749969482422,54.099998474121094,24708200
2008-11-12,43.23113250732422,50.33250045776367,53.04999923706055,49.61000061035156,50.002498626708984,38022440
2008-11-14,43.32990264892578,50.4474983215332,52.95000076293945,50.119998931884766,51.54999923706055,35778060
2008-11-17,40.216346740722656,46.8224983215332,50.7400016784668,45.314998626708984,50.55500030517578,71692220
2008-11-18,39.29945755004883,45.755001068115234,46.537498474121094,44.282501220703125,46.0,50241820
2008-11-19,37.987483978271484,44.227500915527344,48.70000076293945,43.505001068115234,46.25,48777380
2008-11-20,35.266876220703125,41.060001373291016,42.98500061035156,40.45000076293945,42.98500061035156,64849280
2008-11-21,36.78070831298828,42.8224983215332,43.400001525878906,39.900001525878906,41.502498626708984,62015900
2008-11-24,35.60614776611328,41.45500183105469,42.852500915527344,40.400001525878906,42.75,36073340
2008-11-25,35.876708984375,41.77000045776367,44.25,41.415000915527344,42.25,48339900
2008-11-26,38.91080093383789,45.3025016784668,46.224998474121094,41.75,42.5,48547600
2008-11-27,38.91080093383789,45.3025016784668,45.3025016784668,45.3025016784668,45.3025016784668,0
2008-11-28,39.62800216674805,46.13750076293945,46.79999923706055,39.57749938964844,40.502498626708984,55185040
2008-12-01,38.601593017578125,44.942501068115234,48.5,44.5,46.25,42957000
2008-12-02,38.04545211791992,44.29499816894531,44.73749923706055,42.255001068115234,43.997501373291016,34729680
2008-12-03,37.80924987792969,44.02000045776367,45.099998474121094,43.05500030517578,45.099998474121094,39434520
2008-12-04,39.1641845703125,45.59749984741211,45.935001373291016,43.599998474121094,43.599998474121094,35790980
2008-12-05,38.23440933227539,44.51499938964844,46.79999923706055,43.25,46.0,39840780
2008-12-08,38.56509780883789,44.900001525878906,47.70000076293945,44.10499954223633,46.22249984741211,49286640
2008-12-10,39.67094421386719,46.1875,46.997501373291016,45.150001525878906,45.150001525878906,64598740
2008-12-11,39.447628021240234,45.9275016784668,47.45000076293945,45.10749816894531,46.25,44658380
2008-12-12,39.50775146484375,45.997501373291016,46.5,43.79999923706055,45.25,32151040
2008-12-15,40.55132293701172,47.212501525878906,47.935001373291016,46.25,46.75749969482422,30706780
2008-12-16,42.29920959472656,49.247501373291016,49.95000076293945,46.6150016784668,46.849998474121094,37878500
2008-12-17,43.040016174316406,50.11000061035156,51.0,49.400001525878906,50.15999984741211,51596780
2008-12-18,45.46428680419922,52.932498931884766,53.494998931884766,49.650001525878906,49.904998779296875,39705300
2008-12-19,45.18299865722656,52.60499954223633,54.217498779296875,51.630001068115234,52.54999923706055,40583380
2008-12-22,43.740028381347656,50.92499923706055,53.25,50.400001525878906,52.599998474121094,23885380
2008-12-23,42.07803726196289,48.9900016784668,50.900001525878906,48.657501220703125,50.599998474121094,26338860
2008-12-24,42.266998291015625,49.209999084472656,50.0,47.099998474121094,49.720001220703125,27097480
2008-12-26,41.77741622924805,48.63999938964844,50.994998931884766,48.29999923706055,49.75,16777140
2008-12-29,43.04645919799805,50.11750030517578,50.5,47.79999923706055,47.81999969482422,26060580
2008-12-30,43.76150894165039,50.95000076293945,51.71500015258789,49.76499938964844,49.95249938964844,37710760
2008-12-31,42.87467956542969,49.91749954223633,51.599998474121094,49.42250061035156,51.599998474121094,20786740
2009-01-02,43.61764144897461,50.782501220703125,51.599998474121094,50.15999984741211,51.0,20937040
2009-01-05,44.839439392089844,52.20500183105469,52.474998474121094,51.40250015258789,51.5,20118160
2009-01-06,47.25727081298828,55.02000045776367,55.650001525878906,51.70000076293945,52.20750045776367,36579860
2009-01-07,43.34279251098633,50.462501525878906,56.26250076293945,49.79999923706055,55.75,75564760
2009-01-09,43.69708251953125,50.875,52.849998474121094,48.75,50.0,42827140
2009-01-12,43.10444259643555,50.185001373291016,51.099998474121094,49.5,50.599998474121094,36113140
2009-01-13,42.466697692871094,49.442501068115234,50.599998474121094,48.755001068115234,50.0,25056220
2009-01-14,41.981407165527344,48.877498626708984,52.23500061035156,48.345001220703125,52.23500061035156,56650340
2009-01-15,39.71603775024414,46.2400016784668,48.0,45.352500915527344,48.0,58494980
2009-01-16,40.263587951660156,46.877498626708984,47.227500915527344,46.11000061035156,46.900001525878906,15617600
2009-01-19,40.416046142578125,47.05500030517578,47.724998474121094,46.57500076293945,47.45000076293945,20296900
2009-01-20,39.1856575012207,45.622501373291016,46.25,45.099998474121094,46.25,16022220
2009-01-21,38.19790267944336,44.47249984741211,45.34000015258789,44.0,45.34000015258789,39520800
2009-01-22,38.672462463378906,45.025001525878906,45.849998474121094,44.099998474121094,45.0,32599200
2009-01-23,37.467838287353516,43.622501373291016,45.564998626708984,43.255001068115234,44.630001068115234,31859400
2009-01-27,38.19790267944336,44.47249984741211,45.1974983215332,44.0,44.849998474121094,24549860
2009-01-28,39.15559387207031,45.587501525878906,45.790000915527344,44.76750183105469,44.900001525878906,26349180
2009-01-29,39.65806198120117,46.17250061035156,46.877498626708984,45.5,46.244998931884766,46873960
2009-01-30,39.750389099121094,46.279998779296875,46.75,44.619998931884766,44.619998931884766,14969020
2009-02-02,38.16569900512695,44.435001373291016,46.025001525878906,43.849998474121094,46.0,26159440
2009-02-03,38.57368087768555,44.90999984741211,45.4900016784668,44.5,44.76750183105469,22960400
2009-02-04,38.043304443359375,44.29249954223633,46.127498626708984,44.10749816894531,45.5,75987120
2009-02-05,37.974586486816406,44.212501525878906,44.98500061035156,44.005001068115234,44.747501373291016,21546020
2009-02-06,38.58226776123047,44.91999816894531,45.2400016784668,44.31999969482422,44.650001525878906,23419660
2009-02-09,39.486263275146484,45.97249984741211,46.099998474121094,45.150001525878906,45.400001525878906,20581120
2009-02-10,40.6694221496582,47.349998474121094,47.907501220703125,46.067501068115234,46.26250076293945,16643980
2009-02-11,40.13261032104492,46.724998474121094,47.147499084472656,45.349998474121094,46.349998474121094,18642780
2009-02-12,40.10469436645508,46.692501068115234,47.04999923706055,46.227500915527344,46.7599983215332,14280640
2009-02-13,40.547027587890625,47.20750045776367,47.69499969482422,46.849998474121094,47.0,15215800
2009-02-16,39.25007247924805,45.6974983215332,47.0,45.400001525878906,47.0,27995360
2009-02-17,37.80495834350586,44.01499938964844,45.720001220703125,43.51250076293945,45.349998474121094,34365340
2009-02-18,37.6374626159668,43.81999969482422,44.400001525878906,43.247501373291016,43.75,15660980
2009-02-19,37.987483978271484,44.227500915527344,44.61000061035156,43.717498779296875,44.20000076293945,17921580
2009-02-20,37.21230697631836,43.32500076293945,43.94499969482422,42.68000030517578,43.79999923706055,19994900
2009-02-24,36.696956634521484,42.724998474121094,43.0,41.75,42.650001525878906,15370420
2009-02-25,37.117828369140625,43.21500015258789,43.567501068115234,43.0099983215332,43.244998931884766,21852620
2009-02-26,37.568763732910156,43.7400016784668,44.14250183105469,42.04999923706055,43.314998626708984,64875240
2009-02-27,38.200050354003906,44.474998474121094,44.89500045776367,42.150001525878906,43.54999923706055,27103880
2009-03-02,36.31904220581055,42.28499984741211,43.84749984741211,41.875,43.654998779296875,37138220
2009-03-03,35.7092170715332,41.57500076293945,42.15999984741211,41.0,41.84749984741211,33429840
2009-03-04,36.031307220458984,41.95000076293945,42.5,41.5,41.54999923706055,34239980
2009-03-05,34.41655731201172,40.06999969482422,42.724998474121094,39.557498931884766,42.48500061035156,48449580
2009-03-06,34.43373107910156,40.09000015258789,41.397499084472656,38.70000076293945,40.0,47417080
2009-03-09,34.30274963378906,39.9375,40.73500061035156,39.11249923706055,39.95000076293945,35178920
2009-03-12,34.298458099365234,39.932498931884766,41.70000076293945,39.557498931884766,40.75,57410880
2009-03-13,35.82732009887695,41.712501525878906,41.84000015258789,40.61249923706055,40.75,91452600
2009-03-16,36.28254318237305,42.24250030517578,42.630001068115234,41.33250045776367,42.0,54510220
2009-03-17,35.565345764160156,41.407501220703125,42.95000076293945,40.45500183105469,42.20000076293945,41847020
2009-03-18,36.20309066772461,42.150001525878906,43.0,41.61000061035156,41.994998931884766,37820820
2009-03-19,35.74787139892578,41.619998931884766,43.150001525878906,40.95000076293945,42.435001373291016,48852220
2009-03-20,36.044193267822266,41.96500015258789,42.084999084472656,40.54999923706055,41.49250030517578,40572140
2009-03-23,38.00680160522461,44.25,44.9900016784668,42.099998474121094,42.692501068115234,40899460
2009-03-24,40.44181442260742,47.084999084472656,48.70000076293945,45.5,45.8125,75401080
2009-03-25,41.7495002746582,48.60749816894531,48.845001220703125,46.849998474121094,47.39500045776367,35818000
2009-03-26,42.6620979309082,49.66999816894531,50.25,48.75749969482422,49.400001525878906,46312840
2009-03-27,43.007808685302734,50.0724983215332,50.650001525878906,49.04499816894531,49.04999923706055,45761560
2009-03-30,40.605003356933594,47.275001525878906,49.0,47.03499984741211,49.0,26509680
2009-03-31,41.80318832397461,48.66999816894531,49.39500045776367,45.220001220703125,47.599998474121094,74405400
2009-04-01,42.94553756713867,50.0,50.25,47.58000183105469,49.25,25893640
2009-04-02,44.515201568603516,51.82749938964844,52.595001220703125,50.54999923706055,50.54999923706055,35591320
2009-04-06,45.70049285888672,53.20750045776367,53.75,52.01250076293945,52.75,26945760
2009-04-08,44.95323944091797,52.337501525878906,53.25,49.6150016784668,53.25,53028520
2009-04-09,44.85232162475586,52.220001220703125,54.0,51.60499954223633,53.189998626708984,29772380
2009-04-13,47.16923522949219,54.91749954223633,55.747501373291016,52.0,52.0,34222020
2009-04-15,46.49928665161133,54.13750076293945,55.23500061035156,52.125,52.74250030517578,62675520
2009-04-16,45.784236907958984,53.30500030517578,55.38750076293945,52.86249923706055,54.939998626708984,39041500
2009-04-17,46.0333251953125,53.595001220703125,54.900001525878906,52.82749938964844,54.20000076293945,47042120
2009-04-20,45.82719039916992,53.35499954223633,55.0,52.412498474121094,53.5,22931780
2009-04-21,46.68609619140625,54.35499954223633,55.0,51.7400016784668,52.0,30096100
2009-04-22,46.782718658447266,54.467498779296875,55.11750030517578,53.25,54.5,24182440
2009-04-23,46.91799545288086,54.625,55.0,53.275001525878906,54.75,28823100
2009-04-24,47.68028259277344,55.51250076293945,56.14500045776367,53.849998474121094,55.0,37310260
2009-04-27,47.901458740234375,55.77000045776367,56.997501373291016,54.5,55.0,28785580
2009-04-28,46.03117752075195,53.592498779296875,56.349998474121094,53.150001525878906,55.912498474121094,29601760
2009-04-29,47.255130767822266,55.01750183105469,55.5,53.599998474121094,54.29999923706055,42856300
2009-04-30,47.255130767822266,55.01750183105469,55.01750183105469,55.01750183105469,55.01750183105469,0
2009-05-04,51.50888442993164,59.970001220703125,60.349998474121094,56.01250076293945,57.502498626708984,45266140
2009-05-05,51.24476623535156,59.662498474121094,60.497501373291016,58.25,60.34000015258789,30463880
2009-05-06,50.33003234863281,58.59749984741211,59.95000076293945,58.04999923706055,59.505001068115234,24286180
2009-05-07,50.51898956298828,58.817501068115234,59.400001525878906,58.33250045776367,59.0,15457680
2009-05-08,49.1318359375,57.20249938964844,58.75,55.727500915527344,58.0,45138660
2009-05-11,49.25852966308594,57.349998474121094,59.3849983215332,56.900001525878906,59.3849983215332,33836720
2009-05-12,51.33279800415039,59.76499938964844,60.1974983215332,56.962501525878906,57.20000076293945,34608840
2009-05-13,50.001487731933594,58.21500015258789,59.939998626708984,57.349998474121094,59.75,47519520
2009-05-14,49.97357177734375,58.182498931884766,58.45000076293945,56.0625,57.61249923706055,19203300
2009-05-15,50.8883171081543,59.247501373291016,59.599998474121094,57.86000061035156,58.75,41519920
2009-05-18,59.183258056640625,68.90499877929688,76.98500061035156,63.057498931884766,63.057498931884766,271500
2009-05-19,60.6305046081543,70.58999633789062,74.94999694824219,60.314998626708984,69.5999984741211,99306960
2009-05-20,59.290611267089844,69.02999877929688,70.55000305175781,67.55000305175781,69.8499984741211,29037980
2009-05-21,58.87833786010742,68.55000305175781,70.25,66.70999908447266,68.72000122070312,38176700
2009-05-22,58.828941345214844,68.49250030517578,69.69499969482422,67.05750274658203,67.94999694824219,18276080
2009-05-25,58.560550689697266,68.18000030517578,69.49250030517578,67.31999969482422,68.75,16761340
2009-05-26,57.375240325927734,66.80000305175781,69.59750366210938,66.25,68.42500305175781,24951620
2009-05-27,60.514556884765625,70.45500183105469,70.94999694824219,68.36250305175781,68.50499725341797,53941080
2009-05-28,61.83943557739258,71.99749755859375,72.68499755859375,69.19999694824219,70.05000305175781,70308860
2009-05-29,62.034828186035156,72.2249984741211,72.99500274658203,71.05000305175781,72.2300033569336,30721400
2009-06-01,61.56886672973633,71.68250274658203,74.19999694824219,70.8375015258789,72.69999694824219,22222360
2009-06-02,60.029273986816406,69.88999938964844,72.5,68.94999694824219,71.7249984741211,19577240
2009-06-03,58.86759567260742,68.5374984741211,71.4000015258789,67.3949966430664,71.0,28659520
2009-06-04,59.64277267456055,69.44000244140625,69.98500061035156,67.5999984741211,68.05000305175781,24262960
2009-06-05,60.922542572021484,70.93000030517578,71.55000305175781,69.25749969482422,69.94499969482422,20214840
2009-06-08,60.12590026855469,70.00250244140625,71.25,69.25,71.0,15709480
2009-06-09,60.9933967590332,71.01249694824219,71.5,68.91000366210938,69.49500274658203,12893300
2009-06-10,64.47198486328125,75.0625,77.44999694824219,71.75,72.01249694824219,32476460
2009-06-11,66.84471893310547,77.82499694824219,78.5,75.06500244140625,76.25,36272980
2009-06-12,65.62721252441406,76.40750122070312,78.94999694824219,75.80000305175781,78.32499694824219,23487560
2009-06-15,65.83766174316406,76.65249633789062,78.0250015258789,75.0999984741211,76.18499755859375,18419340
2009-06-16,66.40238952636719,77.30999755859375,77.5,74.32499694824219,75.4000015258789,27458080
2009-06-17,66.34011840820312,77.23750305175781,79.19999694824219,76.0,77.0,35711420
2009-06-18,65.4854965209961,76.24250030517578,78.23500061035156,75.3375015258789,76.5,31335520
2009-06-19,66.9456558227539,77.94249725341797,78.44499969482422,76.25,76.75499725341797,17830440
2009-06-22,66.69712829589844,77.15499877929688,78.93499755859375,76.20999908447266,78.93499755859375,20433060
2009-06-23,64.2053451538086,74.27249908447266,75.73500061035156,72.81749725341797,75.73500061035156,29413000
2009-06-24,63.00589370727539,72.88500213623047,76.83000183105469,72.55999755859375,76.83000183105469,23783620
2009-06-25,63.29982376098633,73.2249984741211,74.98500061035156,72.80000305175781,74.98500061035156,39782340
2009-06-26,64.76074981689453,74.91500091552734,75.05999755859375,73.55000305175781,74.0,36775320
2009-06-29,65.17135620117188,75.38999938964844,76.6449966430664,74.5999984741211,75.25,36200480
2009-06-30,64.53815460205078,74.65750122070312,76.25,73.9625015258789,76.19750213623047,20584840
2009-07-01,64.9422607421875,75.125,75.9000015258789,74.15750122070312,74.9000015258789,11854560
2009-07-02,64.85584259033203,75.0250015258789,75.44999694824219,73.26249694824219,75.44999694824219,13585200
2009-07-03,65.51498413085938,75.7874984741211,76.25,74.1500015258789,74.49500274658203,19610540
2009-07-06,61.547142028808594,71.19750213623047,77.4000015258789,70.0,76.25,30500820
2009-07-07,61.691917419433594,71.36499786376953,72.48500061035156,70.25,72.0,20679740
2009-07-08,59.4443473815918,68.76499938964844,70.75,68.01249694824219,70.73500061035156,21619400
2009-07-09,60.507625579833984,69.99500274658203,70.44999694824219,68.25,68.80000305175781,11691480
2009-07-10,59.5977783203125,68.94249725341797,70.73999786376953,68.01499938964844,70.25,21467820
2009-07-13,59.3795051574707,68.69000244140625,69.09500122070312,67.5,68.5,15282560
2009-07-14,58.89324188232422,68.12750244140625,71.48999786376953,67.11000061035156,69.55750274658203,51070240
2009-07-15,59.7231330871582,69.0875015258789,69.5,66.65249633789062,69.5,42583380
2009-07-16,60.099151611328125,69.52249908447266,70.3499984741211,68.0999984741211,70.0,28846400
2009-07-17,62.09605026245117,71.8324966430664,72.44249725341797,68.70249938964844,69.5,24977340
2009-07-20,63.69962692260742,73.6875,74.30000305175781,71.01499938964844,72.55000305175781,22513560
2009-07-21,63.14420700073242,73.04499816894531,73.9800033569336,72.5824966430664,73.3499984741211,16773220
2009-07-22,62.46345520019531,72.25749969482422,73.68499755859375,71.6500015258789,73.5,29869220
2009-07-23,63.06423568725586,72.95249938964844,73.51249694824219,71.73249816894531,72.98249816894531,25878520
2009-07-24,62.67091369628906,72.49749755859375,73.4000015258789,71.44999694824219,73.0,22111200
2009-07-27,61.955570220947266,71.66999816894531,73.5,71.25,72.8499984741211,19702420
2009-07-28,61.5687370300293,71.22250366210938,72.25,69.8499984741211,72.19999694824219,32996480
2009-07-29,61.320213317871094,70.93499755859375,71.88500213623047,69.25,71.88500213623047,19905200
2009-07-30,63.29332733154297,73.21749877929688,73.5999984741211,69.94999694824219,70.93499755859375,37241540
2009-07-31,64.7953109741211,74.95500183105469,75.4749984741211,73.7125015258789,74.00749969482422,25795680
2009-08-03,64.55110168457031,74.67250061035156,75.44999694824219,73.00749969482422,75.0,10928980
2009-08-04,63.49646759033203,73.45249938964844,75.38749694824219,72.81999969482422,75.25,19447220
2009-08-05,62.58015823364258,72.39250183105469,73.93499755859375,71.69000244140625,73.93499755859375,21808440
2009-08-06,61.09975814819336,70.68000030517578,72.75,70.0999984741211,72.0,33306200
2009-08-07,60.0883674621582,69.51000213623047,71.30000305175781,68.94999694824219,70.5,28488020
2009-08-10,59.446502685546875,68.76750183105469,70.75499725341797,68.0,70.69999694824219,27679720
2009-08-11,59.6107292175293,68.9574966430664,69.3949966430664,68.0,68.75,20270720
2009-08-12,60.78207015991211,70.3125,70.5999984741211,67.75,68.25,18392820
2009-08-13,61.573062896728516,71.22750091552734,71.74500274658203,70.26249694824219,71.74500274658203,20531280
2009-08-14,61.691917419433594,71.36499786376953,72.44999694824219,70.55000305175781,72.44999694824219,12256400
2009-08-17,60.7799186706543,70.30999755859375,71.0374984741211,69.75,70.44999694824219,26981300
2009-08-18,62.279747009277344,72.04499816894531,72.74500274658203,70.05000305175781,70.05000305175781,25274500
2009-08-19,62.662288665771484,72.48750305175781,72.98500061035156,70.55000305175781,72.04750061035156,22003460
2009-08-20,63.971927642822266,74.00250244140625,74.5,72.75,72.94999694824219,14477600
2009-08-21,63.36248779296875,73.29750061035156,74.25,72.26750183105469,73.94999694824219,20833940
2009-08-24,64.1707534790039,74.23249816894531,75.08999633789062,73.3499984741211,74.9000015258789,12741880
2009-08-25,64.2701644897461,74.34750366210938,74.94999694824219,73.0250015258789,73.42500305175781,9548980
2009-08-26,63.13123321533203,73.02999877929688,75.93499755859375,72.50250244140625,74.9000015258789,13106840
2009-08-27,62.97564697265625,72.8499984741211,73.0999984741211,72.19999694824219,72.5,14838040
2009-08-28,63.0080451965332,72.88749694824219,73.25,71.75,72.75,9175820
2009-08-31,63.580753326416016,73.55000305175781,74.15249633789062,71.75,71.75,13194940
2009-09-01,62.504493713378906,72.30500030517578,74.34249877929688,71.38999938964844,74.00250244140625,12314080
2009-09-02,62.186824798583984,71.9375,72.59249877929688,71.26750183105469,71.60250091552734,6342740
2009-09-03,62.04204177856445,71.7699966430664,72.4000015258789,71.25,72.25,10059660
2009-09-04,62.85678482055664,72.7125015258789,73.0,71.25,71.75,10667720
2009-09-07,63.425148010253906,73.37000274658203,73.80000305175781,72.41000366210938,73.00250244140625,15236680
2009-09-08,62.96916198730469,72.84249877929688,74.09750366210938,72.5,73.73249816894531,14822620
2009-09-09,63.773109436035156,73.77249908447266,74.0999984741211,72.77999877929688,73.23999786376953,27106000
2009-09-10,64.20964813232422,74.27749633789062,75.1500015258789,74.0,74.5,17774500
2009-09-11,64.45602416992188,74.5625,74.80500030517578,73.2300033569336,74.5,14430880
2009-09-14,64.56623840332031,74.69000244140625,75.19999694824219,74.19999694824219,74.5625,12454780
2009-09-15,65.45014953613281,75.7125015258789,75.9124984741211,74.60749816894531,74.75,21756800
2009-09-16,65.56036376953125,75.83999633789062,76.75250244140625,75.28500366210938,76.5,23157440
2009-09-17,66.34269714355469,76.74500274658203,76.94999694824219,76.03500366210938,76.36499786376953,24112200
2009-09-18,65.89102935791016,76.22250366210938,76.88500213623047,75.55000305175781,76.80000305175781,8229580
2009-09-22,66.83760070800781,77.31749725341797,77.5,75.80000305175781,76.0,13451620
2009-09-23,67.842529296875,78.4800033569336,79.94499969482422,76.57499694824219,77.75,26131400
2009-09-24,70.18521118164062,81.19000244140625,81.83499908447266,77.29750061035156,77.29750061035156,44450520
2009-09-25,69.52606201171875,80.42749786376953,81.2125015258789,79.5999984741211,80.13999938964844,11237640
2009-09-29,69.64706420898438,80.56749725341797,81.73999786376953,80.05500030517578,81.19999694824219,7774000
2009-09-30,71.33926391601562,82.5250015258789,83.0,80.20999908447266,80.80000305175781,23977240
2009-10-01,71.07127380371094,82.21499633789062,83.41999816894531,81.01249694824219,82.0,17295980
2009-10-05,70.62822723388672,81.70249938964844,82.25,80.8499984741211,81.05000305175781,10969880
2009-10-06,71.73472595214844,82.98249816894531,83.24500274658203,80.24500274658203,82.94999694824219,11507280
2009-10-07,72.5149154663086,83.88500213623047,85.5,83.5,83.69999694824219,21686660
2009-10-08,72.93201446533203,84.36750030517578,84.74500274658203,82.49749755859375,83.0,16809880
2009-10-09,72.42631530761719,83.78250122070312,84.5,83.0,83.0,9009600
2009-10-12,73.57603454589844,85.11250305175781,85.5,82.25,83.1500015258789,15601380
2009-10-13,73.57603454589844,85.11250305175781,85.11250305175781,85.11250305175781,85.11250305175781,0
2009-10-14,73.57388305664062,85.11000061035156,86.44999694824219,84.30750274658203,85.25,15642420
2009-10-15,74.4426498413086,86.11499786376953,86.75,84.70500183105469,85.51750183105469,18772320
2009-10-16,74.32809448242188,85.98249816894531,86.94000244140625,85.61750030517578,86.5999984741211,16519700
2009-10-20,73.10274505615234,84.56500244140625,86.0,84.0,84.13249969482422,9388380
2009-10-21,71.79741668701172,83.05500030517578,85.10250091552734,82.5425033569336,83.0,12847520
2009-10-22,72.00920867919922,83.30000305175781,83.8499984741211,82.0,82.05000305175781,7579740
2009-10-23,73.1286849975586,84.59500122070312,84.94999694824219,83.05999755859375,83.75,7576980
2009-10-26,73.17190551757812,84.6449966430664,84.8499984741211,83.25,83.55000305175781,8164820
2009-10-27,72.1864013671875,83.50499725341797,85.0,83.0,83.0,19155140
2009-10-28,70.00151062011719,80.97750091552734,83.48999786376953,80.25749969482422,83.0,13320900
2009-10-29,69.72704315185547,80.66000366210938,81.97000122070312,78.51249694824219,80.25,20490880
2009-10-30,70.05120849609375,81.03500366210938,84.4000015258789,80.2750015258789,81.0999984741211,15292380
2009-11-03,69.17811584472656,80.0250015258789,81.9749984741211,79.19999694824219,80.83999633789062,9502520
2009-11-04,70.19169616699219,81.19750213623047,82.3499984741211,79.06749725341797,80.25,12550460
2009-11-05,70.16576385498047,81.1675033569336,81.88999938964844,79.3499984741211,80.98999786376953,19742900
2009-11-06,70.88541412353516,82.0,82.67500305175781,81.0999984741211,81.75,11478120
2009-11-09,73.80078887939453,85.37249755859375,85.5,82.0,82.05000305175781,17472440
2009-11-10,73.6279067993164,85.17250061035156,87.09500122070312,84.58499908447266,85.01750183105469,18728700
2009-11-11,75.02830505371094,86.7925033569336,87.0,83.7699966430664,83.7699966430664,15191800
2009-11-12,74.19412231445312,85.82749938964844,87.0999984741211,85.37999725341797,86.43250274658203,15689900
2009-11-13,74.44049072265625,86.11250305175781,87.05000305175781,85.27749633789062,85.27749633789062,17245820
2009-11-16,74.49884796142578,86.18000030517578,87.48999786376953,85.94999694824219,86.14749908447266,12131120
2009-11-17,75.6247787475586,87.48249816894531,87.84750366210938,85.06500244140625,87.24250030517578,14013800
2009-11-18,75.6226577758789,87.4800033569336,87.75,85.5875015258789,85.5875015258789,18930600
2009-11-19,74.32379150390625,85.97750091552734,87.4000015258789,85.19999694824219,87.4000015258789,11882240
2009-11-20,75.81280517578125,87.69999694824219,88.07499694824219,85.44999694824219,85.44999694824219,15307920
2009-11-23,76.30773162841797,88.27249908447266,89.0,86.76499938964844,86.76499938964844,11746440
2009-11-24,76.8026123046875,88.84500122070312,89.0,87.00499725341797,87.5,8803300
2009-11-25,77.91777038574219,90.13500213623047,90.44999694824219,87.56749725341797,87.56749725341797,15749580
2009-11-26,76.1240234375,88.05999755859375,90.5,87.5,87.5,16057640
2009-11-27,75.65504455566406,87.51750183105469,88.18499755859375,84.11750030517578,87.0999984741211,14975520
2009-11-30,76.34228515625,88.3125,89.3499984741211,87.11250305175781,88.25,17511280
2009-12-01,77.35587310791016,89.48500061035156,89.94999694824219,87.5,88.98500061035156,10975060
2009-12-02,78.10794830322266,90.3550033569336,90.67500305175781,88.8125,89.00499725341797,23703320
2009-12-03,78.1014633178711,90.34750366210938,91.19999694824219,89.42749786376953,89.42749786376953,9752940
2009-12-04,77.3493881225586,89.47750091552734,90.05000305175781,88.75499725341797,89.30750274658203,6778560
2009-12-07,77.68651580810547,89.86750030517578,90.38500213623047,89.24749755859375,89.5,9102120
2009-12-08,79.23819732666016,91.6624984741211,91.94999694824219,88.62000274658203,89.3499984741211,13661280
2009-12-09,77.98909759521484,90.21749877929688,91.73999786376953,89.57499694824219,90.28250122070312,16068740
2009-12-10,77.15705108642578,89.25499725341797,90.25,88.61750030517578,89.56749725341797,12233920
2009-12-11,77.15919494628906,89.25749969482422,89.94999694824219,88.15499877929688,89.44249725341797,11953200
2009-12-14,75.9554443359375,87.86499786376953,90.0,87.44999694824219,89.23500061035156,16142240
2009-12-15,73.51337432861328,85.04000091552734,88.3499984741211,84.5,86.82749938964844,17086360
2009-12-16,73.19136810302734,84.6675033569336,85.44249725341797,83.75,83.83000183105469,17161840
2009-12-17,72.2469482421875,83.57499694824219,84.8499984741211,83.3499984741211,84.0,13195340
2009-12-18,71.92707824707031,83.20500183105469,83.66000366210938,82.34249877929688,82.56999969482422,12563560
2009-12-21,71.43651580810547,82.63749694824219,83.55999755859375,82.35250091552734,83.20500183105469,17188860
2009-12-22,71.16853332519531,82.32749938964844,83.36000061035156,82.1050033569336,83.0,12548620
2009-12-23,73.06169891357422,84.51750183105469,85.0,82.5,82.5,20208740
2009-12-24,73.93911743164062,85.53250122070312,86.19999694824219,84.20999908447266,85.11750030517578,7437940
2009-12-29,73.34696197509766,84.84750366210938,85.9000015258789,84.3375015258789,85.88500213623047,10404580
2009-12-30,73.15460205078125,84.625,84.98750305175781,83.75,84.98750305175781,8531020
2009-12-31,73.57603454589844,85.11250305175781,85.69999694824219,84.49250030517578,85.0,11516440
2010-01-04,73.72515869140625,85.28500366210938,86.42500305175781,84.62750244140625,85.0,6100980
2010-01-05,73.78997802734375,85.36000061035156,86.25,85.25,85.5,16773200
2010-01-06,73.83969116210938,85.4175033569336,86.0,84.40499877929688,85.69999694824219,13279680
2010-01-07,74.03203582763672,85.63999938964844,88.41999816894531,85.08000183105469,88.41999816894531,12247960
2010-01-08,74.1292953491211,85.75250244140625,86.16999816894531,85.05000305175781,85.5999984741211,14171800
2010-01-11,73.8310546875,85.40750122070312,87.43250274658203,85.125,87.43250274658203,27533220
2010-01-12,73.27131652832031,84.76000213623047,85.58999633789062,83.93000030517578,85.4000015258789,9814100
2010-01-13,73.01628112792969,84.46499633789062,84.73999786376953,83.27749633789062,84.24749755859375,20693500
2010-01-14,72.778564453125,84.19000244140625,85.69000244140625,83.5,85.5,20345280
2010-01-15,73.2259292602539,84.7074966430664,84.94999694824219,83.55000305175781,84.91999816894531,23163460
2010-01-18,76.35958862304688,88.3324966430664,88.9000015258789,84.1050033569336,84.5,47002920
2010-01-19,76.90203094482422,88.95999908447266,89.44000244140625,87.6449966430664,88.25,33328440
2010-01-20,75.90357971191406,87.80500030517578,89.5,87.1500015258789,89.25,27304220
2010-01-21,73.9823226928711,85.5824966430664,88.04499816894531,85.25499725341797,88.04499816894531,25046940
2010-01-22,72.48898315429688,83.8550033569336,85.0,82.69999694824219,84.80000305175781,18947400
2010-01-25,71.60722351074219,82.83499908447266,83.8949966430664,81.56500244140625,83.0,12057580
2010-01-27,69.03547668457031,79.86000061035156,83.05500030517578,79.34500122070312,83.05500030517578,24215580
2010-01-28,68.86474609375,79.6624984741211,80.94999694824219,78.83999633789062,80.5,34864460
2010-01-29,70.49857330322266,81.55249786376953,81.8499984741211,77.625,79.0,32870340
2010-02-01,69.14569854736328,79.98750305175781,81.4000015258789,79.25,81.4000015258789,15034660
2010-02-02,68.2531509399414,78.95500183105469,80.74500274658203,78.5999984741211,80.3499984741211,20669400
2010-02-03,70.13981628417969,81.13749694824219,81.62000274658203,78.9000015258789,80.0,15455340
2010-02-04,69.8804931640625,80.8375015258789,81.24500274658203,79.2750015258789,80.9000015258789,17210480
2010-02-05,68.0046157836914,78.6675033569336,79.9000015258789,78.25,79.9000015258789,18693880
2010-02-08,67.74742889404297,78.37000274658203,79.44249725341797,77.44999694824219,79.25,15181200
2010-02-09,67.93114471435547,78.5824966430664,78.8949966430664,77.57499694824219,78.33999633789062,23947500
2010-02-10,68.8777084350586,79.67749786376953,80.87249755859375,78.19999694824219,78.75,27733360
2010-02-11,69.07005310058594,79.9000015258789,81.6500015258789,79.5,80.19999694824219,14539380
2010-02-15,69.75298309326172,80.69000244140625,80.98500061035156,79.125,79.8499984741211,9604980
2010-02-16,69.4331283569336,80.31999969482422,81.13500213623047,79.5,80.25,14349700
2010-02-17,71.57481384277344,82.79750061035156,83.04750061035156,80.74500274658203,80.9000015258789,24796680
2010-02-18,72.77642059326172,84.1875,84.5,82.5374984741211,83.24500274658203,20008840
2010-02-19,73.21514129638672,84.69499969482422,85.0,82.80500030517578,83.5,14691980
2010-02-22,73.33182525634766,84.83000183105469,85.98500061035156,84.5,85.05000305175781,13280340
2010-02-23,73.52201843261719,85.05000305175781,85.44249725341797,84.11750030517578,84.25250244140625,12945780
2010-02-24,73.50039672851562,85.0250015258789,85.5,84.375,84.5,11211380
2010-02-25,73.0919418334961,84.55249786376953,85.19999694824219,84.0999984741211,85.05000305175781,11673940
2010-02-26,73.6862564086914,85.23999786376953,86.73750305175781,84.0,84.5,18702060
2010-03-02,75.42163848876953,87.24749755859375,87.80000305175781,85.30000305175781,86.19999694824219,15429300
2010-03-03,76.79182434082031,88.8324966430664,89.05000305175781,87.12750244140625,87.12750244140625,22295920
2010-03-04,76.98632049560547,89.05750274658203,89.3499984741211,87.65499877929688,88.75,27028840
2010-03-05,77.10951232910156,89.19999694824219,89.75,88.55000305175781,89.27749633789062,20899300
2010-03-08,77.11813354492188,89.20999908447266,90.5,88.6449966430664,90.5,14745920
2010-03-09,78.28516387939453,90.55999755859375,90.75,88.75,88.75,24795380
2010-03-10,78.4256362915039,90.72250366210938,90.99500274658203,86.49500274658203,90.5999984741211,29921120
2010-03-11,78.96592712402344,91.34750366210938,91.75,90.15499877929688,90.80000305175781,15490460
2010-03-12,77.85509490966797,90.0625,91.5199966430664,89.31749725341797,91.3499984741211,14944880
2010-03-15,78.343505859375,90.62750244140625,91.0,89.0,89.0,15025920
2010-03-16,77.99988555908203,90.2300033569336,90.49500274658203,88.19999694824219,90.25,20872500
2010-03-17,78.13388061523438,90.38500213623047,91.23999786376953,89.90499877929688,90.2300033569336,9589680
2010-03-18,77.8399658203125,90.04499816894531,90.62000274658203,89.5250015258789,90.62000274658203,7003940
2010-03-19,78.65901947021484,90.99250030517578,91.23999786376953,89.88249969482422,90.73999786376953,12679680
2010-03-22,79.40463256835938,91.8550033569336,92.75,89.9000015258789,90.0999984741211,30611220
2010-03-23,81.43179321289062,94.19999694824219,94.5,91.75,91.75,20308760
2010-03-25,83.25362396240234,96.30750274658203,96.5,93.51000213623047,94.0,46592800
2010-03-26,84.34717559814453,97.57250213623047,98.27999877929688,95.65499877929688,96.55000305175781,23105720
2010-03-29,84.93498992919922,98.25250244140625,99.5,81.44249725341797,81.44249725341797,26453420
2010-03-30,82.41941833496094,95.34249877929688,98.49500274658203,95.06999969482422,98.25,18739960
2010-03-31,83.57129669189453,96.67500305175781,97.1449966430664,94.86250305175781,95.0,13652160
2010-04-01,83.81983947753906,96.9625015258789,97.5,96.30500030517578,97.5,14818440
2010-04-05,84.21966552734375,97.42500305175781,97.9800033569336,96.22000122070312,97.94000244140625,14247680
2010-04-06,83.54537200927734,96.6449966430664,97.5,96.2699966430664,97.5,8842880
2010-04-07,83.49568176269531,96.5875015258789,97.39749908447266,96.30000305175781,97.0,10756100
2010-04-08,82.244384765625,95.13999938964844,96.49500274658203,94.69000244140625,96.49500274658203,12477660
2010-04-09,84.25638580322266,97.46749877929688,97.8499984741211,94.5250015258789,94.5250015258789,12415300
2010-04-12,84.46603393554688,97.70999908447266,98.3949966430664,96.93499755859375,96.93499755859375,9141280
2010-04-13,84.35794830322266,97.58499908447266,98.1449966430664,96.55000305175781,97.5,12682600
2010-04-15,84.58921813964844,97.85250091552734,98.74500274658203,97.20999908447266,97.75,19094720
2010-04-16,84.9004135131836,98.2125015258789,98.72000122070312,96.30000305175781,97.25,10465120
2010-04-19,83.59723663330078,96.70500183105469,97.94000244140625,96.30000305175781,97.5,12241660
2010-04-20,84.04890441894531,97.22750091552734,97.84750366210938,96.44999694824219,96.44999694824219,10878640
2010-04-21,83.89547729492188,97.05000305175781,98.0,96.75,97.44999694824219,7889000
2010-04-22,83.59939575195312,96.7074966430664,98.5,95.40249633789062,96.94000244140625,13790220
2010-04-23,84.36228942871094,97.58999633789062,97.85250091552734,96.43250274658203,96.75,10634120
2010-04-26,85.99610137939453,99.4800033569336,99.84500122070312,97.88500213623047,97.88500213623047,15796560
2010-04-27,85.56172180175781,98.97750091552734,99.80000305175781,98.38999938964844,99.44999694824219,8968940
2010-04-28,85.06898498535156,98.40750122070312,99.3375015258789,97.9000015258789,97.9000015258789,11423540
2010-04-29,85.82970428466797,99.2874984741211,99.75,97.32250213623047,98.59500122070312,18792900
2010-04-30,86.4650650024414,100.02249908447266,100.5,99.1500015258789,99.90249633789062,14219220
2010-05-03,85.1402816772461,98.48999786376953,99.25,98.1050033569336,99.25,10014140
2010-05-04,83.72258758544922,96.8499984741211,99.23999786376953,96.61000061035156,99.23999786376953,9177920
2010-05-05,82.83003234863281,95.81749725341797,96.68499755859375,94.00499725341797,96.5999984741211,16028540
2010-05-06,81.92884826660156,94.7750015258789,95.80000305175781,93.8499984741211,95.25,10522460
2010-05-07,79.87792205810547,92.40249633789062,93.75,91.80000305175781,93.55000305175781,19571620
2010-05-10,83.60157012939453,96.70999908447266,96.9000015258789,91.5,93.1624984741211,12853080
2010-05-11,84.21101379394531,97.41500091552734,97.75,95.6624984741211,96.9000015258789,13929300
2010-05-12,85.3607406616211,98.74500274658203,99.05000305175781,97.44999694824219,97.44999694824219,13741640
2010-05-13,84.94795989990234,98.26750183105469,99.75,97.51000213623047,99.05999755859375,12744380
2010-05-14,84.3601303100586,97.5875015258789,98.6500015258789,97.11250305175781,98.19999694824219,9400300
2010-05-17,83.37033081054688,96.44249725341797,97.33999633789062,95.7249984741211,97.0999984741211,13207200
2010-05-18,81.94180297851562,94.79000091552734,96.25,94.51000213623047,95.9000015258789,12243120
2010-05-19,80.76398468017578,93.42749786376953,94.4000015258789,92.08000183105469,93.94999694824219,18180160
2010-05-20,80.00328063964844,92.54750061035156,93.81999969482422,91.81500244140625,93.69999694824219,6778000
2010-05-21,78.94862365722656,91.32749938964844,92.5,90.05500030517578,91.0,10997240
2010-05-24,78.8621826171875,91.22750091552734,93.375,90.55249786376953,91.76000213623047,9621820
2010-05-25,77.96314239501953,90.1875,91.0,89.25,90.58999633789062,11068700
2010-05-26,79.00048828125,91.38749694824219,92.6624984741211,90.61499786376953,90.63999938964844,14002780
2010-05-27,81.97638702392578,94.83000183105469,95.3499984741211,90.55000305175781,90.75,22619720
2010-05-28,81.98503875732422,94.83999633789062,95.69999694824219,94.26249694824219,94.83000183105469,11758500
2010-05-31,81.62413024902344,94.42250061035156,94.93000030517578,93.25,94.80000305175781,8768220
2010-06-01,80.18262481689453,92.75499725341797,94.5,91.9000015258789,94.48500061035156,11365460
2010-06-02,80.09402465820312,92.65249633789062,93.13749694824219,91.4000015258789,92.4000015258789,18903340
2010-06-03,82.36538696289062,95.27999877929688,95.5,93.20500183105469,93.20500183105469,13593780
2010-06-04,81.50525665283203,94.28500366210938,95.48999786376953,94.00499725341797,95.30000305175781,10188700
2010-06-07,81.11408996582031,93.8324966430664,94.74250030517578,90.4175033569336,93.3499984741211,19238260
2010-06-08,80.51113891601562,93.13500213623047,94.8499984741211,92.6500015258789,94.0,11342280
2010-06-09,81.29778289794922,94.04499816894531,94.77999877929688,92.57749938964844,93.0,11584680
2010-06-10,83.35317993164062,95.80750274658203,96.09750366210938,93.1500015258789,94.04499816894531,17020940
2010-06-11,84.66471099853516,97.31500244140625,97.5,96.05500030517578,96.05500030517578,21630760
2010-06-14,85.83270263671875,98.65750122070312,98.75,97.31500244140625,97.31500244140625,14977960
2010-06-15,85.43031311035156,98.19499969482422,99.0,97.6500015258789,98.75,9121560
2010-06-16,85.95885467529297,98.80249786376953,99.5,98.40249633789062,98.75,18168580
2010-06-17,86.83102416992188,99.80500030517578,99.94999694824219,98.40249633789062,99.1500015258789,15977200
2010-06-18,86.6396255493164,99.58499908447266,99.89749908447266,98.9175033569336,99.5999984741211,9802800
2010-06-21,86.95064544677734,99.94249725341797,100.5,99.50499725341797,100.08000183105469,14203300
2010-06-22,86.43734741210938,99.35250091552734,100.0,99.12249755859375,99.75,8524880
2010-06-23,86.94629669189453,99.9375,100.18499755859375,98.7750015258789,99.23500061035156,8488080
2010-06-24,87.0702896118164,100.08000183105469,100.3499984741211,99.0,99.85250091552734,17653100
2010-06-25,84.72344207763672,97.38249969482422,99.5999984741211,97.0,99.00749969482422,14470320
2010-06-28,84.85612487792969,97.53500366210938,98.19999694824219,96.1624984741211,97.6050033569336,10658160
2010-06-29,82.84205627441406,95.22000122070312,97.44000244140625,94.80500030517578,97.00499725341797,15902320
2010-06-30,83.47715759277344,95.94999694824219,96.94499969482422,93.94999694824219,94.75,17535120
2010-07-01,82.9725570678711,95.37000274658203,96.48500061035156,94.75,95.5999984741211,11567260
2010-07-02,83.20964050292969,95.64250183105469,96.1675033569336,94.99749755859375,95.37000274658203,8225000
2010-07-05,83.31185913085938,95.76000213623047,96.44999694824219,94.9000015258789,95.05000305175781,5160540
2010-07-06,85.43466186523438,98.19999694824219,98.48750305175781,95.5,95.75,12496060
2010-07-07,84.27320861816406,96.86499786376953,98.44999694824219,96.55249786376953,98.44249725341797,7933440
2010-07-08,84.63862609863281,97.28500366210938,98.49250030517578,97.11250305175781,98.0,6725840
2010-07-09,87.12031555175781,100.13749694824219,100.59750366210938,97.50499725341797,97.75,31402360
2010-07-12,89.15177917480469,102.47250366210938,102.80000305175781,100.3499984741211,100.44999694824219,29738560
2010-07-13,90.15663146972656,103.62750244140625,104.0,101.87000274658203,102.5999984741211,12514620
2010-07-14,90.75476837158203,104.31500244140625,105.54499816894531,103.6624984741211,104.0,21116060
2010-07-15,89.72379302978516,103.12999725341797,104.5,102.75,104.5,6477460
2010-07-16,88.69503784179688,101.94750213623047,103.30000305175781,101.55999755859375,103.19999694824219,9427760
2010-07-19,89.0821762084961,102.39250183105469,103.19999694824219,101.0999984741211,102.0999984741211,17531160
2010-07-20,88.93209075927734,102.22000122070312,104.43499755859375,101.80000305175781,102.39250183105469,13369180
2010-07-21,88.4383773803711,101.65249633789062,103.23750305175781,101.25,102.50499725341797,9284700
2010-07-22,89.49109649658203,102.86250305175781,103.1500015258789,101.25,101.5,11149940
2010-07-23,88.6798095703125,101.93000030517578,103.44999694824219,101.29499816894531,103.44999694824219,13843620
2010-07-26,89.25836181640625,102.59500122070312,102.98999786376953,101.7074966430664,102.25,6072980
2010-07-27,89.90650177001953,103.33999633789062,103.9000015258789,102.25,102.66000366210938,13291820
2010-07-28,90.74606323242188,104.30500030517578,104.5,102.99749755859375,103.5999984741211,13142120
2010-07-29,91.3768081665039,105.02999877929688,105.75,104.1624984741211,104.54499816894531,22531480
2010-07-30,92.52088165283203,106.34500122070312,106.8499984741211,104.0,104.88500213623047,23399320
2010-08-02,92.93196105957031,106.81749725341797,107.24500274658203,106.06749725341797,106.5,16526680
2010-08-03,92.32730102539062,106.12249755859375,107.19999694824219,105.5875015258789,107.0,16220960
2010-08-04,91.99452209472656,105.73999786376953,106.44999694824219,104.55999755859375,105.75,14734700
2010-08-05,91.36158752441406,105.01249694824219,106.37000274658203,103.25,103.25,14710560
2010-08-06,90.94618225097656,104.53500366210938,105.5,104.07250213623047,104.6624984741211,10920880
2010-08-09,90.56771087646484,104.0999984741211,105.19499969482422,103.56749725341797,104.5,5236440
2010-08-10,91.1397476196289,104.75749969482422,105.11000061035156,103.48750305175781,104.27249908447266,14694540
2010-08-11,90.89396667480469,104.4749984741211,105.65249633789062,103.89749908447266,105.05000305175781,14670160
2010-08-12,90.18273162841797,103.65750122070312,104.13999938964844,102.4000015258789,103.84500122070312,9938860
2010-08-13,90.80913543701172,104.37750244140625,105.06999969482422,102.9124984741211,103.07749938964844,10499860
2010-08-16,90.65470886230469,104.19999694824219,106.34500122070312,103.5199966430664,103.91999816894531,7186680
2010-08-17,92.26640319824219,106.05249786376953,106.80000305175781,104.05500030517578,105.4000015258789,20131820
2010-08-18,95.3505859375,109.59750366210938,109.94999694824219,106.5,106.5,38844340
2010-08-19,97.01229095458984,111.50749969482422,111.9749984741211,109.25,109.25,20763920
2010-08-20,97.06231689453125,111.56500244140625,111.98999786376953,110.26000213623047,110.57749938964844,8398140
2010-08-23,95.55286407470703,109.83000183105469,111.4000015258789,109.1500015258789,110.64250183105469,8194860
2010-08-24,96.07703399658203,110.43250274658203,111.0,108.00499725341797,109.83000183105469,10680280
2010-08-25,95.36363983154297,109.61250305175781,110.75,108.92749786376953,110.05000305175781,10591220
2010-08-26,94.75897216796875,108.9175033569336,110.69249725341797,108.32499694824219,108.93000030517578,20388100
2010-08-27,93.05374908447266,106.9574966430664,109.49749755859375,106.28250122070312,109.0,11550480
2010-08-30,92.72969055175781,106.58499908447266,108.88500213623047,105.83000183105469,108.0,6876460
2010-08-31,92.8405990600586,106.7125015258789,107.0,105.61499786376953,106.25,9390160
2010-09-01,93.49310302734375,107.4625015258789,107.75,106.0,106.77749633789062,9616200
2010-09-02,95.15483856201172,109.37249755859375,109.74749755859375,107.98999786376953,107.98999786376953,11590660
2010-09-03,95.43758392333984,109.69750213623047,110.0,108.4124984741211,109.69999694824219,8118160
2010-09-06,95.88780975341797,110.21499633789062,110.98500061035156,109.25749969482422,109.9000015258789,9546440
2010-09-07,95.66160583496094,109.95500183105469,110.80000305175781,109.12750244140625,110.80000305175781,8407840
2010-09-08,94.81334686279297,108.9800033569336,109.99500274658203,108.56500244140625,109.4000015258789,9969600
2010-09-09,97.6517333984375,112.24250030517578,112.5,109.15499877929688,109.75,26029580
2010-09-13,99.287353515625,114.12249755859375,114.75,112.4000015258789,112.50499725341797,14595580
2010-09-14,101.53849792480469,116.70999908447266,117.5,114.30000305175781,114.30000305175781,32697460
2010-09-15,103.33289337158203,118.77249908447266,119.19999694824219,116.80249786376953,116.94999694824219,25503160
2010-09-16,104.19635772705078,119.76499938964844,120.75,117.76750183105469,118.78500366210938,25534780
2010-09-17,104.42691040039062,120.02999877929688,121.30000305175781,119.3499984741211,119.76499938964844,21503140
2010-09-20,106.41055297851562,122.30999755859375,123.49749755859375,119.81500244140625,120.16000366210938,15095460
2010-09-21,107.47846984863281,123.5374984741211,124.7300033569336,122.75499725341797,122.75499725341797,32710780
2010-09-22,107.95262145996094,124.0824966430664,124.5,122.51499938964844,123.5,25049020
2010-09-23,107.17831420898438,123.19249725341797,124.09249877929688,122.65750122070312,123.57749938964844,12380340
2010-09-24,108.54421997070312,124.76249694824219,125.0999984741211,120.40750122070312,120.40750122070312,27910620
2010-09-27,106.07341003417969,121.92250061035156,125.54000091552734,121.68499755859375,125.0,16677440
2010-09-28,106.59322357177734,122.5199966430664,123.08499908447266,121.06999969482422,121.9000015258789,18864220
2010-09-29,106.26483154296875,122.14250183105469,123.69999694824219,121.30999755859375,123.69999694824219,15595720
2010-09-30,108.28756713867188,124.46749877929688,124.94999694824219,121.33499908447266,121.5,36959780
2010-10-01,108.78347778320312,125.0374984741211,125.19999694824219,123.11750030517578,124.5999984741211,17730260
2010-10-04,108.4898452758789,124.69999694824219,126.12999725341797,124.16000366210938,125.0374984741211,13980460
2010-10-05,106.48013305664062,122.38999938964844,125.48500061035156,121.87249755859375,124.06999969482422,17196660
2010-10-06,106.86946868896484,122.8375015258789,124.0,122.5,122.75,8219880
2010-10-07,105.8602523803711,121.67749786376953,123.5,121.32749938964844,122.8499984741211,9012840
2010-10-08,104.65095520019531,120.2874984741211,122.4000015258789,119.5,121.75749969482422,14906860
2010-10-11,103.90058898925781,119.42500305175781,122.04000091552734,118.3324966430664,122.04000091552734,19820040
2010-10-12,103.54386138916016,119.01499938964844,120.0,116.97750091552734,119.90249633789062,15619800
2010-10-13,106.19522094726562,122.0625,122.5,118.3499984741211,119.25,20573400
2010-10-14,105.4600601196289,121.21749877929688,122.80000305175781,120.50250244140625,122.25,7707260
2010-10-15,103.80270385742188,119.3125,122.13749694824219,118.99749755859375,121.22000122070312,11726540
2010-10-18,104.3333969116211,119.92250061035156,126.99500274658203,117.6500015258789,126.99500274658203,16550200
2010-10-19,103.04578399658203,118.44249725341797,121.1500015258789,117.92749786376953,121.1500015258789,16649040
2010-10-20,101.59723663330078,116.77749633789062,118.5999984741211,116.40499877929688,118.44999694824219,9860460
2010-10-21,102.88262939453125,118.25499725341797,118.73999786376953,115.8324966430664,116.50250244140625,14595060
2010-10-22,101.21006774902344,116.3324966430664,119.0,115.92500305175781,119.0,12950380
2010-10-25,100.25523376464844,115.23500061035156,118.375,114.94999694824219,116.80000305175781,17259580
2010-10-26,100.11168670654297,115.06999969482422,116.30000305175781,114.55000305175781,115.4000015258789,10139440
2010-10-27,98.06281280517578,112.71499633789062,115.30000305175781,112.0199966430664,115.30000305175781,16440660
2010-10-28,98.60221099853516,113.33499908447266,115.7925033569336,112.05000305175781,112.82499694824219,42138460
2010-10-29,99.17643737792969,113.99500274658203,114.9000015258789,111.8499984741211,114.0,16264860
2010-11-01,102.19100189208984,117.45999908447266,118.30000305175781,114.25250244140625,114.9000015258789,20269600
2010-11-02,102.24102020263672,117.51750183105469,119.3499984741211,117.1500015258789,118.25,11122040
2010-11-03,102.75868225097656,118.11250305175781,118.59500122070312,117.55249786376953,118.05000305175781,7081520
2010-11-04,103.93102264404297,119.45999908447266,120.25,118.37750244140625,119.5,9716320
2010-11-08,101.59070587158203,116.7699966430664,120.0,116.27249908447266,119.66999816894531,8510920
2010-11-09,104.33557891845703,119.92500305175781,120.33999633789062,116.51750183105469,117.0,13716100
2010-11-10,104.22029113769531,119.7925033569336,120.98999786376953,119.1675033569336,120.0,8934340
2010-11-11,102.36933898925781,117.66500091552734,120.47000122070312,116.8125,119.25499725341797,6728740
2010-11-12,100.6989517211914,115.74500274658203,118.94999694824219,115.25,117.25,12403100
2010-11-15,103.78528594970703,119.2925033569336,119.5999984741211,115.69999694824219,115.75,22815960
2010-11-16,103.20890045166016,118.62999725341797,119.98500061035156,116.25,119.98500061035156,18299340
2010-11-18,101.80602264404297,117.01750183105469,120.94999694824219,115.9375,120.94999694824219,16631980
2010-11-19,100.20738220214844,115.18000030517578,118.19999694824219,114.5999984741211,117.25,11752680
2010-11-22,103.52647399902344,118.99500274658203,119.54750061035156,115.30000305175781,116.05000305175781,11021900
2010-11-23,103.17410278320312,118.58999633789062,119.0,115.37249755859375,118.25,11416240
2010-11-24,100.54669952392578,115.56999969482422,118.69499969482422,114.49749755859375,117.69999694824219,8257500
2010-11-25,101.05345916748047,116.15249633789062,117.93499755859375,114.61250305175781,116.25,22687740
2010-11-26,99.95942687988281,114.8949966430664,117.0,113.80000305175781,116.30000305175781,15139380
2010-11-29,99.95942687988281,114.8949966430664,115.8949966430664,114.25,115.0,11818860
2010-11-30,99.41566467285156,114.2699966430664,116.70249938964844,112.92500305175781,114.8499984741211,17253560
2010-12-01,102.96749877929688,118.35250091552734,118.75,114.0,114.42749786376953,16081440
2010-12-02,104.04192352294922,119.5875015258789,120.0,117.65499877929688,118.9000015258789,14738560
2010-12-03,104.21160125732422,119.78250122070312,120.0,118.5999984741211,119.75,7923580
2010-12-06,103.67218780517578,119.1624984741211,121.25,118.76249694824219,121.0,9363120
2010-12-07,102.29756927490234,117.5824966430664,119.5,116.42500305175781,119.0,17194700
2010-12-08,99.20035552978516,114.02249908447266,117.0,113.26000213623047,117.0,23488440
2010-12-09,97.09275817871094,111.5999984741211,114.22000122070312,110.96499633789062,113.65750122070312,36567840
2010-12-10,96.6729736328125,111.11750030517578,111.61250305175781,108.51499938964844,110.0,41242460
2010-12-13,97.39725494384766,111.94999694824219,112.25,109.06999969482422,112.1500015258789,15823360
2010-12-14,97.3646469116211,111.9124984741211,113.79499816894531,110.5999984741211,112.3499984741211,11844160
2010-12-15,94.0868911743164,108.1449966430664,111.5,107.5,111.5,22420420
2010-12-16,95.73555755615234,110.04000091552734,110.9800033569336,107.5,108.1500015258789,19518360
2010-12-20,94.5044937133789,108.625,109.98999786376953,107.57250213623047,109.98999786376953,10322440
2010-12-21,96.3141098022461,110.70500183105469,110.95249938964844,108.59500122070312,108.6500015258789,12351160
2010-12-22,94.77853393554688,108.94000244140625,112.0,108.50250244140625,111.6500015258789,15006480
2010-12-23,95.30709075927734,109.54750061035156,110.19999694824219,108.69750213623047,109.0,6526540
2010-12-24,96.50116729736328,110.91999816894531,111.23750305175781,108.75,109.44999694824219,7033420
2010-12-27,96.29670715332031,110.68499755859375,111.5,109.8550033569336,110.94999694824219,7541260
2010-12-28,98.14329528808594,112.80750274658203,113.43499755859375,110.75749969482422,111.19499969482422,9350060
2010-12-29,101.26010131835938,116.38999938964844,116.83999633789062,112.67749786376953,112.80000305175781,16142080
2010-12-30,100.29004669189453,115.2750015258789,117.16999816894531,114.40249633789062,116.80999755859375,14504700
2010-12-31,102.06700897216797,117.31749725341797,118.25,114.60250091552734,115.25,16497820
2011-01-03,103.98757934570312,119.5250015258789,119.98249816894531,117.5199966430664,118.5,10796780
2011-01-04,102.03221893310547,117.27749633789062,119.4000015258789,116.6500015258789,119.32499694824219,16568260
2011-01-05,100.4074935913086,115.41000366210938,117.48500061035156,114.875,117.48500061035156,15651840
2011-01-06,101.2579116821289,116.38749694824219,117.13249969482422,115.44999694824219,115.80000305175781,10870180
2011-01-07,98.72185516357422,113.47250366210938,116.30999755859375,113.05000305175781,116.30999755859375,15896020
2011-01-10,93.62361145019531,107.61250305175781,113.5,106.9000015258789,112.80249786376953,40141720
2011-01-11,93.37784576416016,107.33000183105469,110.93499755859375,106.25,108.5,24315180
2011-01-12,95.93131256103516,110.26499938964844,110.69999694824219,105.33000183105469,108.44999694824219,19810660
2011-01-13,93.22123718261719,107.1500015258789,110.87000274658203,106.31999969482422,110.44999694824219,18972020
2011-01-14,89.15612030029297,102.47750091552734,110.4000015258789,101.5,107.5,25582820
2011-01-17,89.96305847167969,103.40499877929688,104.6500015258789,102.52749633789062,103.0,24561640
2011-01-18,91.7574462890625,105.46749877929688,105.80000305175781,102.3324966430664,104.33999633789062,16840320
2011-01-19,90.28277587890625,103.77249908447266,105.70249938964844,103.1500015258789,105.5824966430664,17984100
2011-01-20,92.1141586303711,105.87750244140625,106.72000122070312,102.29499816894531,103.4625015258789,19277080
2011-01-21,91.09623718261719,104.7074966430664,106.23500061035156,103.80500030517578,105.19999694824219,16595220
2011-01-24,93.46482849121094,107.43000030517578,107.69999694824219,103.6500015258789,104.75,25548320
2011-01-25,90.66775512695312,104.21499633789062,108.74250030517578,103.50499725341797,107.55999755859375,28221080
2011-01-27,89.21484375,102.54499816894531,105.0,102.05000305175781,105.0,37891160
2011-01-28,89.36056518554688,102.7125015258789,104.46749877929688,102.10250091552734,102.75,35596840
2011-01-31,89.05825805664062,102.36499786376953,103.17250061035156,99.80999755859375,102.13500213623047,22236060
2011-02-01,88.72330474853516,101.9800033569336,103.84500122070312,100.75499725341797,103.84500122070312,17102460
2011-02-02,87.86634826660156,100.99500274658203,103.17500305175781,100.30999755859375,102.57499694824219,19524340
2011-02-03,89.65203094482422,103.04750061035156,103.5875015258789,100.5,101.0,11592060
2011-02-04,87.77281188964844,100.88749694824219,104.25,100.25,102.55000305175781,18506400
2011-02-07,88.690673828125,101.94249725341797,103.0,101.01000213623047,102.25,17118920
2011-02-08,87.12466430664062,100.14250183105469,102.99749755859375,99.25499725341797,102.99500274658203,14391980
2011-02-09,87.97074127197266,101.11499786376953,101.75,99.06999969482422,99.9000015258789,14715160
2011-02-10,87.69017028808594,100.7925033569336,102.44999694824219,100.0,100.80000305175781,23071180
2011-02-11,89.58026123046875,102.96499633789062,103.0,99.75,99.75,20206840
2011-02-14,91.58778381347656,105.27249908447266,105.51000213623047,102.50749969482422,102.50749969482422,11844720
2011-02-15,91.65522003173828,105.3499984741211,106.4000015258789,103.76499938964844,105.5,15199460
2011-02-16,91.12669372558594,104.74250030517578,106.0999984741211,104.25250244140625,105.69999694824219,9101580
2011-02-17,95.07434844970703,109.27999877929688,109.69999694824219,104.75,105.0,23609840
2011-02-18,94.66110229492188,108.80500030517578,112.15499877929688,108.26249694824219,109.19999694824219,39535740
2011-02-21,95.77471160888672,110.08499908447266,110.4000015258789,106.625,108.25,11201020
2011-02-22,93.0233154296875,106.92250061035156,109.58499908447266,106.2699966430664,109.5,11592860
2011-02-23,91.96408081054688,105.70500183105469,107.6500015258789,105.01000213623047,106.26000213623047,12228440
2011-02-24,89.5715560913086,102.95500183105469,105.92749786376953,102.2874984741211,104.3499984741211,20055540
2011-02-25,88.83421325683594,102.10749816894531,104.3499984741211,100.9000015258789,104.3499984741211,12619920
2011-02-28,89.27359008789062,102.61250305175781,106.04750061035156,101.75,103.19999694824219,21962720
2011-03-01,93.04723358154297,106.94999694824219,107.5,102.94999694824219,103.73999786376953,20501160
2011-03-03,95.40277099609375,109.65750122070312,111.11499786376953,106.50250244140625,106.74500274658203,25337640
2011-03-04,96.49462890625,110.9124984741211,111.6449966430664,110.32499694824219,110.5,19709880
2011-03-07,94.53276824951172,108.65750122070312,110.19999694824219,107.54499816894531,110.19999694824219,12855680
2011-03-08,95.9834976196289,110.32499694824219,110.92500305175781,107.82499694824219,107.9000015258789,17971140
2011-03-09,95.96392059326172,110.30249786376953,111.93499755859375,109.75,110.5,18083980
2011-03-10,96.0661392211914,110.41999816894531,110.75,109.11750030517578,109.5999984741211,14940620
2011-03-11,95.10697174072266,109.31749725341797,110.8499984741211,108.75,109.10250091552734,13107900
2011-03-14,96.34237670898438,110.73750305175781,110.94999694824219,108.5999984741211,108.5999984741211,13082880
2011-03-15,95.03302764892578,109.23249816894531,110.38500213623047,106.5,108.5,27602000
2011-03-16,94.99385833740234,109.1875,110.25,108.93000030517578,109.80000305175781,11610680
2011-03-17,94.89599609375,109.07499694824219,111.6500015258789,108.30750274658203,108.51000213623047,33521240
2011-03-18,93.49528503417969,107.46499633789062,109.80999755859375,107.1050033569336,109.0,9644240
2011-03-21,93.71932220458984,107.72250366210938,108.93499755859375,107.32250213623047,108.51000213623047,12318700
2011-03-22,93.5953369140625,107.58000183105469,108.6500015258789,107.10250091552734,107.95500183105469,9430540
2011-03-23,94.14344024658203,108.20999908447266,109.09500122070312,107.25250244140625,107.5,9314700
2011-03-24,95.38754272460938,109.63999938964844,109.94499969482422,108.42500305175781,108.94999694824219,8827620
2011-03-25,98.53044891357422,113.25250244140625,113.75,110.0,110.3499984741211,17802960
2011-03-28,99.90941619873047,114.8375015258789,115.5999984741211,113.25,113.25,21860620
2011-03-29,100.27482604980469,115.25749969482422,116.19000244140625,114.23249816894531,115.5,21636600
2011-03-30,101.8560562133789,117.07499694824219,118.19999694824219,115.30000305175781,115.75,22194840
2011-03-31,102.0452651977539,117.2925033569336,119.79499816894531,115.25499725341797,117.5,37863820
2011-04-01,101.51893615722656,116.6875,118.25,116.1500015258789,117.6500015258789,8738580
2011-04-04,104.43560791015625,120.04000091552734,120.25,117.0,117.0,12644540
2011-04-05,104.21595001220703,119.7874984741211,120.49749755859375,118.40750122070312,120.0,16825320
2011-04-06,103.35462951660156,118.79750061035156,119.75,117.55000305175781,119.55000305175781,12939720
2011-04-07,102.43243408203125,117.73750305175781,118.9000015258789,116.9800033569336,118.75,13116320
2011-04-08,102.33020782470703,117.62000274658203,119.25,117.25499725341797,117.69999694824219,15440340
2011-04-11,99.87895965576172,114.80249786376953,116.87750244140625,114.43000030517578,116.26000213623047,22416360
2011-04-13,103.05012512207031,118.44750213623047,119.18250274658203,113.75,113.97250366210938,18067780
2011-04-15,102.79566192626953,118.15499877929688,119.5999984741211,117.19999694824219,118.75,17181860
2011-04-18,100.56409454345703,115.58999633789062,119.99250030517578,115.21749877929688,118.94000244140625,20706540
2011-04-19,102.11705780029297,117.375,117.94000244140625,116.22250366210938,117.0,14924860
2011-04-20,103.18063354492188,118.59750366210938,119.44999694824219,117.4000015258789,118.02749633789062,13096140
2011-04-21,104.86409759521484,120.53250122070312,120.84500122070312,119.0999984741211,119.0999984741211,32410700
2011-04-25,104.00931549072266,119.55000305175781,122.05249786376953,119.30000305175781,121.1500015258789,12645740
2011-04-26,102.65428924560547,117.99250030517578,119.89250183105469,117.0250015258789,119.32749938964844,12643700
2011-04-27,102.36717987060547,117.6624984741211,118.94999694824219,116.31500244140625,118.80000305175781,14295300
2011-04-28,101.69292449951172,116.88749694824219,118.44999694824219,116.5,118.15750122070312,26769640
2011-04-29,99.85719299316406,114.77749633789062,116.98500061035156,114.05000305175781,116.25,18625880
2011-05-02,99.62229919433594,114.50749969482422,115.78500366210938,113.0999984741211,115.30000305175781,14156740
2011-05-03,97.25154113769531,111.78250122070312,114.78250122070312,111.11000061035156,114.42749786376953,21480560
2011-05-04,98.37385559082031,113.07250213623047,114.25749969482422,110.38999938964844,112.19999694824219,26421220
2011-05-05,96.59033203125,111.02249908447266,113.73999786376953,110.5,112.7925033569336,18698980
2011-05-06,99.93115997314453,114.86250305175781,116.0,111.25,111.25,21551460
2011-05-09,99.1307601928711,113.94249725341797,115.75,112.41999816894531,115.0999984741211,7797180
2011-05-10,97.71916198730469,112.31999969482422,113.9000015258789,111.25499725341797,113.9000015258789,13046440
2011-05-11,98.3564453125,113.05249786376953,113.44499969482422,111.05000305175781,113.0,9821700
2011-05-12,97.44944763183594,112.01000213623047,113.24500274658203,111.75,112.5,9478860
2011-05-13,97.92144012451172,112.55249786376953,114.5,111.2925033569336,111.5999984741211,11646140
2011-05-16,98.0084457397461,112.65249633789062,113.30500030517578,111.81500244140625,112.25,12541240
2011-05-17,97.98234558105469,112.62249755859375,113.69750213623047,112.05000305175781,112.5999984741211,12223880
2011-05-18,98.63050842285156,113.36750030517578,113.88500213623047,112.1500015258789,112.90499877929688,13870960
2011-05-19,98.91107940673828,113.69000244140625,114.19999694824219,112.88500213623047,113.5250015258789,15022540
2011-05-20,100.7337417602539,115.78500366210938,116.0,112.7699966430664,113.5,23827740
2011-05-23,98.51522064208984,113.23500061035156,114.94000244140625,112.29750061035156,114.75,20092800
2011-05-24,98.1063232421875,112.76499938964844,114.625,112.41000366210938,112.69999694824219,9004880
2011-05-25,98.0823974609375,112.73750305175781,113.3499984741211,112.26750183105469,112.5,8314880
2011-05-26,98.49346160888672,113.20999908447266,113.8499984741211,112.0,112.75,19899900
2011-05-27,100.2095718383789,115.18250274658203,115.5999984741211,113.12750244140625,113.24500274658203,11662040
2011-05-30,100.38137817382812,115.37999725341797,116.37999725341797,114.86750030517578,115.19999694824219,7849500
2011-05-31,104.38124084472656,119.97750091552734,120.43499755859375,115.75,116.24500274658203,35393460
2011-06-01,104.32251739501953,119.91000366210938,120.3499984741211,118.73750305175781,119.5,13143340
2011-06-02,103.3851547241211,118.01499938964844,118.33499908447266,117.25,117.75250244140625,13445520
2011-06-03,103.22967529296875,117.8375015258789,118.5425033569336,117.42500305175781,117.99749755859375,11977060
2011-06-06,104.30281829833984,119.0625,119.5,117.26499938964844,117.26499938964844,11685600
2011-06-07,104.09473419189453,118.82499694824219,119.53500366210938,118.19000244140625,118.25499725341797,8126940
2011-06-08,103.1639633178711,117.76249694824219,118.5999984741211,117.41000366210938,117.80999755859375,10278780
2011-06-09,103.49466705322266,118.13999938964844,118.7300033569336,117.07499694824219,117.73750305175781,6459880
2011-06-10,103.47933197021484,118.12249755859375,118.7249984741211,116.51000213623047,118.4000015258789,8743820
2011-06-13,103.92393493652344,118.62999725341797,119.0,117.2074966430664,117.65750122070312,7835560
2011-06-14,104.3575668334961,119.125,119.9000015258789,118.2750015258789,118.9000015258789,12433200
2011-06-15,103.93267059326172,118.63999938964844,119.79000091552734,118.3499984741211,119.0,14077880
2011-06-16,102.62740325927734,117.1500015258789,118.5999984741211,116.90249633789062,118.19999694824219,8425300
2011-06-17,102.9033432006836,117.46499633789062,118.30500030517578,116.68250274658203,117.5250015258789,14213480
2011-06-20,100.70010375976562,114.94999694824219,118.07250213623047,113.59750366210938,117.10749816894531,15625700
2011-06-21,101.8630599975586,116.27749633789062,117.19999694824219,115.0999984741211,115.0999984741211,10157720
2011-06-22,101.73822784423828,116.13500213623047,117.38999938964844,115.62000274658203,116.62249755859375,6183160
2011-06-23,102.22223663330078,116.6875,116.97250366210938,115.5,115.94999694824219,8267580
2011-06-24,104.38604736328125,119.15750122070312,119.49749755859375,117.07749938964844,117.44999694824219,16575460
2011-06-27,105.83148193359375,120.80750274658203,121.59249877929688,118.63249969482422,119.1500015258789,20512380
2011-06-28,106.13373565673828,121.15249633789062,121.5,120.22750091552734,121.47000122070312,12193620
2011-06-29,109.02682495117188,124.45500183105469,124.94999694824219,121.75,121.75,20504880
2011-06-30,110.18535614013672,125.77749633789062,126.24749755859375,123.80750274658203,124.94999694824219,26841200
2011-07-01,109.55900573730469,125.0625,127.37999725341797,123.9000015258789,127.0,13304840
2011-07-04,110.91468048095703,126.61000061035156,127.0999984741211,125.62000274658203,126.75,14323360
2011-07-05,111.30670166015625,127.05750274658203,127.5999984741211,125.7249984741211,126.0999984741211,10637280
2011-07-06,111.48849487304688,127.26499938964844,128.0,125.75,126.75,11785740
2011-07-07,112.38639831542969,128.2899932861328,128.74749755859375,126.7074966430664,127.30500030517578,14778040
2011-07-08,112.09513092041016,127.9574966430664,129.1649932861328,127.68499755859375,128.3000030517578,15089360
2011-07-11,110.5708236694336,126.21749877929688,128.2050018310547,125.75499725341797,127.94999694824219,7945000
2011-07-12,108.61727142333984,123.98750305175781,125.5,123.01000213623047,125.5,14721800
2011-07-13,110.36714935302734,125.98500061035156,126.44750213623047,123.90249633789062,124.5,7441820
2011-07-14,110.8073501586914,126.48750305175781,128.3249969482422,124.69999694824219,126.2750015258789,9354344
2011-07-15,111.46439361572266,127.23750305175781,127.61250305175781,125.75,126.61250305175781,5490152
2011-07-18,112.80033874511719,128.7624969482422,129.72500610351562,127.0,127.98750305175781,6209896
2011-07-19,111.8805160522461,127.7125015258789,129.75,127.0875015258789,129.375,17052664
2011-07-20,110.18319702148438,125.7750015258789,129.10000610351562,125.5,129.10000610351562,7408644
2011-07-21,108.69393157958984,124.07499694824219,126.2249984741211,123.625,126.19999694824219,12881024
2011-07-22,109.84371948242188,125.38749694824219,126.76249694824219,124.7125015258789,125.0,12634120
2011-07-25,110.64311981201172,126.30000305175781,126.625,124.2874984741211,125.38749694824219,13370428
2011-07-26,109.09909057617188,124.5374984741211,127.55000305175781,123.8125,126.3375015258789,10581528
2011-07-27,109.9532241821289,125.51249694824219,125.98750305175781,123.0,124.8375015258789,11062712
2011-07-28,106.72285461425781,121.82499694824219,124.875,121.1500015258789,124.875,21417956
2011-07-29,106.61334228515625,121.69999694824219,122.4749984741211,120.2750015258789,122.4749984741211,11990668
2011-08-01,106.87615966796875,122.0,123.98750305175781,121.125,123.36250305175781,8809416
2011-08-02,105.74827575683594,120.7125015258789,121.9749984741211,120.0,121.9749984741211,7929976
2011-08-03,105.57306671142578,120.51249694824219,122.3499984741211,119.0,119.67500305175781,8330268
2011-08-04,104.34660339355469,119.11250305175781,122.2249984741211,118.75,121.0250015258789,7318424
2011-08-05,103.60197448730469,118.26249694824219,118.94999694824219,114.2750015258789,116.25,12624376
2011-08-08,101.20384216308594,115.5250015258789,120.0,114.51249694824219,115.75,17233492
2011-08-09,101.718505859375,116.11250305175781,118.38749694824219,112.4625015258789,112.5,17963696
2011-08-10,105.10218811035156,119.9749984741211,123.69999694824219,118.3499984741211,123.69999694824219,13068904
2011-08-11,105.11315155029297,119.98750305175781,121.17500305175781,118.75,119.67500305175781,8409216
2011-08-12,102.50694274902344,117.01249694824219,121.5,116.0250015258789,121.2750015258789,11413552
2011-08-16,99.96643829345703,114.11250305175781,119.5999984741211,113.6624984741211,119.5999984741211,12222592
2011-08-17,102.38648223876953,116.875,118.11250305175781,113.9749984741211,114.01249694824219,12536804
2011-08-18,101.26954650878906,115.5999984741211,118.7125015258789,114.63749694824219,117.07499694824219,22888452
2011-08-19,100.9300765991211,115.2125015258789,115.875,112.5,113.75,17921036
2011-08-22,99.22180938720703,113.26249694824219,115.98750305175781,112.67500305175781,115.01249694824219,11908996
2011-08-23,100.61251068115234,114.8499984741211,115.625,111.32499694824219,114.3499984741211,16145092
2011-08-24,99.86788177490234,114.0,115.5999984741211,113.125,114.5,12742456
2011-08-25,97.16311645507812,110.9124984741211,114.8499984741211,110.17500305175781,114.8499984741211,23200840
2011-08-26,96.13377380371094,109.73750305175781,112.63749694824219,109.0374984741211,111.0,8523824
2011-08-29,99.96643829345703,114.11250305175781,114.48750305175781,110.7874984741211,111.125,11600396
2011-08-30,103.361083984375,117.98750305175781,118.75,114.69999694824219,115.48750305175781,15589296
2011-09-02,103.54722595214844,118.19999694824219,121.0,117.0,121.0,15190948
2011-09-05,102.98875427246094,117.5625,118.5,115.6624984741211,117.44999694824219,11800716
2011-09-06,103.54722595214844,118.19999694824219,119.0999984741211,115.0,117.1500015258789,17860792
2011-09-07,106.89806365966797,122.0250015258789,122.48750305175781,118.2125015258789,119.0,14746572
2011-09-08,105.93443298339844,120.92500305175781,122.42500305175781,119.7874984741211,122.42500305175781,8164048
2011-09-09,103.64578247070312,118.3125,121.42500305175781,117.67500305175781,120.9749984741211,10331416
2011-09-12,102.79164123535156,117.3375015258789,117.80000305175781,115.625,116.75,6985520
2011-09-13,102.43029022216797,116.92500305175781,118.94999694824219,116.0,117.75,7175952
2011-09-14,104.88314819335938,119.7249984741211,120.7750015258789,115.26249694824219,116.8499984741211,7749008
2011-09-15,106.14248657226562,121.1624984741211,122.01249694824219,117.9000015258789,121.4749984741211,8736760
2011-09-16,105.93443298339844,120.92500305175781,122.5,119.07499694824219,121.5625,10947008
2011-09-19,106.16439056396484,121.1875,121.75,119.2750015258789,120.4749984741211,8389220
2011-09-20,107.60984802246094,122.8375015258789,123.3125,120.75,121.25,11835268
2011-09-21,108.29971313476562,123.625,124.4124984741211,122.0999984741211,123.1875,12891396
2011-09-22,103.43772888183594,118.07499694824219,122.25,116.375,121.9749984741211,10191088
2011-09-23,99.95549011230469,114.0999984741211,117.5,113.125,117.13749694824219,32911224
2011-09-26,98.57573699951172,112.5250015258789,114.4124984741211,109.86250305175781,114.0,27785068
2011-09-27,100.18545532226562,114.36250305175781,115.4749984741211,113.5250015258789,114.5,16022836
2011-09-28,100.305908203125,114.5,116.3375015258789,112.9375,115.5999984741211,15223752
2011-09-29,103.06539154052734,117.6500015258789,118.69999694824219,113.1624984741211,114.38749694824219,32532984
2011-09-30,102.41934204101562,116.9124984741211,118.69999694824219,116.0999984741211,116.4625015258789,19028800
2011-10-03,99.87882232666016,114.01249694824219,116.2249984741211,112.6875,115.0374984741211,18136236
2011-10-04,98.31292724609375,112.2249984741211,114.0,110.125,113.125,14963192
2011-10-05,96.07904052734375,109.67500305175781,114.0625,109.13749694824219,112.23750305175781,16534992
2011-10-07,98.5538330078125,112.5,115.0,111.55000305175781,113.17500305175781,18887004
2011-10-10,99.58318328857422,113.67500305175781,114.5,112.51249694824219,113.0,24125984
2011-10-11,100.19638061523438,114.375,116.2249984741211,113.7874984741211,115.17500305175781,9987516
2011-10-12,102.3098373413086,116.7874984741211,117.4749984741211,113.36250305175781,115.48750305175781,17935560
2011-10-13,103.07634735107422,117.6624984741211,119.05000305175781,116.9000015258789,118.75,11733404
2011-10-14,103.78813934326172,118.4749984741211,119.0999984741211,116.3375015258789,117.25,6670040
2011-10-17,104.697021484375,119.51249694824219,120.125,118.0875015258789,119.1500015258789,7087264
2011-10-18,104.71892547607422,119.5374984741211,120.3499984741211,118.0,118.4749984741211,8109020
2011-10-19,107.71934509277344,122.9625015258789,123.6500015258789,119.82499694824219,120.73750305175781,17378084
2011-10-20,107.21561431884766,122.38749694824219,123.0999984741211,120.1500015258789,122.0,11353704
2011-10-21,106.65715026855469,121.75,122.94999694824219,120.82499694824219,122.51249694824219,9161464
2011-10-24,106.07677459716797,121.0875015258789,124.25,120.73750305175781,123.1875,9743092
2011-10-25,102.49598693847656,117.0,122.6875,112.13749694824219,121.9625015258789,82630020
2011-10-28,105.70448303222656,120.6624984741211,123.625,119.9375,121.5,18038448
2011-10-31,107.31417846679688,122.5,122.9375,119.2874984741211,120.75,12851416
2011-11-01,105.6278305053711,120.57499694824219,123.25,120.0,121.2750015258789,13299516
2011-11-02,105.80302429199219,120.7750015258789,122.0,119.375,119.67500305175781,10111820
2011-11-03,105.52925872802734,120.4625015258789,121.2125015258789,118.0250015258789,120.25,10505636
2011-11-04,105.78111267089844,120.75,121.9749984741211,120.07499694824219,121.67500305175781,6803220
2011-11-08,106.05488586425781,121.0625,121.8375015258789,119.625,120.75,8392808
2011-11-09,104.52181243896484,119.3125,121.42500305175781,118.82499694824219,121.25,8604988
2011-11-11,101.63090515136719,116.01249694824219,119.5999984741211,115.6500015258789,118.9124984741211,9210036
2011-11-14,103.24063110351562,117.8499984741211,119.9625015258789,117.23750305175781,117.4749984741211,12228564
2011-11-15,103.4267807006836,118.0625,119.44999694824219,117.4749984741211,117.67500305175781,11644292
2011-11-16,101.99227142333984,116.42500305175781,118.0,115.07499694824219,117.5,7117600
2011-11-17,100.60157775878906,114.8375015258789,117.5,114.1500015258789,115.7874984741211,10777368
2011-11-18,100.37159729003906,114.57499694824219,115.4000015258789,112.5250015258789,113.80000305175781,11720744
2011-11-21,97.38213348388672,111.1624984741211,114.0,110.0,114.0,10194036
2011-11-22,97.250732421875,111.01249694824219,112.375,110.0,111.75,15218304
2011-11-23,93.31952667236328,106.5250015258789,110.4375,103.55000305175781,110.4375,25565636
2011-11-24,94.09700775146484,107.4124984741211,108.75,102.82499694824219,107.19999694824219,28885188
2011-11-25,94.37078094482422,107.7249984741211,108.7249984741211,104.76249694824219,106.9375,18906468
2011-11-28,96.54989624023438,110.2125015258789,111.23750305175781,108.5250015258789,109.0,10891716
2011-11-29,95.31250762939453,108.80000305175781,111.38749694824219,108.05000305175781,111.0,14831024
2011-11-30,96.91126251220703,110.625,112.4124984741211,107.30000305175781,107.30000305175781,28214548
2011-12-01,99.32036590576172,113.375,116.75,112.36250305175781,114.73750305175781,13929784
2011-12-02,102.0579605102539,116.5,116.9749984741211,113.2874984741211,113.7874984741211,11237028
2011-12-05,101.25859832763672,115.5875015258789,116.86250305175781,114.5,115.92500305175781,8753228
2011-12-07,102.29888153076172,116.7750015258789,117.7249984741211,115.5250015258789,117.5,11172944
2011-12-08,99.3751220703125,113.4375,116.92500305175781,112.7750015258789,116.75,12557000
2011-12-09,97.18502807617188,110.9375,112.80000305175781,110.125,111.75,13606912
2011-12-12,94.62261962890625,108.01249694824219,112.73750305175781,106.57499694824219,112.0250015258789,12071156
2011-12-13,96.0133285522461,109.5999984741211,111.3499984741211,106.5,107.0,14925880
2011-12-14,95.12635040283203,108.5875015258789,110.9375,107.5625,109.75,24306724
2011-12-15,94.46932220458984,107.8375015258789,109.0,106.75,107.25,26960140
2011-12-16,90.95423889160156,103.82499694824219,110.125,102.5,108.5250015258789,29424820
2011-12-19,88.9174575805664,101.5,103.25,100.0625,103.01249694824219,32341524
2011-12-20,90.71334075927734,103.55000305175781,105.4000015258789,101.0,101.5,19983568
2011-12-21,95.36725616455078,108.86250305175781,109.8499984741211,104.44999694824219,106.5,14986880
2011-12-22,96.98793029785156,110.7125015258789,111.19999694824219,107.19999694824219,107.875,13576068
2011-12-23,95.82716369628906,109.38749694824219,111.625,109.0,111.05000305175781,6855300
2011-12-26,97.17407989501953,110.92500305175781,111.3499984741211,109.26249694824219,109.75,4564760
2011-12-27,96.29805755615234,109.92500305175781,110.9000015258789,108.92500305175781,110.07499694824219,6294236
2011-12-28,96.31995391845703,109.94999694824219,110.75,108.26249694824219,110.625,7668340
2011-12-29,94.0860824584961,107.4000015258789,110.5,106.5,108.9124984741211,10930628
2011-12-30,93.4837875366211,106.7125015258789,108.5,105.5250015258789,108.44999694824219,7676416
2012-01-02,93.4837875366211,106.7125015258789,107.44999694824219,104.875,107.2249984741211,7029996
2012-01-03,96.17758178710938,109.7874984741211,110.2249984741211,107.5,107.8499984741211,6878476
2012-01-04,97.08646392822266,110.82499694824219,111.23750305175781,107.7125015258789,110.4749984741211,9742956
2012-01-05,97.16311645507812,110.9124984741211,111.67500305175781,110.07499694824219,111.0,6761212
2012-01-06,99.27656555175781,113.32499694824219,114.2874984741211,109.73750305175781,110.25,7954444
2012-01-09,99.80219268798828,113.92500305175781,114.2750015258789,111.5,112.9749984741211,8463936
2012-01-10,100.67823791503906,114.92500305175781,115.57499694824219,114.0,115.0,8982772
2012-01-11,101.32430267333984,115.6624984741211,116.0,113.75,115.125,7719112
2012-01-12,102.2003402709961,116.6624984741211,117.2750015258789,115.30000305175781,115.42500305175781,7975444
2012-01-13,102.8464126586914,117.4000015258789,118.26249694824219,115.26249694824219,117.5,7381684
2012-01-16,100.8534164428711,115.125,116.9625015258789,114.5625,116.69999694824219,6383420
2012-01-17,102.58358764648438,117.0999984741211,117.25,115.75,115.9749984741211,7322016
2012-01-18,105.54020690917969,120.4749984741211,121.3499984741211,117.4000015258789,118.2249984741211,20137244
2012-01-19,106.61334228515625,121.69999694824219,122.5625,120.07499694824219,121.5,16842176
2012-01-20,107.43463134765625,122.63749694824219,123.36250305175781,120.11250305175781,122.5,14390260
2012-01-23,106.00013732910156,121.0,121.9375,120.2249984741211,121.5,7533728
2012-01-24,107.05135345458984,122.19999694824219,123.2750015258789,120.13749694824219,121.3125,15063952
2012-01-25,107.35797882080078,122.55000305175781,123.25,121.4375,122.5625,14819100
2012-01-27,106.0439224243164,121.05000305175781,126.0,119.9124984741211,125.9749984741211,14877636
2012-01-30,104.91602325439453,119.76249694824219,120.75,118.25,120.73750305175781,9975016
2012-01-31,107.77409362792969,123.0250015258789,123.75,119.9625015258789,120.875,10653848
2012-02-01,108.88009643554688,124.2874984741211,124.92500305175781,120.3375015258789,123.625,12020596
2012-02-02,109.04434204101562,124.4749984741211,125.0,122.82499694824219,124.75,22841708
2012-02-03,110.87305450439453,126.5625,127.0,123.8125,124.375,14915004
2012-02-06,111.19063568115234,126.92500305175781,129.0,125.0,127.5,17438624
2012-02-07,111.54103088378906,127.32499694824219,128.85000610351562,127.0,128.5,12075708
2012-02-08,111.35489654541016,127.11250305175781,129.4499969482422,125.6875,127.67500305175781,13861148
2012-02-09,114.44290161132812,130.6374969482422,131.4875030517578,126.4124984741211,126.42500305175781,17361024
2012-02-10,113.33690643310547,129.375,131.41250610351562,128.5,130.6999969482422,11515172
2012-02-13,114.3115005493164,130.4875030517578,131.25,128.97500610351562,129.66250610351562,14614324
2012-02-14,113.42452239990234,129.47500610351562,130.9499969482422,128.7624969482422,130.625,13114828
2012-02-15,116.74248504638672,133.2624969482422,133.72500610351562,129.3125,130.125,19379584
2012-02-16,115.29705047607422,131.6125030517578,134.46249389648438,130.8125,132.75,8124264
2012-02-17,115.70219421386719,132.0749969482422,133.25,130.02499389648438,132.8125,14219648
2012-02-21,116.52349090576172,133.0124969482422,133.375,130.125,131.5,14831136
2012-02-22,116.39208221435547,132.8625030517578,134.72500610351562,131.66250610351562,132.5,13923108
2012-02-23,116.76439666748047,133.28750610351562,133.9875030517578,131.8000030517578,131.8000030517578,17095748
2012-02-24,114.90283203125,131.16250610351562,133.85000610351562,128.83749389648438,131.8000030517578,16380168
2012-02-27,112.92079162597656,128.89999389648438,132.8625030517578,128.03750610351562,131.72500610351562,15321292
2012-02-28,116.18401336669922,132.625,133.35000610351562,128.3000030517578,129.8125,14801148
2012-02-29,113.24929809570312,129.27499389648438,134.97500610351562,128.33749389648438,133.47500610351562,19988636
2012-03-01,112.57038116455078,128.5,130.5749969482422,126.32499694824219,129.25,12198492
2012-03-02,113.61067199707031,129.6875,131.25,126.9375,128.5,8116696
2012-03-05,111.90240478515625,127.73750305175781,130.2375030517578,126.38749694824219,130.0,10051372
2012-03-06,111.12492370605469,126.8499984741211,130.25,125.8125,127.44999694824219,11597188
2012-03-07,112.93174743652344,128.91250610351562,129.5,124.38749694824219,126.7125015258789,7577636
2012-03-09,114.58525848388672,130.8000030517578,131.75,129.91250610351562,130.5,9315044
2012-03-12,113.65449523925781,129.7375030517578,133.625,129.25,133.5,11217384
2012-03-13,114.84806060791016,131.10000610351562,131.875,130.08749389648438,130.75,11079428
2012-03-14,115.68029022216797,132.0500030517578,132.5,130.3625030517578,132.02499389648438,11721124
2012-03-15,111.86954498291016,127.69999694824219,132.5,127.26249694824219,132.0,14939196
2012-03-16,111.22348022460938,126.9625015258789,131.22500610351562,126.25,127.5,12810608
2012-03-19,109.2524185180664,124.7125015258789,127.51249694824219,123.7750015258789,127.51249694824219,15299768
2012-03-20,110.68690490722656,126.3499984741211,127.7125015258789,123.25,124.0,6324272
2012-03-21,112.93174743652344,128.91250610351562,129.46249389648438,125.75,125.75,12021572
2012-03-22,110.43505096435547,126.0625,130.60000610351562,125.0250015258789,128.47500610351562,11280064
2012-03-23,112.55943298339844,128.4875030517578,129.6875,125.23750305175781,127.375,8047164
2012-03-26,112.05570220947266,127.9124984741211,129.125,126.4124984741211,128.375,9832916
2012-03-27,113.632568359375,129.71249389648438,130.4499969482422,128.0,128.75,11857352
2012-03-28,112.44994354248047,128.3625030517578,129.625,127.51249694824219,129.625,8699492
2012-03-29,111.71625518798828,127.5250015258789,128.52499389648438,126.25,127.0,16225116
2012-03-30,113.85157775878906,129.96249389648438,130.96249389648438,127.4375,128.0,11184976
2012-04-02,115.7131576538086,132.08749389648438,132.4875030517578,129.02499389648438,129.5,5530932
2012-04-03,116.11831665039062,132.5500030517578,134.10000610351562,132.0,133.25,12920812
2012-04-04,115.31893157958984,131.6374969482422,132.25,131.10000610351562,131.3125,4175076
2012-04-09,114.2677001953125,130.4375,131.5749969482422,130.0,130.9375,5036740
2012-04-10,114.94661712646484,131.21249389648438,131.5,128.96249389648438,130.85000610351562,5834072
2012-04-11,115.29705047607422,131.6125030517578,132.7375030517578,129.27499389648438,130.46249389648438,7463248
2012-04-12,116.1621322631836,132.60000610351562,133.625,131.0749969482422,131.25,12103288
2012-04-13,115.9321517944336,132.33749389648438,134.4375,130.97500610351562,134.10000610351562,9833428
2012-04-16,116.019775390625,132.4375,132.75,131.02499389648438,132.22500610351562,17396084
2012-04-17,116.12928009033203,132.5625,133.97500610351562,130.27499389648438,133.0,15665808
2012-04-18,117.74992370605469,134.41250610351562,134.97500610351562,133.25,133.25,12000284
2012-04-19,121.34168243408203,138.5124969482422,138.89999389648438,134.3000030517578,135.0,16366676
2012-04-20,120.69558715820312,137.77499389648438,139.5,136.6125030517578,138.0625,15725100
2012-04-23,119.43628692626953,136.33749389648438,139.0,135.8249969482422,137.9875030517578,8437648
2012-04-24,118.66974639892578,135.46249389648438,136.625,134.85000610351562,136.52499389648438,8760780
2012-04-25,119.72100067138672,136.66250610351562,137.375,134.5,136.0,10778388
2012-04-26,118.37410736083984,135.125,137.4875030517578,134.75,136.25,9338952
2012-04-27,118.51646423339844,135.28750610351562,136.5,133.5500030517578,135.5,4549020
2012-04-30,118.8121337890625,135.625,137.25,135.08749389648438,135.9499969482422,6039020
2012-05-02,120.43279266357422,137.47500610351562,137.75,135.1750030517578,135.1750030517578,8978348
2012-05-03,121.34168243408203,138.5124969482422,139.5,136.3625030517578,136.375,13714548
2012-05-04,117.71709442138672,134.375,138.4250030517578,133.66250610351562,137.8000030517578,12351888
2012-05-07,116.56729125976562,133.0625,133.6374969482422,129.10000610351562,132.97500610351562,16712688
2012-05-08,112.86603546142578,128.83749389648438,134.10000610351562,128.3125,133.22500610351562,11283080
2012-05-09,112.27472686767578,128.16250610351562,130.64999389648438,126.3499984741211,128.4250030517578,15023992
2012-05-10,113.33690643310547,129.375,130.72500610351562,127.5,127.76249694824219,12084380
2012-05-11,111.81478881835938,127.63749694824219,130.0,127.05000305175781,128.3125,8050084
2012-05-14,109.62471771240234,125.13749694824219,127.94999694824219,123.51249694824219,127.6875,11034848
2012-05-15,109.30715942382812,124.7750015258789,126.11250305175781,124.0,124.0,8019464
2012-05-16,108.45303344726562,123.80000305175781,124.67500305175781,121.5,123.5,16960872
2012-05-17,109.0224380493164,124.44999694824219,126.625,123.75,124.25,11618520
2012-05-18,109.62471771240234,125.13749694824219,125.9749984741211,122.25,122.44999694824219,9614416
2012-05-21,108.94580078125,124.36250305175781,126.9625015258789,123.48750305175781,125.0625,8542340
2012-05-22,107.14990234375,122.3125,126.25,121.73750305175781,125.94999694824219,11096812
2012-05-23,106.7009506225586,121.80000305175781,123.2249984741211,120.55000305175781,122.5,12695888
2012-05-24,109.43856048583984,124.92500305175781,125.67500305175781,121.25,123.25,11539244
2012-05-25,109.50428009033203,125.0,125.7874984741211,123.9000015258789,124.94999694824219,11194572
2012-05-28,111.42058563232422,127.1875,127.6500015258789,125.0,125.30000305175781,12206852
2012-05-29,110.58836364746094,126.23750305175781,127.98750305175781,125.5250015258789,127.5374984741211,10573024
2012-05-30,109.64659881591797,125.1624984741211,126.3499984741211,124.13749694824219,125.01249694824219,10167280
2012-05-31,110.86211395263672,126.55000305175781,127.2249984741211,123.8375015258789,124.0,19039120
2012-06-01,107.40178680419922,122.5999984741211,126.7874984741211,122.5,126.0,11708748
2012-06-04,108.55157470703125,123.9124984741211,124.625,121.26249694824219,122.0,11360968
2012-06-05,109.8327865600586,125.375,126.2249984741211,124.61250305175781,125.0,10710712
2012-06-06,113.86254119873047,129.97500610351562,130.75,125.875,126.2125015258789,25091692
2012-06-07,117.78278350830078,134.4499969482422,134.875,130.75,131.0500030517578,19800492
2012-06-08,118.0675048828125,134.77499389648438,135.6875,132.7375030517578,135.22500610351562,19322744
2012-06-11,118.69165802001953,135.4875030517578,137.22500610351562,134.60000610351562,135.27499389648438,13071884
2012-06-12,120.36708068847656,137.39999389648438,137.71249389648438,134.4875030517578,134.6999969482422,11253840
2012-06-13,118.64786529541016,135.4375,138.10000610351562,134.9499969482422,137.75,8064732
2012-06-14,117.03816986083984,133.60000610351562,136.85000610351562,133.16250610351562,135.0,8642552
2012-06-15,119.91809844970703,136.8874969482422,137.4250030517578,133.7375030517578,133.75,9932224
2012-06-18,117.15863037109375,133.7375030517578,138.0,132.3874969482422,138.0,11237464
2012-06-19,117.48713684082031,134.1125030517578,134.75,131.5749969482422,133.6999969482422,11860736
2012-06-20,116.9943618774414,133.5500030517578,135.125,132.1374969482422,134.25,9534472
2012-06-21,118.89971160888672,135.72500610351562,136.1750030517578,132.8249969482422,133.25,10652656
2012-06-22,119.2173080444336,136.08749389648438,136.27499389648438,133.77499389648438,133.77499389648438,6168816
2012-06-25,117.5418701171875,134.1750030517578,137.125,133.75,136.35000610351562,6374848
2012-06-26,119.02018737792969,135.8625030517578,137.0,134.0749969482422,134.5,5853128
2012-06-27,120.23565673828125,137.25,138.6750030517578,136.5,136.5,11937288
2012-06-28,121.07447052001953,137.125,138.16250610351562,135.8125,136.72500610351562,12142440
2012-06-29,124.39657592773438,140.8874969482422,141.22500610351562,138.0124969482422,138.02499389648438,12659172
2012-07-02,126.69225311279297,143.4875030517578,143.75,140.0,141.0,8201524
2012-07-03,127.11164855957031,143.96249389648438,145.0,142.9250030517578,143.97500610351562,8466800
2012-07-04,127.58624267578125,144.5,145.21249389648438,143.91250610351562,144.1750030517578,12810284
2012-07-05,128.93275451660156,146.02499389648438,146.25,143.8625030517578,144.47500610351562,8381528
2012-07-06,128.3588104248047,145.375,147.25,144.625,145.52499389648438,15741520
2012-07-09,127.61933898925781,144.53750610351562,145.4375,142.27499389648438,144.9875030517578,7661160
2012-07-10,129.93710327148438,147.16250610351562,148.0749969482422,144.375,145.0,13543016
2012-07-11,129.57289123535156,146.75,148.4499969482422,146.27499389648438,146.72500610351562,12299444
2012-07-12,128.0497589111328,145.02499389648438,147.72500610351562,143.89999389648438,145.97500610351562,7583748
2012-07-13,129.58392333984375,146.7624969482422,147.85000610351562,145.6125030517578,146.25,9508572
2012-07-16,128.61265563964844,145.66250610351562,148.1750030517578,145.2624969482422,147.0,12850160
2012-07-17,128.7450714111328,145.8125,147.1875,144.64999389648438,146.75,8539356
2012-07-18,129.57289123535156,146.75,147.1750030517578,145.02499389648438,146.1750030517578,7117996
2012-07-19,130.1026153564453,147.35000610351562,147.6999969482422,146.3874969482422,147.14999389648438,4800448
2012-07-20,128.6016082763672,145.64999389648438,147.25,145.25,147.25,4168944
2012-07-23,126.48253631591797,143.25,145.0,142.7624969482422,144.35000610351562,6094528
2012-07-24,126.71430206298828,143.5124969482422,144.3625030517578,142.5500030517578,143.1374969482422,5305588
2012-07-25,127.15579986572266,144.0124969482422,145.1999969482422,143.4250030517578,143.6125030517578,8815704
2012-07-26,124.89322662353516,141.4499969482422,144.6875,140.75,144.5,17705416
2012-07-27,129.0430908203125,146.14999389648438,147.1750030517578,141.16250610351562,143.0,13430872
2012-07-30,129.62802124023438,146.8125,147.97500610351562,146.0,146.77499389648438,8466284
2012-07-31,129.7384490966797,146.9375,147.5,144.96249389648438,147.5,8391408
2012-08-01,129.46249389648438,146.625,147.08749389648438,144.39999389648438,146.3874969482422,7870988
2012-08-02,128.57955932617188,145.625,147.3000030517578,144.3249969482422,146.625,6885460
2012-08-03,129.83775329589844,147.0500030517578,147.25,144.9375,145.25,9951500
2012-08-06,132.4976348876953,150.0625,150.5,148.25,148.28750610351562,12329176
2012-08-07,132.4645233154297,150.02499389648438,150.5749969482422,149.25,150.5,11228764
2012-08-08,132.19964599609375,149.72500610351562,150.5,148.6750030517578,150.0,8053116
2012-08-09,133.46888732910156,151.16250610351562,151.75,149.625,150.25,9873120
2012-08-10,132.9170379638672,150.53750610351562,151.72500610351562,149.91250610351562,150.0,15127420
2012-08-13,134.0869598388672,151.8625030517578,152.375,150.0,150.0,8421704
2012-08-14,134.24148559570312,152.03750610351562,152.25,150.8125,151.7624969482422,11225568
2012-08-16,132.4534912109375,150.0124969482422,152.03750610351562,149.46249389648438,152.0,8143296
2012-08-17,131.36083984375,148.77499389648438,150.5625,147.9499969482422,149.64999389648438,7686156
2012-08-21,131.64781188964844,149.10000610351562,149.625,147.0500030517578,148.75,8340840
2012-08-22,131.7581787109375,149.22500610351562,150.1125030517578,147.83749389648438,148.60000610351562,9580860
2012-08-23,131.93478393554688,149.4250030517578,151.1374969482422,148.8125,149.85000610351562,9425048
2012-08-24,131.625732421875,149.0749969482422,150.10000610351562,148.3125,148.375,6708376
2012-08-27,131.19528198242188,148.58749389648438,149.72500610351562,148.0124969482422,148.75,4046724
2012-08-28,130.09158325195312,147.33749389648438,148.6374969482422,146.625,148.22500610351562,8895964
2012-08-29,129.91497802734375,147.1374969482422,148.9499969482422,146.5625,147.3125,6729628
2012-08-30,131.53746032714844,148.97500610351562,150.5,146.5,146.5,22716404
2012-08-31,131.41603088378906,148.83749389648438,150.0,147.3125,147.58749389648438,12506740
2012-09-03,130.3344268798828,147.6125030517578,149.4499969482422,147.0,149.3874969482422,7437816
2012-09-04,130.2571258544922,147.52499389648438,148.08749389648438,146.8000030517578,147.6374969482422,5772588
2012-09-05,130.69862365722656,148.02499389648438,149.0,146.83749389648438,147.0,12158472
2012-09-06,129.8267059326172,147.03750610351562,148.375,146.52499389648438,147.52499389648438,5097452
2012-09-07,130.32339477539062,147.60000610351562,148.75,146.4250030517578,148.5625,11205148
2012-09-10,130.48895263671875,147.78750610351562,149.25,147.33749389648438,147.875,6034892
2012-09-11,131.20635986328125,148.60000610351562,149.25,145.83749389648438,147.1875,6311544
2012-09-12,132.26588439941406,149.8000030517578,150.0,148.47500610351562,148.8125,6391016
2012-09-13,132.26588439941406,149.8000030517578,150.375,148.3874969482422,150.25,3399760
2012-09-14,135.25686645507812,153.1875,153.6875,150.2375030517578,151.64999389648438,25771220
2012-09-17,134.2745819091797,152.0749969482422,154.9875030517578,151.375,154.75,21086848
2012-09-18,133.6454620361328,151.3625030517578,153.0,150.96249389648438,152.0749969482422,10039176
2012-09-20,133.96554565429688,151.72500610351562,152.5,150.25,150.5,10491328
2012-09-21,137.99403381347656,156.28750610351562,157.25,151.27499389648438,152.1750030517578,23602848
2012-09-24,140.16827392578125,158.75,159.22500610351562,155.6999969482422,156.375,17574880
2012-09-25,140.58766174316406,159.22500610351562,159.72500610351562,156.53750610351562,158.25,11686144
2012-09-26,139.23011779785156,157.6875,159.14999389648438,156.03750610351562,158.71249389648438,10730508
2012-09-27,139.24118041992188,157.6999969482422,159.25,156.3000030517578,158.25,15861744
2012-09-28,138.876953125,157.28750610351562,158.5749969482422,156.52499389648438,157.97500610351562,11007688
2012-10-01,137.486328125,155.71249389648438,158.0,155.0,157.25,8054784
2012-10-03,136.73580932617188,154.8625030517578,156.6999969482422,154.4875030517578,156.0,11032228
2012-10-04,139.3515167236328,157.8249969482422,158.47500610351562,155.3625030517578,155.375,12652064
2012-10-05,137.38699340820312,155.60000610351562,159.66250610351562,126.26249694824219,159.5,14947024
2012-10-08,137.01168823242188,155.1750030517578,155.97500610351562,154.1374969482422,155.97500610351562,9290672
2012-10-09,138.12644958496094,156.4375,157.625,155.5,156.2375030517578,4310768
2012-10-10,136.40469360351562,154.4875030517578,156.0,154.0500030517578,156.0,4295016
2012-10-11,137.92779541015625,156.21249389648438,156.9499969482422,154.6125030517578,155.28750610351562,9812932
2012-10-12,139.31846618652344,157.78750610351562,158.75,156.5,157.5,15506408
2012-10-15,139.9806365966797,158.53750610351562,158.72500610351562,155.64999389648438,158.10000610351562,7572068
2012-10-16,139.15289306640625,157.60000610351562,158.875,157.02499389648438,158.8125,7273836
2012-10-17,138.64517211914062,157.02499389648438,158.125,156.625,158.0,6433772
2012-10-18,140.43313598632812,159.0500030517578,159.47500610351562,156.1125030517578,157.5,5618460
2012-10-19,138.7334747314453,157.125,158.75,156.75,158.0,9055400
2012-10-22,141.05120849609375,159.75,160.0,156.3000030517578,156.3000030517578,8241404
2012-10-23,139.96957397460938,158.52499389648438,159.875,158.125,159.7624969482422,8332960
2012-10-25,140.68699645996094,159.33749389648438,160.25,157.25,158.16250610351562,17011340
2012-10-29,141.40438842773438,160.14999389648438,160.625,158.8874969482422,159.46249389648438,5512328
2012-10-30,139.87030029296875,158.41250610351562,161.1999969482422,157.64999389648438,159.2624969482422,8834904
2012-10-31,139.99166870117188,158.5500030517578,158.97500610351562,157.5124969482422,158.52499389648438,7492968
2012-11-01,138.75552368164062,157.14999389648438,158.9250030517578,156.875,158.1875,7058460
2012-11-02,139.1308135986328,157.5749969482422,159.5,157.0,159.5,5432772
2012-11-05,140.16827392578125,158.75,159.0,157.6875,158.0,4022128
2012-11-06,141.17263793945312,159.8874969482422,160.3000030517578,158.4875030517578,158.4875030517578,7278084
2012-11-07,141.28297424316406,160.0124969482422,161.25,159.22500610351562,159.9375,8200660
2012-11-08,141.05120849609375,159.75,160.25,158.875,159.125,3867800
2012-11-09,141.1284637451172,159.83749389648438,160.75,158.75,159.5625,4420776
2012-11-12,143.7662811279297,162.8249969482422,163.4499969482422,159.3125,159.3125,9657456
2012-11-15,142.6515350341797,161.5625,161.85000610351562,159.75,161.75,9442340
2012-11-16,141.7686004638672,160.5625,162.14999389648438,160.03750610351562,160.75,12102824
2012-11-19,142.76193237304688,161.6875,161.97500610351562,159.8625030517578,159.9375,5787948
2012-11-20,144.32919311523438,163.46249389648438,163.97500610351562,162.0625,162.27499389648438,9353388
2012-11-21,146.50340270996094,165.9250030517578,166.375,162.4250030517578,163.78750610351562,12929784
2012-11-22,147.69540405273438,167.27499389648438,167.78750610351562,166.0,166.6999969482422,8440964
2012-11-23,147.83888244628906,167.4375,168.14999389648438,164.7624969482422,167.375,5249712
2012-11-26,146.10610961914062,165.47500610351562,168.4250030517578,165.02499389648438,168.25,5481536
2012-11-27,150.2118377685547,170.125,170.9499969482422,166.22500610351562,166.22500610351562,16502672
2012-11-29,154.4830780029297,174.96249389648438,175.9375,168.85000610351562,169.375,25199452
2012-11-30,155.38812255859375,175.9875030517578,176.375,172.39999389648438,175.25,15639292
2012-12-03,151.6355743408203,171.7375030517578,175.28750610351562,171.0,175.0,11636340
2012-12-04,151.23828125,171.28750610351562,172.5,170.2624969482422,171.02499389648438,8679488
2012-12-05,152.88272094726562,173.14999389648438,173.75,171.75,172.25,9219860
2012-12-06,153.35736083984375,173.6875,174.625,170.1999969482422,173.9499969482422,10904552
2012-12-07,152.99310302734375,173.27499389648438,174.5,172.0,173.8125,7936632
2012-12-10,152.97103881835938,173.25,174.125,172.41250610351562,172.5,8324104
2012-12-11,152.49642944335938,172.71249389648438,174.75,171.5749969482422,173.8125,13500552
2012-12-12,153.15866088867188,173.46249389648438,174.0,172.125,172.8125,7736504
2012-12-13,152.5406036376953,172.7624969482422,174.0,172.25,173.46249389648438,6283232
2012-12-14,152.0329132080078,172.1875,173.60000610351562,171.33749389648438,172.5124969482422,8373892
2012-12-17,149.3289031982422,169.125,171.97500610351562,168.39999389648438,171.97500610351562,12230212
2012-12-18,149.2074432373047,168.9875030517578,170.5500030517578,167.4375,169.4875030517578,13375072
2012-12-19,151.86734008789062,172.0,172.3125,168.625,168.6374969482422,16489012
2012-12-20,150.8519744873047,170.85000610351562,171.75,170.0625,171.5,10260748
2012-12-21,149.21849060058594,169.0,170.5,168.5124969482422,170.25,11086244
2012-12-24,149.2405548095703,169.02499389648438,170.03750610351562,167.9499969482422,170.0,5482252
2012-12-26,150.16766357421875,170.0749969482422,171.21249389648438,168.27499389648438,169.52499389648438,5723216
2012-12-27,150.12351989746094,170.02499389648438,171.0,169.1750030517578,171.0,9858168
2012-12-28,149.58274841308594,169.41250610351562,170.75,168.53750610351562,170.27499389648438,7024264
2012-12-31,149.7924346923828,169.64999389648438,170.0,168.5,169.25,5107288
2013-01-01,151.09478759765625,171.125,171.27499389648438,169.91250610351562,170.52499389648438,4029212
2013-01-02,151.723876953125,171.83749389648438,172.5,170.7624969482422,172.47500610351562,9709596
2013-01-03,150.84091186523438,170.83749389648438,172.5,170.10000610351562,172.5,9142732
2013-01-04,149.95794677734375,169.83749389648438,171.25,168.1999969482422,171.25,10884508
2013-01-07,147.49676513671875,167.0500030517578,170.9250030517578,166.5,170.9250030517578,11004568
2013-01-08,147.94924926757812,167.5625,168.35000610351562,166.4250030517578,167.0,9885196
2013-01-09,147.3422088623047,166.875,168.1374969482422,166.5124969482422,168.0,12871964
2013-01-10,149.17437744140625,168.9499969482422,169.5,166.625,167.375,9130368
2013-01-11,147.7395782470703,167.3249969482422,169.22500610351562,166.6750030517578,169.22500610351562,10283428
2013-01-14,147.7395782470703,167.3249969482422,167.625,166.77499389648438,167.03750610351562,11389748
2013-01-15,147.51882934570312,167.0749969482422,168.8625030517578,166.25,167.6999969482422,8263376
2013-01-16,145.79705810546875,165.125,167.3000030517578,164.39999389648438,166.3874969482422,9150756
2013-01-17,147.18772888183594,166.6999969482422,167.71249389648438,163.5124969482422,164.4250030517578,12844144
2013-01-18,146.31578063964844,165.71249389648438,168.5,163.8249969482422,167.5,20224692
2013-01-21,145.36663818359375,164.6374969482422,165.85000610351562,163.6875,165.0,10854720
2013-01-22,144.3070831298828,163.4375,165.25,161.8874969482422,164.625,8486128
2013-01-23,144.93618774414062,164.14999389648438,165.75,163.58749389648438,164.25,7079740
2013-01-24,145.75291442871094,165.0749969482422,165.6875,163.8125,163.89999389648438,6147960
2013-01-25,146.80140686035156,166.2624969482422,166.75,163.8874969482422,165.0749969482422,5589732
2013-01-28,147.97134399414062,167.58749389648438,168.0,166.1125030517578,166.3125,7368020
2013-01-29,144.02015686035156,163.1125030517578,167.72500610351562,162.5,167.6875,11961748
2013-01-30,144.9472198486328,164.16250610351562,164.60000610351562,161.0,163.25,10039632
2013-01-31,141.94522094726562,160.7624969482422,164.47500610351562,160.02499389648438,164.14999389648438,13888384
2013-02-01,141.3050537109375,160.03750610351562,161.21249389648438,159.0500030517578,161.1999969482422,10484144
2013-02-04,142.79505920410156,161.72500610351562,162.375,160.0,160.28750610351562,10475800
2013-02-05,142.1880340576172,161.03750610351562,161.8000030517578,159.08749389648438,159.08749389648438,7460020
2013-02-06,141.16159057617188,159.875,161.72500610351562,159.3000030517578,161.64999389648438,9873588
2013-02-07,141.60304260253906,160.375,160.75,158.6374969482422,159.0749969482422,9082836
2013-02-08,143.49037170410156,162.5124969482422,163.35000610351562,160.125,160.125,18826656
2013-02-11,145.01344299316406,164.2375030517578,164.9875030517578,162.5,162.5,15167060
2013-02-12,146.83453369140625,166.3000030517578,166.75,163.91250610351562,163.91250610351562,15832836
2013-02-13,146.6138153076172,166.0500030517578,166.85000610351562,164.875,165.8249969482422,14508832
2013-02-14,148.95359802246094,168.6999969482422,169.60000610351562,165.5,166.0,17684152
2013-02-15,149.3840789794922,169.1875,170.1999969482422,167.0500030517578,167.9250030517578,12488780
2013-02-18,149.21849060058594,169.0,170.22500610351562,168.5,169.5,9469164
2013-02-19,148.95359802246094,168.6999969482422,169.35000610351562,167.8874969482422,168.625,2374812
2013-02-20,149.42819213867188,169.2375030517578,170.1999969482422,168.72500610351562,169.375,6861684
2013-02-21,147.0663299560547,166.5625,169.3625030517578,166.0124969482422,168.75,10871872
2013-02-22,145.53219604492188,164.8249969482422,166.60000610351562,164.3874969482422,165.5500030517578,7708384
2013-02-25,144.90309143066406,164.1125030517578,166.3000030517578,163.52499389648438,165.8125,7552944
2013-02-26,143.7552490234375,162.8125,165.75,161.35000610351562,163.6999969482422,11742640
2013-02-27,141.87899780273438,160.6875,163.5,160.22500610351562,163.0749969482422,12871336
2013-02-28,138.0381622314453,156.33749389648438,163.7375030517578,154.83749389648438,161.7375030517578,27887004
2013-03-01,137.40902709960938,155.625,157.39999389648438,154.0749969482422,156.25,17220728
2013-03-04,138.5458526611328,156.91250610351562,157.5749969482422,154.5,155.08749389648438,11969800
2013-03-05,139.71575927734375,158.2375030517578,158.6750030517578,155.78750610351562,157.72500610351562,10557580
2013-03-06,139.1749267578125,157.625,159.28750610351562,157.25,158.7375030517578,10933316
2013-03-07,141.66928100585938,160.4499969482422,160.7375030517578,156.78750610351562,157.08749389648438,5950984
2013-03-08,145.0907440185547,164.3249969482422,165.0,160.85000610351562,161.0500030517578,10596860
2013-03-11,144.63821411132812,163.8125,164.9250030517578,162.5625,164.3249969482422,8504584
2013-03-12,142.15489196777344,161.0,163.9250030517578,160.02499389648438,163.25,6895724
2013-03-13,140.14617919921875,158.72500610351562,161.47500610351562,158.0500030517578,160.2624969482422,7913372
2013-03-14,143.3137969970703,162.3125,163.375,153.83749389648438,158.72500610351562,31914436
2013-03-15,141.13949584960938,159.85000610351562,162.47500610351562,158.4499969482422,161.25,15439608
2013-03-18,142.0004119873047,160.8249969482422,163.5,157.5,158.25,17561924
2013-03-19,139.40670776367188,157.8874969482422,160.9499969482422,156.0,160.75,20028460
2013-03-20,138.07122802734375,156.375,158.3625030517578,155.25,158.0,11336436
2013-03-21,133.98760986328125,151.75,157.1999969482422,150.9375,155.66250610351562,14452588
2013-03-22,133.60134887695312,151.3125,153.64999389648438,150.64999389648438,152.25,29525900
2013-03-25,134.51739501953125,152.35000610351562,153.33749389648438,151.8874969482422,152.75,27198976
2013-03-26,135.6431427001953,153.625,154.375,150.6374969482422,151.5,13274404
2013-03-28,138.0381622314453,156.33749389648438,157.78750610351562,151.7375030517578,154.125,19496092
2013-04-01,137.70703125,155.96249389648438,157.25,155.25,156.16250610351562,6708772
2013-04-02,139.04251098632812,157.47500610351562,158.5749969482422,154.47500610351562,156.25,6857420
2013-04-03,137.66290283203125,155.91250610351562,157.91250610351562,154.875,157.0,6703616
2013-04-04,136.00735473632812,154.03750610351562,155.85000610351562,153.3625030517578,154.6999969482422,8181984
2013-04-05,137.06690979003906,155.2375030517578,156.60000610351562,153.35000610351562,153.7375030517578,12959920
2013-04-08,137.83946228027344,156.1125030517578,157.2375030517578,154.4375,154.7375030517578,8652128
2013-04-09,136.98963928222656,155.14999389648438,157.02499389648438,154.35000610351562,157.02499389648438,14760408
2013-04-10,139.5060577392578,158.0,158.41250610351562,154.7375030517578,156.6999969482422,15144504
2013-04-11,141.1063995361328,159.8125,160.5,157.97500610351562,158.125,25066068
2013-04-12,142.0886993408203,160.9250030517578,161.46249389648438,159.02499389648438,159.02499389648438,15206080
2013-04-15,141.6140594482422,160.3874969482422,160.8625030517578,158.75,160.52499389648438,15923768
2013-04-16,146.42616271972656,165.83749389648438,166.46249389648438,160.58749389648438,160.75,13740312
2013-04-17,145.7087860107422,165.02499389648438,167.96249389648438,164.1999969482422,166.25,14956948
2013-04-18,148.68873596191406,168.39999389648438,168.85000610351562,163.5,163.5,9223784
2013-04-22,154.1409454345703,174.5749969482422,175.5,168.6750030517578,168.6750030517578,19860152
2013-04-23,152.0880889892578,172.25,175.0,169.6999969482422,174.6999969482422,23863560
2013-04-25,152.20948791503906,172.3874969482422,173.75,170.0124969482422,173.08749389648438,25895124
2013-04-26,152.11013793945312,172.27499389648438,173.0625,170.75,171.91250610351562,8568744
2013-04-29,153.4456329345703,173.78750610351562,174.21249389648438,171.625,172.0625,11675432
2013-04-30,150.60914611816406,170.5749969482422,173.9875030517578,169.1999969482422,173.5,12552272
2013-05-02,152.86065673828125,173.125,173.5,170.5749969482422,171.10000610351562,12303268
2013-05-03,150.31117248535156,170.2375030517578,173.5,169.66250610351562,173.14999389648438,12286584
2013-05-06,149.10813903808594,168.875,169.8249969482422,167.4875030517578,169.75,7673460
2013-05-07,151.8783721923828,172.0124969482422,172.47500610351562,168.125,169.0749969482422,11098464
2013-05-08,153.88711547851562,174.28750610351562,174.875,171.625,172.25,8653956
2013-05-09,152.31985473632812,172.5124969482422,174.875,172.0500030517578,174.7624969482422,4523360
2013-05-10,155.2556610107422,175.83749389648438,176.22500610351562,172.16250610351562,172.1750030517578,13913256
2013-05-13,152.91587829589844,173.1875,177.8625030517578,172.6999969482422,176.25,9593972
2013-05-14,152.09912109375,172.2624969482422,173.72500610351562,171.27499389648438,172.5124969482422,6653676
2013-05-15,157.79412841796875,178.71249389648438,179.0,172.83749389648438,173.375,14173480
2013-05-16,159.5489959716797,180.6999969482422,181.0,177.75,178.0,11660616
2013-05-17,158.68814086914062,179.72500610351562,180.625,177.3000030517578,180.625,12819852
2013-05-20,157.71688842773438,178.625,181.0,178.03750610351562,179.875,5841608
2013-05-21,156.2379608154297,176.9499969482422,179.5,176.2624969482422,178.5,9206500
2013-05-22,155.2777557373047,175.8625030517578,178.0,174.5,176.875,5412112
2013-05-23,154.20716857910156,174.64999389648438,176.6125030517578,173.5749969482422,174.75,7905248
2013-05-24,154.814208984375,175.33749389648438,176.4375,173.5749969482422,176.4375,8264240
2013-05-27,157.83831787109375,178.7624969482422,179.25,174.64999389648438,174.64999389648438,8995208
2013-05-28,157.4519805908203,178.3249969482422,180.1999969482422,176.6999969482422,178.5625,6707916
2013-05-29,158.03697204589844,178.9875030517578,179.6125030517578,175.96249389648438,177.5124969482422,4933492
2013-05-30,160.06776428222656,181.28750610351562,181.8249969482422,177.52499389648438,177.52499389648438,15357456
2013-05-31,154.6265869140625,175.125,180.1750030517578,174.4250030517578,179.3125,12332896
2013-06-03,152.1212158203125,172.28750610351562,175.35000610351562,171.6374969482422,174.5,7890124
2013-06-04,150.7747039794922,170.7624969482422,173.4499969482422,170.25,171.8249969482422,5616324
2013-06-05,151.85630798339844,171.9875030517578,173.60000610351562,169.625,170.5,7563676
2013-06-06,150.58705139160156,170.5500030517578,172.35000610351562,169.5,170.875,7116412
2013-06-07,149.25161743164062,169.03750610351562,173.35000610351562,168.3000030517578,170.4375,9556224
2013-06-10,149.29576110839844,169.08749389648438,171.75,167.875,170.2624969482422,6368012
2013-06-11,146.76832580566406,166.22500610351562,170.22500610351562,165.5500030517578,168.3625030517578,11820860
2013-06-12,146.55859375,165.9875030517578,168.35000610351562,164.6125030517578,165.5,9815652
2013-06-13,145.81295776367188,163.77499389648438,165.25,163.33749389648438,164.39999389648438,7149736
2013-06-14,148.0276336669922,166.2624969482422,167.1125030517578,164.8249969482422,165.5,14965212
2013-06-17,148.53961181640625,166.83749389648438,167.3000030517578,164.33749389648438,166.39999389648438,13070908
2013-06-18,146.33604431152344,164.3625030517578,167.0,163.75,167.0,12446568
2013-06-19,148.06103515625,166.3000030517578,166.64999389648438,163.21249389648438,164.02499389648438,9646956
2013-06-20,141.69522094726562,159.14999389648438,164.71249389648438,158.64999389648438,164.71249389648438,15138044
2013-06-21,141.39468383789062,158.8125,160.6374969482422,157.52499389648438,159.1999969482422,17899844
2013-06-24,139.19117736816406,156.33749389648438,158.46249389648438,155.9375,157.9499969482422,10768052
2013-06-25,141.1165008544922,158.5,161.60000610351562,155.60000610351562,156.5,18686432
2013-06-26,138.63473510742188,155.71249389648438,159.41250610351562,155.0,157.875,10476020
2013-06-27,143.89877319335938,161.625,163.1750030517578,155.58749389648438,158.5,27003560
2013-06-28,149.0181121826172,167.375,168.3000030517578,162.27499389648438,162.375,21082680
2013-07-01,148.85121154785156,167.1875,168.5,166.16250610351562,167.25,9838684
2013-07-02,146.13572692871094,164.1374969482422,167.1875,163.5749969482422,167.1750030517578,9183152
2013-07-03,144.82249450683594,162.66250610351562,163.6750030517578,160.89999389648438,163.5,13386260
2013-07-04,145.8240966796875,163.78750610351562,164.3625030517578,161.4250030517578,163.4499969482422,9591060
2013-07-05,148.6286163330078,166.9375,168.1875,164.625,165.02499389648438,9543496
2013-07-08,147.0037841796875,165.1125030517578,166.8625030517578,163.1875,166.0,7169296
2013-07-09,149.19618225097656,167.5749969482422,168.4375,165.5500030517578,165.5500030517578,7040192
2013-07-10,146.74781799316406,164.8249969482422,167.97500610351562,164.03750610351562,167.5625,7138580
2013-07-11,152.07861328125,170.8125,171.6750030517578,166.5124969482422,166.75,10599568
2013-07-12,154.86090087890625,173.9375,174.4250030517578,170.4499969482422,171.75,15634852
2013-07-15,154.7941436767578,173.8625030517578,174.5124969482422,171.0,172.75,8511888
2013-07-16,151.06588745117188,169.6750030517578,171.125,167.4875030517578,169.75,11647384
2013-07-17,147.54910278320312,165.72500610351562,170.1999969482422,161.97500610351562,169.4499969482422,22633988
2013-07-18,152.26779174804688,171.02499389648438,172.125,164.2375030517578,167.47500610351562,13663880
2013-07-19,151.355224609375,170.0,172.9875030517578,168.28750610351562,172.0124969482422,12458420
2013-07-22,151.81153869628906,170.5124969482422,171.75,169.0,169.0,6460432
2013-07-23,152.15650939941406,170.89999389648438,172.5,170.2624969482422,171.97500610351562,7414784
2013-07-24,146.8924560546875,164.9875030517578,169.0,163.375,168.5,14628748
2013-07-25,145.53475952148438,163.46249389648438,166.5,162.53750610351562,165.16250610351562,16267256
2013-07-26,143.3645782470703,161.02499389648438,164.0625,159.5,164.0,9356492
2013-07-29,140.78260803222656,158.125,160.75,157.41250610351562,160.75,14922224
2013-07-30,139.19117736816406,156.33749389648438,158.75,155.02499389648438,157.6875,14691084
2013-07-31,135.71893310546875,152.4375,155.4499969482422,151.72500610351562,155.25,26824520
2013-08-01,140.71585083007812,158.0500030517578,159.4499969482422,153.10000610351562,153.47500610351562,23446608
2013-08-02,140.50439453125,157.8125,158.6999969482422,156.71249389648438,157.5,20015848
2013-08-05,140.82717895507812,158.1750030517578,158.8625030517578,153.75,157.8874969482422,13598372
2013-08-06,135.47409057617188,152.16250610351562,157.83749389648438,151.625,157.75,19645180
2013-08-07,133.8158416748047,150.3000030517578,153.58749389648438,150.0,152.4875030517578,22756456
2013-08-08,135.88583374023438,152.625,154.375,150.0,151.0,20461448
2013-08-12,134.03843688964844,150.5500030517578,152.6999969482422,149.66250610351562,152.5124969482422,15700868
2013-08-13,138.11166381835938,155.125,156.1999969482422,149.53750610351562,150.96249389648438,14702392
2013-08-14,138.30084228515625,155.33749389648438,155.91250610351562,152.16250610351562,155.5,14303708
2013-08-16,130.85549926757812,146.97500610351562,155.5,146.22500610351562,153.5,28059568
2013-08-19,130.1432647705078,146.1750030517578,147.14999389648438,142.5749969482422,146.75,20018440
2013-08-20,130.15435791015625,146.1875,147.47500610351562,141.625,143.7375030517578,25726984
2013-08-21,132.06857299804688,148.33749389648438,154.83749389648438,147.5,151.5,28908596
2013-08-22,131.03353881835938,147.1750030517578,150.9250030517578,142.5,147.25,30250692
2013-08-23,135.2292022705078,151.8874969482422,152.28750610351562,147.0749969482422,148.0,20698444
2013-08-26,136.06390380859375,152.8249969482422,155.6999969482422,150.6374969482422,153.08749389648438,14607608
2013-08-27,125.0683822631836,140.47500610351562,150.0,138.8625030517578,149.3249969482422,54708372
2013-08-28,125.07951354980469,140.4875030517578,143.0,132.0,138.9250030517578,37067552
2013-08-29,127.3276138305664,143.0124969482422,145.625,142.0,142.0,40771004
2013-08-30,132.21324157714844,148.5,150.0,142.66250610351562,142.75,36616916
2013-09-02,131.21163940429688,147.375,151.08749389648438,145.625,149.5,19515716
2013-09-03,125.21305847167969,140.6374969482422,149.22500610351562,139.2624969482422,149.22500610351562,18140008
2013-09-04,125.54692840576172,141.0124969482422,144.21249389648438,139.78750610351562,141.8625030517578,20941800
2013-09-05,135.6632537841797,152.375,155.72500610351562,146.0,146.0,33246248
2013-09-06,137.15457153320312,154.0500030517578,155.0,146.6875,152.75,18997216
2013-09-10,142.00682067871094,159.5,160.25,154.60000610351562,155.1374969482422,20298836
2013-09-11,144.06570434570312,161.8125,162.5,156.3874969482422,158.25,12690392
2013-09-12,141.10537719726562,158.4875030517578,161.5,156.89999389648438,160.625,17676536
2013-09-13,140.04811096191406,157.3000030517578,158.625,155.25,158.1125030517578,15503120
2013-09-16,143.07521057128906,160.6999969482422,162.22500610351562,157.25,159.375,12139216
2013-09-17,142.95278930664062,160.5625,161.25,158.39999389648438,159.5,8432088
2013-09-18,144.78909301757812,162.625,163.72500610351562,157.78750610351562,160.89999389648438,10989616
2013-09-19,152.06748962402344,170.8000030517578,172.47500610351562,169.0749969482422,170.0,29280904
2013-09-20,146.692138671875,164.7624969482422,171.6125030517578,158.8125,170.625,24726152
2013-09-23,142.8860626220703,160.4875030517578,163.08749389648438,158.27499389648438,162.75,13985240
2013-09-24,142.1070098876953,159.6125030517578,161.08749389648438,157.4875030517578,158.2624969482422,18175188
2013-09-25,138.1339111328125,155.14999389648438,160.4250030517578,153.3000030517578,159.5,20980920
2013-09-26,138.25634765625,155.28750610351562,156.5,154.5,155.33749389648438,22582440
2013-09-27,135.5297088623047,152.22500610351562,156.0,151.25,155.5,16408692
2013-09-30,132.00181579589844,148.2624969482422,153.21249389648438,146.9250030517578,151.5,17062428
2013-10-01,136.14178466796875,152.91250610351562,153.60000610351562,147.33749389648438,149.6999969482422,12997108
2013-10-03,141.60617065429688,159.0500030517578,159.75,152.5,153.8249969482422,9772912
2013-10-04,142.55213928222656,160.1125030517578,161.85000610351562,158.75,158.875,13628376
2013-10-07,141.18328857421875,158.5749969482422,159.53750610351562,154.5625,159.125,9922000
2013-10-08,140.81602478027344,158.16250610351562,163.6374969482422,156.4499969482422,162.625,11768148
2013-10-09,144.4886016845703,162.28750610351562,162.72500610351562,155.75,156.3000030517578,8668760
2013-10-10,142.68568420410156,160.2624969482422,162.25,158.33749389648438,162.25,8345284
2013-10-11,147.1929931640625,165.3249969482422,165.9375,159.83749389648438,161.8249969482422,13390264
2013-10-14,148.5729522705078,166.875,167.3249969482422,162.16250610351562,164.3874969482422,12375720
2013-10-15,145.22314453125,163.1125030517578,168.75,161.64999389648438,168.25,16143324
2013-10-17,145.6126251220703,163.5500030517578,164.9875030517578,160.6374969482422,163.25,14551588
2013-10-18,150.5984344482422,169.14999389648438,169.8874969482422,163.8125,163.8125,21281184
2013-10-21,149.40765380859375,167.8125,169.6999969482422,165.6374969482422,168.5,11225424
2013-10-22,148.90684509277344,167.25,168.4875030517578,166.3000030517578,167.75,8758096
2013-10-23,146.9481658935547,165.0500030517578,167.25,163.4499969482422,167.25,13544956
2013-10-24,148.9736328125,167.3249969482422,168.9375,164.0500030517578,164.0500030517578,12321928
2013-10-25,149.69700622558594,168.1374969482422,168.7375030517578,165.78750610351562,166.3125,8946872
2013-10-28,148.66200256347656,166.97500610351562,168.75,166.35000610351562,168.25,8382088
2013-10-29,152.80201721191406,171.625,172.25,163.8874969482422,167.0,15222916
2013-10-30,151.21054077148438,169.83749389648438,171.875,168.9375,171.5,10188672
2013-10-31,151.5332794189453,170.1999969482422,171.2624969482422,168.35000610351562,169.0500030517578,18195556
2013-11-01,152.20103454589844,170.9499969482422,172.0,169.5500030517578,170.39999389648438,15642444
2013-11-05,150.5205535888672,169.0625,171.25,168.25,170.1125030517578,14258472
2013-11-06,148.88461303710938,167.22500610351562,169.8000030517578,166.3125,169.72500610351562,4610652
2013-11-07,148.10556030273438,166.35000610351562,169.375,164.22500610351562,167.5,7789140
2013-11-08,145.2342529296875,163.125,166.91250610351562,161.16250610351562,165.85000610351562,13480760
2013-11-11,145.6237335205078,163.5625,165.1750030517578,154.1750030517578,161.0,11216304
2013-11-12,143.7763671875,161.4875030517578,165.7624969482422,160.83749389648438,163.1374969482422,8980320
2013-11-13,141.04974365234375,158.4250030517578,161.8625030517578,157.08749389648438,159.75,10561084
2013-11-14,142.94166564941406,160.5500030517578,162.47500610351562,159.5,159.5,12626860
2013-11-18,148.8623504638672,167.1999969482422,167.5,162.2624969482422,162.85000610351562,14873920
2013-11-19,146.9147186279297,165.0124969482422,167.10000610351562,164.3625030517578,167.10000610351562,6789036
2013-11-20,144.57763671875,162.3874969482422,164.75,161.60000610351562,164.1750030517578,8370096
2013-11-21,141.92892456054688,159.41250610351562,161.39999389648438,158.78750610351562,161.1374969482422,12787656
2013-11-22,142.93052673339844,160.53750610351562,161.72500610351562,158.77499389648438,160.625,7492384
2013-11-25,146.8479766845703,164.9375,165.4375,162.0124969482422,162.0124969482422,16150540
2013-11-26,145.3343963623047,163.2375030517578,164.97500610351562,162.10000610351562,164.4250030517578,14478516
2013-11-27,145.4679718017578,163.3874969482422,164.6875,161.02499389648438,162.77499389648438,8593012
2013-11-28,145.4346160888672,163.35000610351562,165.75,162.0124969482422,163.89999389648438,14773732
2013-11-29,147.1929931640625,165.3249969482422,167.22500610351562,163.75,163.75,9571080
2013-12-02,147.1929931640625,165.3249969482422,166.25,164.5124969482422,165.5,6858612
2013-12-03,145.95765686035156,163.9375,165.5500030517578,163.16250610351562,165.0,10288280
2013-12-04,146.36940002441406,164.39999389648438,164.8874969482422,163.3625030517578,163.72500610351562,10476608
2013-12-05,153.1581268310547,172.02499389648438,172.47500610351562,167.8874969482422,167.8874969482422,32019992
2013-12-06,151.95620727539062,170.6750030517578,172.39999389648438,169.5625,171.22500610351562,16069232
2013-12-09,155.06121826171875,174.16250610351562,179.35000610351562,173.1374969482422,177.5,25265628
2013-12-10,155.07235717773438,174.1750030517578,175.46249389648438,172.5,173.08749389648438,25064880
2013-12-11,154.81637573242188,173.8874969482422,175.4499969482422,171.72500610351562,172.52499389648438,12289776
2013-12-12,154.7384796142578,173.8000030517578,175.1374969482422,172.625,173.3000030517578,12867696
2013-12-13,153.5699462890625,172.4875030517578,175.5,171.25,171.9499969482422,25316080
2013-12-16,152.323486328125,171.08749389648438,172.72500610351562,170.3000030517578,172.0,21432244
2013-12-17,146.36940002441406,164.39999389648438,168.91250610351562,163.5124969482422,168.91250610351562,17942644
2013-12-18,148.29476928710938,166.5625,170.16250610351562,162.3874969482422,162.625,14087316
2013-12-19,145.24539184570312,163.1374969482422,170.9875030517578,162.60000610351562,169.75,10019516
2013-12-20,147.927490234375,166.14999389648438,167.14999389648438,162.52499389648438,164.4499969482422,5722468
2013-12-23,147.89410400390625,166.1125030517578,167.875,164.25,164.5,5531232
2013-12-24,146.30267333984375,164.3249969482422,166.625,163.7624969482422,166.3874969482422,3554696
2013-12-26,148.91798400878906,167.2624969482422,168.0500030517578,164.22500610351562,164.96249389648438,8046760
2013-12-27,149.05154418945312,167.41250610351562,168.8625030517578,166.02499389648438,166.02499389648438,5464012
2013-12-30,149.0181121826172,167.375,169.25,166.28750610351562,169.1999969482422,4227604
2013-12-31,148.20570373535156,166.46249389648438,168.0749969482422,165.02499389648438,168.02499389648438,5261312
2014-01-01,148.04991149902344,166.28750610351562,167.4499969482422,165.75,167.0,4492436
2014-01-02,146.23583984375,164.25,168.6875,163.3874969482422,166.25,7228992
2014-01-03,147.59361267089844,165.77499389648438,166.5,162.5,163.0,6513184
2014-01-06,147.281982421875,165.4250030517578,165.75,164.25,165.75,5963420
2014-01-07,147.8829803466797,166.10000610351562,167.7375030517578,163.3249969482422,166.77499389648438,7896920
2014-01-08,147.94973754882812,166.1750030517578,166.7375030517578,165.0,166.3000030517578,4649480
2014-01-09,147.5602569580078,165.7375030517578,166.5124969482422,164.27499389648438,165.8000030517578,3777472
2014-01-10,147.3599090576172,165.5124969482422,168.6750030517578,164.0749969482422,165.7375030517578,6150508
2014-01-13,149.7637939453125,168.21249389648438,169.2375030517578,164.22500610351562,165.02499389648438,4752580
2014-01-14,149.641357421875,168.0749969482422,169.0,167.0749969482422,167.2624969482422,3577120
2014-01-15,151.4776611328125,170.1374969482422,170.6750030517578,167.39999389648438,168.25,4627840
2014-01-16,149.8082733154297,168.2624969482422,171.25,167.58749389648438,171.10000610351562,4501176
2014-01-17,148.01654052734375,166.25,168.75,164.7624969482422,168.75,43374856
2014-01-20,149.14056396484375,167.5124969482422,169.1750030517578,166.60000610351562,167.02499389648438,5600368
2014-01-21,150.48715209960938,169.02499389648438,169.6999969482422,167.5,168.2375030517578,6251924
2014-01-22,150.7097625732422,169.27499389648438,171.1750030517578,168.66250610351562,168.875,7033336
2014-01-23,151.24395751953125,169.875,170.27499389648438,168.1875,168.75,5482740
2014-01-24,149.88619995117188,168.35000610351562,168.7375030517578,165.9250030517578,167.5,8842900
2014-01-27,144.49974060058594,162.3000030517578,166.22500610351562,161.39999389648438,166.22500610351562,17060448
2014-01-28,143.44247436523438,161.1125030517578,164.0,159.64999389648438,162.0,18395424
2014-01-29,143.66502380371094,161.3625030517578,162.72500610351562,160.1374969482422,161.875,10970924
2014-01-30,140.62681579589844,157.9499969482422,159.97500610351562,156.91250610351562,159.375,11425460
2014-01-31,139.89230346679688,157.125,159.0749969482422,156.27499389648438,157.5,9620984
2014-02-03,139.44711303710938,156.625,158.5,156.27499389648438,157.4875030517578,4776820
2014-02-04,140.35972595214844,157.64999389648438,158.875,154.1999969482422,155.41250610351562,7409304
2014-02-05,141.88441467285156,159.3625030517578,159.9499969482422,156.27499389648438,157.75,6905384
2014-02-06,144.0100555419922,161.75,162.39999389648438,157.375,159.6875,13466944
2014-02-07,144.17698669433594,161.9375,163.625,160.52499389648438,163.10000610351562,4029468
2014-02-10,143.32005310058594,160.97500610351562,162.53750610351562,159.0,161.91250610351562,6280820
2014-02-11,143.52037048339844,161.1999969482422,161.78750610351562,159.8249969482422,161.5,4464856
2014-02-12,143.66502380371094,161.3625030517578,163.1999969482422,160.91250610351562,161.64999389648438,6436960
2014-02-13,140.78260803222656,158.125,162.0,157.8125,161.5,3155200
2014-02-14,142.85263061523438,160.4499969482422,160.96249389648438,157.33749389648438,158.5,4249112
2014-02-17,144.766845703125,162.60000610351562,163.0,160.27499389648438,160.5,3650120
2014-02-18,146.99264526367188,165.10000610351562,166.10000610351562,161.85000610351562,162.125,5019672
2014-02-19,149.14056396484375,167.5124969482422,168.0625,163.75,164.0500030517578,4060948
2014-02-20,147.5157012939453,165.6875,166.8625030517578,165.21249389648438,166.4499969482422,3448436
2014-02-21,147.8829803466797,166.10000610351562,167.39999389648438,164.9250030517578,164.96249389648438,3043872
2014-02-24,149.35203552246094,167.75,168.25,163.9375,165.52499389648438,5018984
2014-02-25,149.37425231933594,167.77499389648438,169.0,166.5,168.5,4020560
2014-02-26,150.77655029296875,169.35000610351562,169.8000030517578,167.1374969482422,167.5,4551340
2014-02-28,149.0404052734375,167.39999389648438,170.72500610351562,166.28750610351562,170.5,4903584
2014-03-03,148.28359985351562,166.5500030517578,168.0,165.8000030517578,166.3000030517578,3678432
2014-03-04,149.50782775878906,167.9250030517578,168.46249389648438,166.0625,166.5,6443868
2014-03-05,149.0737762451172,167.4375,168.75,165.625,168.375,4006984
2014-03-06,150.3758544921875,168.89999389648438,169.4250030517578,167.02499389648438,168.25,4948680
2014-03-07,158.35545349121094,177.8625030517578,178.72500610351562,169.0500030517578,169.89999389648438,22767568
2014-03-10,163.47479248046875,183.6125030517578,184.22500610351562,175.0,176.625,26123852
2014-03-11,161.40480041503906,181.28750610351562,185.0,179.8874969482422,183.625,13000472
2014-03-12,161.4938201904297,181.3874969482422,183.25,179.125,180.3125,7110216
2014-03-13,165.23313903808594,185.58749389648438,187.375,181.875,181.875,11448452
2014-03-14,162.96286010742188,183.03750610351562,184.97500610351562,181.0,183.75,12208480
2014-03-18,163.37460327148438,183.5,186.1999969482422,182.0749969482422,183.85000610351562,8102724
2014-03-19,164.36509704589844,184.6125030517578,185.8249969482422,183.9375,185.0,6055136
2014-03-20,162.52880859375,182.5500030517578,184.6125030517578,182.0,184.6125030517578,5195084
2014-03-21,163.3412322998047,183.46249389648438,184.375,182.8000030517578,183.78750610351562,7525592
2014-03-24,167.08062744140625,187.66250610351562,188.22500610351562,183.5,183.625,11713860
2014-03-25,166.96932983398438,187.53750610351562,190.1374969482422,186.9375,187.5,8031092
2014-03-26,166.05670166015625,186.5124969482422,189.0749969482422,186.02499389648438,188.1999969482422,9409312
2014-03-27,166.2125701904297,186.6875,190.1875,185.5,187.5,24554932
2014-03-28,165.81187438964844,186.2375030517578,188.52499389648438,183.7624969482422,187.4875030517578,12160900
2014-03-31,166.66880798339844,187.1999969482422,188.25,185.77499389648438,186.9875030517578,8262428
2014-04-01,164.28721618652344,184.52499389648438,188.3874969482422,183.1374969482422,187.875,8051832
2014-04-02,162.90719604492188,182.97500610351562,186.5,180.47500610351562,186.2375030517578,10398752
2014-04-03,162.21717834472656,182.1999969482422,184.5,181.5625,184.0,5559704
2014-04-04,161.4715576171875,181.3625030517578,183.25,180.0124969482422,181.3874969482422,7422408
2014-04-07,161.44927978515625,181.33749389648438,183.0,180.77499389648438,181.25,11733156
2014-04-09,165.12185668945312,185.46249389648438,186.22500610351562,180.4375,182.0124969482422,10520384
2014-04-10,164.57656860351562,184.85000610351562,187.16250610351562,184.0,186.16250610351562,7494792
2014-04-11,164.29835510253906,184.53750610351562,186.1999969482422,183.47500610351562,183.5124969482422,5207952
2014-04-15,161.13768005371094,180.9875030517578,184.6999969482422,179.52499389648438,183.5749969482422,8371868
2014-04-16,161.58287048339844,181.4875030517578,182.9499969482422,180.27499389648438,180.8000030517578,3572392
2014-04-17,159.96913146972656,179.6750030517578,180.3249969482422,176.8249969482422,179.0625,12302328
2014-04-21,159.46832275390625,179.1125030517578,181.625,178.25,180.6750030517578,6987752
2014-04-22,161.93893432617188,181.8874969482422,182.39999389648438,179.35000610351562,180.47500610351562,11395824
2014-04-23,163.1520233154297,183.25,184.8625030517578,180.64999389648438,181.22500610351562,21025344
2014-04-24,163.1520233154297,183.25,183.25,183.25,183.25,0
2014-04-25,161.68299865722656,181.60000610351562,184.5,181.25,183.28750610351562,6212444
2014-04-28,161.41590881347656,181.3000030517578,182.3125,180.1374969482422,180.5625,4882860
2014-04-29,159.3236541748047,178.9499969482422,181.875,178.125,181.60000610351562,6641236
2014-04-30,160.54783630371094,180.3249969482422,182.47500610351562,177.91250610351562,179.0,8786920
2014-05-02,159.6129913330078,179.27499389648438,181.8874969482422,178.8874969482422,180.875,5915292
2014-05-05,159.52395629882812,179.1750030517578,180.77499389648438,178.5,179.96249389648438,5192324
2014-05-06,160.3030242919922,180.0500030517578,181.14999389648438,178.52499389648438,180.0500030517578,6184560
2014-05-07,159.27911376953125,178.89999389648438,181.75,177.8625030517578,179.625,6598624
2014-05-08,159.88011169433594,179.5749969482422,180.75,178.875,179.28750610351562,7520428
2014-05-09,168.449462890625,189.1999969482422,190.0,180.0,180.0,16376444
2014-05-12,176.31773376464844,198.03750610351562,198.71249389648438,188.625,188.77499389648438,17561360
2014-05-13,175.4274139404297,197.03750610351562,200.0,195.625,200.0,12665216
2014-05-14,172.6006317138672,193.8625030517578,198.6999969482422,193.5625,196.25,8501500
2014-05-15,175.47189331054688,197.08749389648438,197.78750610351562,191.5124969482422,192.25,9466188
2014-05-16,179.11114501953125,201.1750030517578,213.5,196.91250610351562,200.0,32868368
2014-05-19,180.7136993408203,202.97500610351562,208.75,202.0,203.97500610351562,10522804
2014-05-20,181.63742065429688,204.0124969482422,205.39999389648438,201.08749389648438,204.0,6357032
2014-05-21,180.17953491210938,202.375,203.625,201.25,203.08749389648438,3642388
2014-05-22,178.64370727539062,200.64999389648438,203.75,199.5,203.0,7806456
2014-05-23,175.76126098632812,197.41250610351562,200.75,195.6750030517578,199.75,9818936
2014-05-26,177.43064880371094,199.28750610351562,201.0124969482422,197.5,199.75,17395232
2014-05-27,179.15562438964844,201.22500610351562,202.66250610351562,197.08749389648438,200.0,7619524
2014-05-28,183.28451538085938,205.8625030517578,206.6875,199.875,199.97500610351562,14355564
2014-05-29,180.34645080566406,202.5625,207.6875,201.85000610351562,205.64999389648438,13684008
2014-05-30,176.45126342773438,198.1875,205.6999969482422,182.5,203.75,32807544
2014-06-02,182.383056640625,204.85000610351562,205.58749389648438,198.375,198.375,8083132
2014-06-03,183.48484802246094,206.08749389648438,206.96249389648438,203.5,205.75,3624148
2014-06-04,181.7821044921875,204.1750030517578,207.4250030517578,203.77499389648438,205.60000610351562,2864340
2014-06-05,180.79443359375,201.3625030517578,203.85000610351562,200.25,202.9499969482422,7674472
2014-06-06,182.99420166015625,203.8125,205.25,200.25,203.25,10565276
2014-06-09,183.93695068359375,204.8625030517578,207.5,203.75,205.47500610351562,9339920
2014-06-10,183.3084716796875,204.16250610351562,205.89999389648438,202.5,205.28750610351562,4999344
2014-06-11,184.17262268066406,205.125,207.46249389648438,202.5,204.25,7743772
2014-06-12,188.51600646972656,209.96249389648438,211.2375030517578,203.21249389648438,206.125,12732048
2014-06-13,187.51715087890625,208.85000610351562,214.0,207.91250610351562,211.0,12212884
2014-06-16,188.32522583007812,209.75,210.6999969482422,207.5749969482422,207.75,5309880
2014-06-17,190.01992797851562,211.6374969482422,212.1999969482422,206.83749389648438,209.0,6988120
2014-06-18,187.39369201660156,208.71249389648438,212.85000610351562,207.1875,211.77499389648438,5374628
2014-06-19,185.35108947753906,206.4375,209.9875030517578,205.5500030517578,209.27499389648438,4720996
2014-06-20,184.4981231689453,205.4875030517578,207.9375,204.83749389648438,206.5,2969768
2014-06-23,184.3858642578125,205.3625030517578,206.6374969482422,203.8249969482422,206.0,5840844
2014-06-24,186.08055114746094,207.25,208.1875,206.25,206.33749389648438,5066224
2014-06-25,184.98069763183594,206.02499389648438,208.3000030517578,205.75,207.25,6330624
2014-06-26,182.35447692871094,203.10000610351562,206.64999389648438,202.16250610351562,205.0,21808264
2014-06-27,183.20745849609375,204.0500030517578,205.5,203.5,204.46249389648438,5142960
2014-06-30,184.40830993652344,205.3874969482422,208.1750030517578,204.97500610351562,204.97500610351562,6176100
2014-07-01,184.80113220214844,205.8249969482422,206.9875030517578,203.75,205.75,7641372
2014-07-02,188.52723693847656,209.97500610351562,210.5,206.375,207.6999969482422,7626724
2014-07-03,187.83140563964844,209.1999969482422,211.3249969482422,207.83749389648438,210.25,6062740
2014-07-04,192.2869873046875,214.16250610351562,214.7375030517578,208.77499389648438,209.1999969482422,5631988
2014-07-07,188.6506805419922,210.1125030517578,215.1750030517578,208.96249389648438,214.97500610351562,8131968
2014-07-08,186.1366729736328,207.3125,212.08749389648438,205.0,211.0,6732272
2014-07-09,186.37234497070312,207.5749969482422,208.71249389648438,204.5,207.0,5795552
2014-07-10,184.81231689453125,205.83749389648438,212.0,203.0625,207.5749969482422,9857544
2014-07-11,182.21975708007812,202.9499969482422,207.8625030517578,202.1999969482422,205.27499389648438,9198780
2014-07-14,183.48800659179688,204.3625030517578,205.0,201.78750610351562,203.75,4921608
2014-07-15,185.5867462158203,206.6999969482422,207.1999969482422,204.125,205.1875,6092036
2014-07-16,187.595703125,208.9375,209.625,204.47500610351562,207.375,9589300
2014-07-17,186.70909118652344,207.9499969482422,209.75,207.375,209.6750030517578,5039100
2014-07-18,186.85498046875,208.1125030517578,209.1999969482422,205.5,207.22500610351562,7288432
2014-07-21,185.73265075683594,206.8625030517578,211.7375030517578,206.3125,210.4250030517578,9813656
2014-07-22,188.51600646972656,209.96249389648438,210.66250610351562,206.75,207.47500610351562,6970352
2014-07-23,187.71917724609375,209.0749969482422,211.25,208.75,210.77499389648438,7849852
2014-07-24,189.05471801757812,210.5625,211.0,208.25,209.0,4278600
2014-07-25,187.5396270751953,208.875,212.4499969482422,208.53750610351562,210.25,10665952
2014-07-28,186.20401000976562,207.3874969482422,209.9499969482422,207.0,209.625,3884952
2014-07-30,188.2803192138672,209.6999969482422,210.47500610351562,206.71249389648438,207.75,4685380
2014-07-31,187.20289611816406,208.5,209.97500610351562,207.1374969482422,209.47500610351562,11901344
2014-08-01,183.0391082763672,203.8625030517578,206.9499969482422,203.0,206.5124969482422,6828460
2014-08-04,182.4891357421875,203.25,205.6750030517578,201.77499389648438,204.75,7363044
2014-08-05,184.10528564453125,205.0500030517578,205.75,202.47500610351562,204.25,6077104
2014-08-06,181.81576538085938,202.5,204.8874969482422,201.83749389648438,203.7624969482422,3381400
2014-08-07,182.15245056152344,202.875,204.625,202.5,203.22500610351562,3933740
2014-08-08,178.7069549560547,199.03750610351562,201.9499969482422,198.75,201.25,7450680
2014-08-11,177.98866271972656,198.2375030517578,200.71249389648438,197.85000610351562,200.25,5626224
2014-08-12,181.187255859375,201.8000030517578,202.125,198.0,200.25,6603072
2014-08-13,182.35447692871094,203.10000610351562,203.9375,200.66250610351562,202.5,7839820
2014-08-14,185.56431579589844,206.6750030517578,207.91250610351562,203.3249969482422,203.52499389648438,11873224
2014-08-18,186.83251953125,208.08749389648438,208.625,205.89999389648438,207.5,6702168
2014-08-19,184.92459106445312,205.96249389648438,209.375,205.5625,208.25,7892856
2014-08-20,184.183837890625,205.1374969482422,208.64999389648438,204.75,207.25,9434852
2014-08-21,186.86619567871094,208.125,208.8000030517578,205.25,205.5,6390480
2014-08-22,190.0648193359375,211.6875,212.1875,207.0124969482422,208.58749389648438,10015288
2014-08-25,189.3240509033203,210.8625030517578,213.1999969482422,209.3000030517578,210.75,6656064
2014-08-26,189.11083984375,210.625,212.125,209.52499389648438,211.125,4165256
2014-08-27,187.78646850585938,209.14999389648438,211.5,208.5,211.5,4852968
2014-08-28,189.3465118408203,210.8874969482422,211.375,208.5,209.375,7991452
2014-09-01,188.8190460205078,210.3000030517578,212.25,209.64999389648438,211.47500610351562,4154656
2014-09-02,192.8594207763672,214.8000030517578,215.27499389648438,209.66250610351562,210.77499389648438,11442252
2014-09-03,192.2869873046875,214.16250610351562,216.25,212.89999389648438,216.25,9234780
2014-09-04,191.20957946777344,212.96249389648438,214.75,212.125,214.5124969482422,6406968
2014-09-05,190.4464111328125,212.1125030517578,213.8874969482422,211.02499389648438,213.0,3835208
2014-09-08,194.10516357421875,216.1875,216.9499969482422,212.3625030517578,212.75,9788344
2014-09-09,194.2959442138672,216.39999389648438,217.47500610351562,214.4499969482422,215.02499389648438,7661044
2014-09-10,192.43289184570312,214.3249969482422,216.25,213.52499389648438,216.25,4314252
2014-09-11,191.77072143554688,213.58749389648438,215.77499389648438,213.25,214.35000610351562,6532864
2014-09-12,192.07376098632812,213.9250030517578,214.5,212.2375030517578,212.52499389648438,6086556
2014-09-15,193.1175079345703,215.08749389648438,216.25,212.5,212.5,5809088
2014-09-16,191.01876831054688,212.75,215.5124969482422,212.0,215.25,5076268
2014-09-17,189.9862518310547,211.60000610351562,213.97500610351562,210.52499389648438,213.75,7905896
2014-09-18,192.6237335205078,214.53750610351562,215.25,210.5625,211.1875,6652568
2014-09-19,193.09507751464844,215.0625,216.25,212.85000610351562,215.0,6542108
2014-09-22,192.3319091796875,214.21249389648438,214.625,212.75,214.2375030517578,6534316
2014-09-23,190.53616333007812,212.21249389648438,214.46249389648438,211.39999389648438,214.0124969482422,4716976
2014-09-24,192.01763916015625,213.8625030517578,214.3249969482422,211.2624969482422,211.77499389648438,6665496
2014-09-25,190.78311157226562,212.4875030517578,216.39999389648438,210.52499389648438,213.25,16595960
2014-09-26,195.6539764404297,217.91250610351562,219.75,211.25,212.4875030517578,9882252
2014-09-29,194.18370056152344,216.27499389648438,219.33749389648438,215.3000030517578,218.25,8682268
2014-09-30,195.87843322753906,218.16250610351562,219.9499969482422,215.28750610351562,216.0500030517578,12035432
2014-10-01,194.8346405029297,217.0,217.78750610351562,215.125,216.5,5870188
2014-10-07,193.58889770507812,215.6125030517578,216.75,213.52499389648438,216.25,5026288
2014-10-08,194.74490356445312,216.89999389648438,217.5,214.5749969482422,215.1374969482422,3140384
2014-10-09,199.23414611816406,221.89999389648438,223.2375030517578,217.0625,218.5,7650420
2014-10-10,194.6775360107422,216.8249969482422,221.28750610351562,216.22500610351562,220.7624969482422,4266980
2014-10-13,196.80992126464844,219.1999969482422,219.5,213.91250610351562,216.0,5376512
2014-10-14,194.91322326660156,217.08749389648438,221.4875030517578,216.28750610351562,221.25,7266240
2014-10-15,194.91322326660156,217.08749389648438,217.08749389648438,217.08749389648438,217.08749389648438,0
2014-10-16,192.7808074951172,214.71249389648438,218.5,213.7624969482422,217.10000610351562,5533084
2014-10-17,198.7066650390625,221.3125,222.02499389648438,214.27499389648438,215.0625,9977920
2014-10-20,200.62583923339844,223.4499969482422,227.39999389648438,222.53750610351562,223.5,9532004
2014-10-21,201.0186309814453,223.8874969482422,226.4375,221.91250610351562,225.0,16037152
2014-10-22,200.59217834472656,223.41250610351562,226.58749389648438,222.8125,226.2624969482422,4571544
2014-10-27,201.40020751953125,224.3125,226.8249969482422,223.53750610351562,224.7624969482422,6724768
2014-10-28,200.96253967285156,223.8249969482422,225.0500030517578,223.5,224.75,5803492
2014-10-29,200.12078857421875,222.8874969482422,225.625,222.5,225.0500030517578,7896188
2014-10-30,201.2655487060547,224.16250610351562,224.9875030517578,221.77499389648438,222.47500610351562,10738180
2014-10-31,204.6774139404297,227.96249389648438,228.64999389648438,224.33749389648438,225.02499389648438,10105988
2014-11-03,204.4193115234375,227.6750030517578,229.8249969482422,226.35000610351562,228.8000030517578,7239648
2014-11-05,204.89065551757812,228.1999969482422,230.0749969482422,227.5625,228.7624969482422,7524180
2014-11-07,201.89402770996094,224.8625030517578,226.64999389648438,223.41250610351562,226.25,9028492
2014-11-10,203.061279296875,226.16250610351562,227.08749389648438,223.25,224.875,6389756
2014-11-11,203.790771484375,226.97500610351562,229.3249969482422,225.60000610351562,226.47500610351562,5913408
2014-11-12,204.6549530029297,227.9375,229.97500610351562,226.03750610351562,227.75,9058664
2014-11-13,205.5977020263672,228.9875030517578,230.0,225.97500610351562,228.875,7388952
2014-11-14,208.7738800048828,232.52499389648438,233.25,227.9375,229.5500030517578,8438056
2014-11-17,206.27108764648438,229.7375030517578,233.5,227.0,232.5,13464084
2014-11-18,209.24525451660156,233.0500030517578,233.75,228.0,230.25,9189112
2014-11-19,207.9770050048828,231.6374969482422,234.4250030517578,230.53750610351562,233.7624969482422,3454848
2014-11-20,206.10275268554688,229.5500030517578,231.9875030517578,228.02499389648438,231.9875030517578,4770372
2014-11-21,209.39112854003906,233.21249389648438,233.75,228.5124969482422,230.3000030517578,8823808
2014-11-24,212.1632843017578,236.3000030517578,237.5,232.02499389648438,233.08749389648438,7316860
2014-11-25,214.03753662109375,238.3874969482422,239.6999969482422,234.75,235.75,12156508
2014-11-26,213.53250122070312,237.8249969482422,239.97500610351562,233.3249969482422,234.9499969482422,8976428
2014-11-27,212.82545471191406,237.03750610351562,238.4499969482422,235.75,237.64999389648438,13211448
2014-11-28,214.8456268310547,239.28750610351562,241.47500610351562,236.75,237.0,9251860
2014-12-01,213.24069213867188,237.5,240.6125030517578,237.0500030517578,239.5749969482422,7389128
2014-12-02,211.73681640625,235.8249969482422,237.39999389648438,234.8000030517578,235.4375,4517556
2014-12-03,209.44723510742188,233.27499389648438,236.0124969482422,233.0,235.5,6661184
2014-12-04,211.3103485107422,235.35000610351562,236.0625,233.0,235.0,6839104
2014-12-05,211.61334228515625,235.6875,236.10000610351562,233.9250030517578,235.25,4074180
2014-12-08,208.1116943359375,231.78750610351562,236.25,231.25,236.25,4057128
2014-12-09,208.02191162109375,231.6875,233.75,231.2624969482422,231.2624969482422,4873344
2014-12-10,209.06570434570312,232.85000610351562,233.75,231.3249969482422,231.52499389648438,5565432
2014-12-11,209.55950927734375,233.39999389648438,233.9375,231.25,232.47500610351562,4818844
2014-12-12,209.088134765625,232.875,234.0500030517578,232.25,233.25,4616828
2014-12-15,211.33277893066406,235.375,236.0749969482422,232.0,232.5,6638628
2014-12-16,207.79747009277344,231.4375,235.5,229.25,234.3874969482422,4989956
2014-12-17,206.92202758789062,230.46249389648438,233.125,229.0,231.5,7064016
2014-12-18,209.66049194335938,233.5124969482422,234.125,230.5124969482422,233.14999389648438,6493828
2014-12-19,211.32154846191406,235.3625030517578,237.25,233.125,236.2624969482422,6114108
2014-12-22,216.31588745117188,240.9250030517578,241.52499389648438,235.625,238.5,8295612
2014-12-23,215.42921447753906,239.9375,243.4875030517578,238.83749389648438,239.9250030517578,7544080
2014-12-24,212.1745147705078,236.3125,241.1999969482422,235.27499389648438,239.47500610351562,16664812
2014-12-26,212.9376983642578,237.16250610351562,238.2375030517578,235.6374969482422,237.60000610351562,3366480
2014-12-29,213.62228393554688,237.9250030517578,239.0,237.0749969482422,237.52499389648438,3614800
2014-12-30,214.68850708007812,239.1125030517578,239.89999389648438,235.6875,237.5,5681200
2014-12-31,213.59982299804688,237.89999389648438,239.3249969482422,237.4375,239.0,4992528
2015-01-01,213.70086669921875,238.0124969482422,238.60000610351562,236.2624969482422,237.75,3544940
2015-01-02,216.67501831054688,241.3249969482422,242.3249969482422,237.60000610351562,237.60000610351562,5900384
2015-01-05,214.8456268310547,239.28750610351562,242.6374969482422,238.77499389648438,242.5,4796000
2015-01-06,211.50108337402344,235.5625,239.1374969482422,234.3874969482422,238.5,8219680
2015-01-07,212.1183624267578,236.25,237.83749389648438,234.0625,234.9250030517578,5746112
2015-01-08,216.57395935058594,241.21249389648438,242.2375030517578,237.0500030517578,238.5625,9525824
2015-01-09,218.99819946289062,243.91250610351562,245.0,241.64999389648438,243.22500610351562,8985184
2015-01-12,217.0678253173828,241.7624969482422,243.60000610351562,241.125,242.35000610351562,4126412
2015-01-13,216.2373046875,240.83749389648438,242.9875030517578,238.9250030517578,242.2375030517578,5828348
2015-01-14,216.3607635498047,240.97500610351562,243.66250610351562,239.9250030517578,240.0124969482422,3685232
2015-01-15,222.92633056640625,248.28750610351562,249.5500030517578,242.6875,247.5,11398476
2015-01-16,224.7668914794922,250.33749389648438,253.72500610351562,249.6374969482422,250.5500030517578,7821308
2015-01-19,225.4852294921875,251.1374969482422,255.0,250.7375030517578,253.3125,4239492
2015-01-20,229.16644287109375,255.2375030517578,256.75,250.5,252.5,8505804
2015-01-21,228.94195556640625,254.9875030517578,258.23748779296875,254.58749389648438,256.8500061035156,6740612
2015-01-22,229.2337646484375,255.3125,258.125,254.6374969482422,256.25,6470680
2015-01-23,234.0709991455078,260.70001220703125,262.0,256.1000061035156,257.5,9987912
2015-01-27,241.08546447753906,268.51251220703125,269.4375,260.2250061035156,260.75,9962400
2015-01-28,237.5613555908203,264.5874938964844,273.29998779296875,263.75,267.5,11364940
2015-01-29,245.7879638671875,273.75,275.1499938964844,265.25,268.75,20567616
2015-01-30,241.826171875,269.3374938964844,273.63751220703125,266.0625,273.63751220703125,10570416
2015-02-02,242.7801513671875,270.3999938964844,273.25,263.0874938964844,267.125,5710352
2015-02-03,238.85203552246094,266.0249938964844,270.54998779296875,263.82501220703125,269.625,10200688
2015-02-04,239.6600799560547,266.92498779296875,270.20001220703125,264.3125,265.75,6197512
2015-02-05,241.63539123535156,269.125,273.20001220703125,267.5874938964844,268.75,8059148
2015-02-06,236.4727020263672,263.375,269.73748779296875,262.51251220703125,269.25,6903120
2015-02-09,233.46490478515625,260.0249938964844,262.9375,258.625,261.75,5231896
2015-02-10,236.6859588623047,263.61248779296875,265.57501220703125,257.5,257.5,9275752
2015-02-11,237.57260131835938,264.6000061035156,266.20001220703125,263.25,264.5,4161588
2015-02-12,241.52316284179688,269.0,270.4750061035156,263.17498779296875,266.2749938964844,5525740
2015-02-13,239.233642578125,266.45001220703125,270.5,265.8999938964844,270.29998779296875,7714500
2015-02-16,239.62644958496094,266.88751220703125,271.25,265.625,268.95001220703125,7388716
2015-02-18,241.25381469726562,268.70001220703125,270.73748779296875,264.26251220703125,266.88751220703125,5381692
2015-02-19,242.37608337402344,269.95001220703125,271.2250061035156,265.95001220703125,268.5,4507004
2015-02-20,240.86097717285156,268.26251220703125,272.4750061035156,267.125,270.75,6206024
2015-02-23,239.61520385742188,266.875,270.38751220703125,265.5,269.2749938964844,5581564
2015-02-24,239.64886474609375,266.9125061035156,267.75,264.2749938964844,267.57501220703125,5846288
2015-02-25,236.23703002929688,263.11248779296875,268.70001220703125,262.5,267.5,4648524
2015-02-26,233.02719116210938,259.5375061035156,264.0,258.7749938964844,263.4125061035156,12426944
2015-02-27,236.5849609375,263.5,264.63751220703125,261.36248779296875,261.36248779296875,10261784
2015-03-02,242.99343872070312,270.63751220703125,274.75,267.0,270.0874938964844,14385232
2015-03-03,243.1729278564453,270.8374938964844,273.0,269.26251220703125,271.61248779296875,6029348
2015-03-04,239.1213836669922,266.32501220703125,277.32501220703125,265.0,276.25,12277624
2015-03-05,243.5657501220703,271.2749938964844,272.5,265.625,266.25,9702452
2015-03-09,237.70726013183594,264.75,270.45001220703125,264.0,269.26251220703125,5755808
2015-03-10,236.25950622558594,263.13751220703125,265.5625,261.25,265.5,5134836
2015-03-11,237.1348876953125,264.11248779296875,265.4750061035156,262.5,262.7250061035156,5465536
2015-03-12,236.7196502685547,263.6499938964844,265.9750061035156,262.7749938964844,265.0249938964844,7530836
2015-03-13,234.0372772216797,260.6625061035156,266.0,258.6499938964844,265.0,5426780
2015-03-16,236.03501892089844,262.88751220703125,264.4750061035156,260.625,261.25,5348772
2015-03-17,237.4940643310547,264.51251220703125,266.4750061035156,260.7124938964844,265.0,5369304
2015-03-18,238.72857666015625,265.88751220703125,267.9750061035156,263.29998779296875,265.0375061035156,5148332
2015-03-19,236.18092346191406,263.04998779296875,268.45001220703125,262.17498779296875,267.75,5373572
2015-03-20,237.01141357421875,263.9750061035156,264.875,261.48748779296875,262.75,6483236
2015-03-23,235.1820526123047,261.9375,264.8500061035156,261.5,263.98748779296875,5446740
2015-03-24,232.98231506347656,259.48748779296875,264.25,258.86248779296875,260.82501220703125,8973564
2015-03-25,232.15176391601562,258.5625,261.67498779296875,257.7749938964844,260.01251220703125,10608900
2015-03-26,226.02392578125,251.7375030517578,258.04998779296875,250.52499389648438,256.7250061035156,35800620
2015-03-27,227.75230407714844,253.66250610351562,255.8874969482422,252.02499389648438,253.7375030517578,10840896
2015-03-30,232.7466278076172,259.2250061035156,259.75,253.1999969482422,255.0,6955144
2015-03-31,229.55923461914062,255.6750030517578,259.9750061035156,253.71249389648438,259.9750061035156,5962256
2015-04-01,231.9273223876953,258.3125,259.2124938964844,253.25,256.5249938964844,3844196
2015-04-06,231.635498046875,257.98748779296875,259.2124938964844,254.9499969482422,258.75,7151172
2015-04-07,231.81507873535156,258.1875,259.54998779296875,255.91250610351562,258.3125,6197072
2015-04-08,232.443603515625,258.88751220703125,260.61248779296875,257.51251220703125,260.01251220703125,4106144
2015-04-09,237.05633544921875,264.0249938964844,264.75,257.5,259.5625,7002784
2015-04-10,234.0372772216797,260.6625061035156,263.25,258.7124938964844,263.25,6119324
2015-04-13,233.173095703125,259.70001220703125,261.57501220703125,258.70001220703125,260.0,4563236
2015-04-15,231.56820678710938,257.9125061035156,262.17498779296875,256.29998779296875,260.0,4893996
2015-04-16,231.1192626953125,257.4125061035156,258.38751220703125,254.5,257.0,5610120
2015-04-17,228.5603485107422,254.5625,256.9624938964844,254.0124969482422,256.2749938964844,4049012
2015-04-20,225.60865783691406,251.27499389648438,256.25,250.64999389648438,255.0,5188880
2015-04-21,225.1373291015625,250.75,253.60000610351562,248.89999389648438,251.25,6510744
2015-04-22,227.4043731689453,253.27499389648438,255.25,248.375,251.625,6765936
2015-04-23,227.494140625,253.375,256.04998779296875,251.52499389648438,255.0124969482422,9627828
2015-04-24,225.91168212890625,251.6125030517578,254.75,250.08749389648438,254.72500610351562,7205244
2015-04-27,225.6872100830078,251.3625030517578,253.125,249.0,251.7375030517578,7370704
2015-04-28,225.4852294921875,251.1374969482422,252.8625030517578,247.52499389648438,249.8874969482422,7942108
2015-04-29,222.92633056640625,248.28750610351562,252.375,247.0,251.0,7863564
2015-04-30,221.9499053955078,247.1999969482422,248.75,244.7624969482422,247.75,15143684
2015-05-04,224.67713928222656,250.2375030517578,252.375,248.0,248.5124969482422,3141448
2015-05-05,221.6917724609375,246.91250610351562,250.97500610351562,246.46249389648438,249.7624969482422,5138004
2015-05-06,217.86465454101562,242.64999389648438,246.875,241.375,246.875,11007696
2015-05-07,213.53250122070312,237.8249969482422,242.5,236.0500030517578,242.0,11736664
2015-05-08,220.42355346679688,245.5,246.9499969482422,238.85000610351562,240.375,11571932
2015-05-11,222.28662109375,247.5749969482422,248.1875,243.5124969482422,246.5124969482422,6731344
2015-05-12,218.16770935058594,242.9875030517578,247.5,241.75,247.5,11107568
2015-05-13,222.275390625,247.5625,248.35000610351562,242.89999389648438,243.96249389648438,7791848
2015-05-14,222.4549560546875,247.7624969482422,248.71249389648438,243.5,247.25,4455188
2015-05-15,222.24168395996094,247.52499389648438,249.3874969482422,246.0500030517578,248.72500610351562,8153624
2015-05-18,226.67486572265625,252.46249389648438,253.0,248.0,249.0,5713304
2015-05-19,226.15858459472656,251.8874969482422,254.5,249.52499389648438,251.58749389648438,4786348
2015-05-20,229.8622589111328,256.01251220703125,256.70001220703125,252.3874969482422,252.41250610351562,4008840
2015-05-21,230.0081787109375,256.17498779296875,257.5,253.77499389648438,256.0,3934380
2015-05-22,229.9183807373047,256.07501220703125,257.25,254.58749389648438,256.17498779296875,4689536
2015-05-25,229.75001525878906,255.8874969482422,257.75,254.39999389648438,257.1000061035156,4369060
2015-05-26,230.61422729492188,256.8500061035156,257.54998779296875,254.5124969482422,256.11248779296875,4906344
2015-05-27,233.02719116210938,259.5375061035156,260.0,255.35000610351562,255.9499969482422,3218592
2015-05-28,231.06312561035156,257.3500061035156,260.92498779296875,255.5500030517578,259.76251220703125,9561160
2015-05-29,235.81057739257812,262.63751220703125,263.5,256.7875061035156,257.48748779296875,5058680
2015-06-01,232.58950805664062,259.04998779296875,264.0,257.75,262.23748779296875,3841320
2015-06-02,226.43917846679688,252.1999969482422,260.07501220703125,251.22500610351562,259.6000061035156,4726008
2015-06-03,225.70968627929688,251.3874969482422,254.25,249.5,252.25,5824832
2015-06-04,227.81964111328125,253.7375030517578,254.46249389648438,248.75,252.21249389648438,5557588
2015-06-05,227.10134887695312,252.9375,254.625,250.625,252.5625,6753860
2015-06-08,225.23831176757812,250.8625030517578,253.0625,248.8874969482422,251.0625,3811996
2015-06-09,224.87918090820312,250.46249389648438,251.5,249.27499389648438,251.25,6040260
2015-06-10,227.96554565429688,253.89999389648438,254.75,249.25,249.5,7986248
2015-06-11,224.5087890625,250.0500030517578,254.6374969482422,248.6750030517578,254.39999389648438,9094176
2015-06-12,226.51773071289062,252.28750610351562,252.71249389648438,247.53750610351562,250.25,6528344
2015-06-15,225.63111877441406,251.3000030517578,253.4375,250.0,250.5,5999828
2015-06-16,226.34942626953125,252.10000610351562,252.6125030517578,249.2624969482422,250.0,6010524
2015-06-17,225.5188751220703,251.1750030517578,253.375,249.875,252.25,9686268
2015-06-18,228.86337280273438,254.89999389648438,255.9499969482422,250.5625,251.47500610351562,8431716
2015-06-19,231.31004333496094,257.625,258.73748779296875,253.28750610351562,256.20001220703125,3742324
2015-06-22,235.04734802246094,261.7875061035156,264.2250061035156,257.125,258.0249938964844,5449652
2015-06-23,236.15843200683594,263.0249938964844,265.29998779296875,260.625,263.0,5655180
2015-06-24,234.74435424804688,261.45001220703125,264.45001220703125,260.67498779296875,263.5,6267396
2015-06-25,239.0540771484375,266.25,267.7124938964844,260.6625061035156,262.0625,16573568
2015-06-26,238.5714569091797,265.7124938964844,267.73748779296875,262.875,266.75,5647504
2015-06-29,237.17979431152344,264.1625061035156,265.4375,257.625,261.2250061035156,6487836
2015-06-30,239.53663635253906,266.7875061035156,268.0,262.0,263.0625,7290136
2015-07-01,240.70387268066406,268.0874938964844,269.25,265.01251220703125,265.3374938964844,4971188
2015-07-02,239.31301879882812,264.54998779296875,266.92498779296875,263.9125061035156,266.25,4483444
2015-07-03,242.94276428222656,268.5625,269.0375061035156,263.51251220703125,263.51251220703125,4039288
2015-07-06,245.03466796875,270.875,271.25,265.0625,266.01251220703125,3267780
2015-07-07,245.792236328125,271.7124938964844,272.875,269.625,269.625,4141472
2015-07-08,241.72154235839844,267.2124938964844,270.1499938964844,266.5,269.7749938964844,5400676
2015-07-09,242.89755249023438,268.51251220703125,269.2250061035156,265.0249938964844,265.67498779296875,2797964
2015-07-10,246.67420959472656,272.6875,273.75,267.125,267.45001220703125,4900088
2015-07-13,247.89547729492188,274.0375061035156,276.4750061035156,271.25,271.25,7076084
2015-07-14,246.92300415039062,272.9624938964844,275.4750061035156,271.5,273.875,5674116
2015-07-15,248.01983642578125,274.17498779296875,275.36248779296875,272.70001220703125,273.25,3849404
2015-07-16,252.09051513671875,278.67498779296875,279.75,274.5249938964844,274.70001220703125,7310424
2015-07-17,251.15199279785156,277.63751220703125,280.4375,276.3999938964844,279.8500061035156,3510988
2015-07-20,252.21493530273438,278.8125,279.75,276.75,278.98748779296875,4551268
2015-07-21,248.3251495361328,274.51251220703125,282.0,273.2749938964844,279.13751220703125,11028136
2015-07-22,252.02272033691406,278.6000061035156,279.26251220703125,272.1625061035156,274.1000061035156,7286400
2015-07-23,250.552734375,276.9750061035156,279.17498779296875,275.0249938964844,278.2250061035156,5083172
2015-07-24,250.54144287109375,276.9624938964844,278.75,275.125,275.7875061035156,4761008
2015-07-27,247.82762145996094,273.9624938964844,276.125,267.5,275.9750061035156,3328572
2015-07-28,250.6884307861328,277.125,278.4750061035156,273.11248779296875,273.5,6345672
2015-07-29,250.6544952392578,277.0874938964844,279.4750061035156,276.26251220703125,276.2749938964844,3943032
2015-07-30,251.15199279785156,277.63751220703125,279.25,275.2749938964844,276.75,9462188
2015-07-31,251.40081787109375,277.9125061035156,280.25,275.75,278.8999938964844,5649500
2015-08-03,247.7258758544922,273.8500061035156,279.375,273.36248779296875,278.1875,4345728
2015-08-04,245.7017822265625,271.61248779296875,275.5,270.48748779296875,274.5249938964844,5390928
2015-08-05,247.00218200683594,273.04998779296875,274.42498779296875,271.29998779296875,273.0375061035156,4122780
2015-08-06,247.85018920898438,273.98748779296875,275.3374938964844,271.36248779296875,272.9750061035156,3743712
2015-08-07,247.1039276123047,273.1625061035156,274.375,272.1499938964844,273.48748779296875,3227140
2015-08-10,247.55624389648438,273.6625061035156,276.48748779296875,272.0,273.75,3954376
2015-08-11,247.5675048828125,273.67498779296875,274.7124938964844,271.0625,273.76251220703125,2727688
2015-08-12,242.08338928222656,267.61248779296875,273.7250061035156,266.92498779296875,272.1000061035156,6005740
2015-08-13,243.6890106201172,269.38751220703125,270.67498779296875,266.6499938964844,269.25,3465052
2015-08-14,249.17320251464844,275.45001220703125,275.9125061035156,269.9750061035156,270.7749938964844,3601660
2015-08-17,246.84388732910156,272.875,275.45001220703125,268.95001220703125,274.76251220703125,2500212
2015-08-18,245.67918395996094,271.5874938964844,274.0249938964844,269.61248779296875,272.8999938964844,1857316
2015-08-19,244.6614990234375,270.4624938964844,271.75,268.75,271.2124938964844,3004576
2015-08-20,243.0444793701172,268.67498779296875,271.1875,267.0,267.0,3044852
2015-08-21,240.01412963867188,265.32501220703125,268.23748779296875,262.75,266.0,7758972
2015-08-24,230.45921325683594,254.7624969482422,261.17498779296875,252.8125,261.17498779296875,14686328
2015-08-25,230.3235321044922,254.6125030517578,258.07501220703125,251.4250030517578,256.17498779296875,12347920
2015-08-26,229.20408630371094,253.375,257.25,252.25,254.35000610351562,5573000
2015-08-27,231.1489715576172,255.52499389648438,258.61248779296875,252.27499389648438,256.25,13873432
2015-08-28,232.4719696044922,256.98748779296875,260.6875,254.85000610351562,257.76251220703125,5553136
2015-08-31,232.35887145996094,256.86248779296875,258.2250061035156,253.8874969482422,255.27499389648438,3441460
2015-09-01,226.17367553710938,250.02499389648438,255.3249969482422,248.25,255.3249969482422,10469144
2015-09-02,225.05419921875,248.78750610351562,253.4875030517578,246.25,251.27499389648438,8681688
2015-09-03,228.48037719726562,252.5749969482422,253.75,249.75,250.5749969482422,6507368
2015-09-04,225.2577362060547,249.0124969482422,251.5,245.0,250.5500030517578,11404592
2015-09-07,222.63438415527344,246.1125030517578,252.4499969482422,245.0,250.25,5381740
2015-09-08,227.0669403076172,251.0124969482422,252.5,244.25,246.6750030517578,7444488
2015-09-09,229.83729553222656,254.0749969482422,256.25,251.25,253.625,6553120
2015-09-10,228.63870239257812,252.75,254.2375030517578,249.0749969482422,250.75,4463740
2015-09-11,228.525634765625,252.625,255.0,251.6999969482422,253.625,4301760
2015-09-14,230.60621643066406,254.9250030517578,255.5749969482422,250.875,252.21249389648438,5060344
2015-09-15,229.12490844726562,253.28750610351562,254.91250610351562,252.02499389648438,254.4875030517578,4332728
2015-09-16,231.43165588378906,255.83749389648438,257.0249938964844,252.8874969482422,254.72500610351562,4254052
2015-09-18,237.4020538330078,262.4375,265.5,257.7875061035156,258.75,7841168
2015-09-21,238.12571716308594,263.23748779296875,263.75,259.0874938964844,259.48748779296875,4276688
2015-09-22,233.0825653076172,257.6625061035156,265.0,256.32501220703125,262.51251220703125,6025212
2015-09-23,237.27764892578125,262.29998779296875,263.36248779296875,254.66250610351562,254.8000030517578,5161152
2015-09-24,237.77520751953125,262.8500061035156,263.5,259.0,261.75,8252836
2015-09-28,236.64442443847656,261.6000061035156,265.0,260.7749938964844,263.75,5777108
2015-09-29,240.80563354492188,266.20001220703125,268.4750061035156,256.2749938964844,258.0,10418840
2015-09-30,241.71023559570312,267.20001220703125,268.25,265.3374938964844,267.0,9027796
2015-10-01,241.45018005371094,266.9125061035156,269.2250061035156,264.8374938964844,268.79998779296875,5034788
2015-10-05,248.3929443359375,274.5874938964844,276.20001220703125,269.29998779296875,269.29998779296875,8053372
2015-10-06,245.58872985839844,271.48748779296875,276.9750061035156,270.75,276.75,4758964
2015-10-07,245.9957733154297,271.9375,274.5874938964844,270.8374938964844,272.0,4386268
2015-10-08,244.9441680908203,270.7749938964844,272.67498779296875,268.8500061035156,272.0249938964844,3881908
2015-10-09,245.6339569091797,271.5375061035156,273.75,270.04998779296875,273.75,3443228
2015-10-12,244.3675537109375,270.13751220703125,273.875,269.45001220703125,271.92498779296875,2217340
2015-10-13,243.41763305664062,269.0874938964844,270.5375061035156,268.29998779296875,268.88751220703125,1823652
2015-10-14,245.3173065185547,271.1875,271.625,266.76251220703125,267.20001220703125,2749148
2015-10-15,245.1815948486328,271.0375061035156,274.125,270.25,271.42498779296875,3925952
2015-10-16,248.77748107910156,275.01251220703125,275.375,271.25,272.5,4843688
2015-10-19,248.26866149902344,274.45001220703125,275.5249938964844,273.57501220703125,275.0,2654220
2015-10-20,247.61276245117188,273.7250061035156,275.7250061035156,272.79998779296875,274.5,3851356
2015-10-21,247.63539123535156,273.75,276.0,271.25,274.7250061035156,7273204
2015-10-23,250.6884307861328,277.125,278.42498779296875,274.0,274.86248779296875,4467048
2015-10-26,249.10531616210938,275.375,278.54998779296875,274.25,278.48748779296875,4887984
2015-10-27,251.23117065429688,277.7250061035156,278.5,273.88751220703125,273.88751220703125,8984032
2015-10-28,251.3668975830078,277.875,281.0,276.26251220703125,276.26251220703125,7694760
2015-10-29,249.56900024414062,275.88751220703125,278.625,275.0,277.5,6702368
2015-10-30,248.67567443847656,274.8999938964844,278.0,272.61248779296875,275.5,8097460
2015-11-02,244.9441680908203,270.7749938964844,273.9750061035156,269.125,273.76251220703125,3156552
2015-11-03,245.35125732421875,271.2250061035156,273.0,269.79998779296875,272.73748779296875,2548592
2015-11-04,244.62759399414062,270.42498779296875,274.5249938964844,269.5625,272.51251220703125,2696444
2015-11-05,244.2091827392578,269.9624938964844,270.75,267.375,269.625,3596952
2015-11-06,244.44668579101562,270.2250061035156,272.25,268.8125,270.17498779296875,5881004
2015-11-09,240.80563354492188,266.20001220703125,267.4125061035156,262.75,264.5,11429432
2015-11-10,238.4989013671875,263.6499938964844,266.25,263.11248779296875,265.01251220703125,4402580
2015-11-13,237.9221649169922,263.01251220703125,263.75,260.25,262.3500061035156,3940028
2015-11-16,239.93492126464844,265.23748779296875,266.25,261.3125,262.1875,4734732
2015-11-17,239.90103149414062,265.20001220703125,265.95001220703125,262.79998779296875,265.82501220703125,2567404
2015-11-18,237.14195251464844,262.1499938964844,266.4624938964844,261.57501220703125,265.42498779296875,2446720
2015-11-19,241.7328338623047,267.2250061035156,267.73748779296875,262.3999938964844,263.75,3277680
2015-11-20,242.17385864257812,267.7124938964844,270.0625,265.0,266.2250061035156,4648160
2015-11-23,241.08831787109375,266.51251220703125,268.875,264.76251220703125,268.5,3408280
2015-11-24,240.70384216308594,266.0874938964844,268.375,265.5249938964844,266.3125,4002252
2015-11-26,240.61341857910156,265.98748779296875,266.75,262.7749938964844,264.75,8791484
2015-11-27,244.10748291015625,269.8500061035156,270.54998779296875,265.23748779296875,266.2124938964844,6925072
2015-11-30,243.7342987060547,269.4375,270.25,267.42498779296875,269.79998779296875,5247776
2015-12-01,244.92156982421875,270.75,271.2250061035156,268.375,269.26251220703125,1895332
2015-12-02,243.74559020996094,269.45001220703125,273.17498779296875,267.9624938964844,272.5,2562284
2015-12-03,243.50814819335938,269.1875,270.25,266.82501220703125,268.125,3807712
2015-12-04,239.4713592529297,264.7250061035156,268.3999938964844,264.0,268.3999938964844,5859828
2015-12-07,240.16110229492188,265.48748779296875,267.7749938964844,265.2749938964844,267.04998779296875,5814808
2015-12-08,237.2889404296875,262.3125,265.4750061035156,261.75,265.25,4902660
2015-12-09,236.8818817138672,261.86248779296875,264.25,261.2124938964844,261.7749938964844,3890616
2015-12-10,239.85580444335938,265.1499938964844,265.79998779296875,260.57501220703125,261.25,6514340
2015-12-11,236.6331329345703,261.5874938964844,265.1499938964844,260.5,265.0,3033920
2015-12-14,238.6007080078125,263.76251220703125,264.9624938964844,260.0249938964844,260.25,5878016
2015-12-15,239.59568786621094,264.86248779296875,265.61248779296875,261.32501220703125,263.25,4557416
2015-12-16,241.3710174560547,266.82501220703125,268.3374938964844,264.8374938964844,265.75,6842768
2015-12-17,244.29962158203125,270.0625,271.0,266.25,268.4750061035156,4878012
2015-12-18,242.66006469726562,268.25,271.25,267.125,271.25,3172128
2015-12-21,243.20281982421875,268.8500061035156,269.9750061035156,267.26251220703125,267.9375,3097500
2015-12-22,241.1787567138672,266.61248779296875,269.125,266.0,268.625,2429536
2015-12-23,242.90882873535156,268.5249938964844,269.48748779296875,267.2875061035156,268.1499938964844,3013968
2015-12-24,242.88621520996094,268.5,269.1000061035156,267.07501220703125,269.04998779296875,2146352
2015-12-28,243.6212158203125,269.3125,269.9750061035156,266.9375,268.5,7755428
2015-12-29,243.77952575683594,269.48748779296875,269.9624938964844,267.82501220703125,269.73748779296875,4231612
2015-12-30,242.9540252685547,268.57501220703125,270.48748779296875,268.13751220703125,270.0,2112560
2015-12-31,244.72935485839844,270.5375061035156,271.2250061035156,268.75,268.75,9290008
2016-01-01,246.22193908691406,272.1875,272.5625,269.0375061035156,270.6000061035156,3195076
2016-01-04,242.09471130371094,267.625,271.0,267.0249938964844,271.0,5187536
2016-01-05,240.2628936767578,265.6000061035156,268.70001220703125,265.3374938964844,267.54998779296875,3160872
2016-01-06,241.3257598876953,266.7749938964844,269.1875,264.1625061035156,264.1625061035156,4165536
2016-01-07,238.86073303222656,264.04998779296875,266.2250061035156,262.42498779296875,265.0249938964844,6055428
2016-01-08,240.25155639648438,265.5874938964844,266.125,264.3125,265.48748779296875,3488356
2016-01-11,239.40347290039062,264.6499938964844,265.25,261.32501220703125,263.01251220703125,3288912
2016-01-12,236.76881408691406,261.73748779296875,265.9750061035156,260.875,265.9750061035156,4258736
2016-01-13,239.7540283203125,265.0375061035156,265.6875,259.25,263.0,4515148
2016-01-14,237.4020538330078,262.4375,264.3500061035156,259.875,262.5375061035156,6279184
2016-01-15,235.68331909179688,260.5375061035156,263.86248779296875,259.5249938964844,262.0,5417260
2016-01-18,231.99703979492188,256.4624938964844,260.36248779296875,255.25,258.9125061035156,6495388
2016-01-19,234.24725341796875,258.95001220703125,259.38751220703125,256.57501220703125,256.79998779296875,6405212
2016-01-20,230.28958129882812,254.5749969482422,277.0,251.97500610351562,256.25,9563588
2016-01-21,231.35250854492188,255.75,258.3125,253.35000610351562,255.25,6300804
2016-01-22,233.00343322753906,257.57501220703125,261.0625,255.5124969482422,256.42498779296875,4236284
2016-01-25,235.45718383789062,260.2875061035156,261.67498779296875,258.26251220703125,259.98748779296875,10143884
2016-01-27,234.21334838867188,258.9125061035156,262.17498779296875,258.25,262.11248779296875,4039468
2016-01-28,233.32000732421875,257.92498779296875,261.7250061035156,257.5,259.75,9951972
2016-01-29,237.42465209960938,262.4624938964844,263.73748779296875,258.79998779296875,258.79998779296875,5360184
2016-02-01,239.66357421875,264.9375,266.75,263.42498779296875,264.5,4609484
2016-02-02,238.31796264648438,263.45001220703125,266.3125,262.54998779296875,266.25,6528628
2016-02-03,236.0677490234375,260.9624938964844,262.8500061035156,260.5,261.125,4850244
2016-02-04,237.27764892578125,262.29998779296875,263.7250061035156,261.38751220703125,262.0,5675992
2016-02-05,238.64590454101562,263.8125,265.95001220703125,261.3999938964844,263.20001220703125,7523904
2016-02-08,234.25852966308594,258.9624938964844,264.5,257.57501220703125,263.75,3481924
2016-02-09,232.0422821044922,256.51251220703125,257.88751220703125,255.16250610351562,256.67498779296875,5535460
2016-02-10,229.07968139648438,253.2375030517578,257.5375061035156,252.52499389648438,255.97500610351562,7682280
2016-02-11,220.5651092529297,243.8249969482422,253.25,242.0500030517578,252.5,8803600
2016-02-12,219.68313598632812,242.85000610351562,246.6125030517578,241.5,244.75,12542144
2016-02-15,220.18064880371094,243.39999389648438,247.0625,242.77499389648438,245.0,10912960
2016-02-16,220.146728515625,243.3625030517578,245.5,240.5,245.375,7136096
2016-02-17,220.4746551513672,243.72500610351562,244.97500610351562,239.75,244.22500610351562,7503924
2016-02-18,223.76515197753906,247.3625030517578,247.8125,244.25,246.5,6799856
2016-02-19,223.7312469482422,247.3249969482422,248.14999389648438,243.375,247.1875,3328660
2016-02-22,223.60682678222656,247.1875,249.0,245.75,245.75,4002396
2016-02-23,219.37779235839844,242.5124969482422,246.375,241.5,246.22500610351562,6078320
2016-02-24,214.75303649902344,237.39999389648438,240.72500610351562,236.60000610351562,240.0,6463468
2016-02-25,213.18125915527344,235.66250610351562,239.3125,234.5500030517578,238.5,8463196
2016-02-26,217.33114624023438,240.25,242.75,236.25,237.5,6209388
2016-02-29,219.7848663330078,242.96249389648438,245.64999389648438,232.0,240.27499389648438,8812752
2016-03-01,222.56655883789062,246.03750610351562,246.6875,242.96249389648438,243.7375030517578,4322560
2016-03-02,227.77931213378906,251.8000030517578,252.72500610351562,248.75,249.5,6358976
2016-03-03,229.7355499267578,253.96249389648438,255.0,252.5,252.6875,4610400
2016-03-04,230.79843139648438,255.1374969482422,256.2250061035156,248.27499389648438,253.8625030517578,5704624
2016-03-08,229.35108947753906,253.53750610351562,256.0,252.375,256.0,1913688
2016-03-09,231.7595977783203,256.20001220703125,257.4750061035156,251.6875,253.25,6528172
2016-03-10,230.9567413330078,255.3125,256.4375,252.52499389648438,256.20001220703125,2671392
2016-03-11,232.6415557861328,257.17498779296875,257.70001220703125,253.25,254.97500610351562,4730856
2016-03-14,232.3815155029297,256.88751220703125,259.48748779296875,256.3125,257.0,3008656
2016-03-15,232.1892547607422,256.67498779296875,258.3500061035156,255.41250610351562,256.9750061035156,7690036
2016-03-16,233.03733825683594,257.61248779296875,258.5625,254.7375030517578,256.75,4803548
2016-03-17,230.312255859375,254.60000610351562,259.75,252.78750610351562,258.73748779296875,5113484
2016-03-18,232.57371520996094,257.1000061035156,258.0,253.83749389648438,255.7375030517578,4135068
2016-03-21,236.46353149414062,261.3999938964844,261.8374938964844,258.0625,258.25,5318796
2016-03-22,238.3292694091797,263.4624938964844,264.1499938964844,260.17498779296875,261.625,4120264
2016-03-23,237.31158447265625,262.3374938964844,263.26251220703125,260.13751220703125,263.26251220703125,8464300
2016-03-28,236.89321899414062,261.875,263.25,260.4125061035156,261.25,11270868
2016-03-29,238.31796264648438,263.45001220703125,264.875,261.0625,261.875,6733952
2016-03-30,240.8395538330078,266.23748779296875,267.4750061035156,263.4750061035156,264.5,7814380
2016-03-31,242.24171447753906,267.7875061035156,269.7250061035156,266.26251220703125,266.7124938964844,20080392
2016-04-01,240.72645568847656,266.11248779296875,269.1000061035156,264.20001220703125,267.20001220703125,5158648
2016-04-04,241.76675415039062,267.26251220703125,268.20001220703125,266.0,266.29998779296875,6179960
2016-04-05,239.14340209960938,264.36248779296875,269.2250061035156,263.9125061035156,267.25,6663028
2016-04-06,240.0593719482422,265.375,266.73748779296875,264.1875,265.25,4295376
2016-04-07,238.70242309570312,263.875,266.1875,261.76251220703125,266.0,3911692
2016-04-08,239.57305908203125,264.8374938964844,265.8374938964844,263.5625,263.75,2962796
2016-04-11,242.19642639160156,267.73748779296875,268.5249938964844,260.7124938964844,265.07501220703125,4049620
2016-04-12,240.39854431152344,265.75,267.75,264.8125,267.3999938964844,4941480
2016-04-13,244.63888549804688,270.4375,271.23748779296875,267.375,268.0,4974604
2016-04-18,246.0071563720703,271.95001220703125,273.0,267.8999938964844,270.875,4117068
2016-04-20,248.2799072265625,274.4624938964844,275.0,270.88751220703125,272.9750061035156,3821352
2016-04-21,246.76470947265625,272.7875061035156,276.2875061035156,272.25,273.75,8191728
2016-04-22,246.99085998535156,273.0375061035156,275.2124938964844,271.29998779296875,272.375,7809320
2016-04-25,247.23960876464844,273.3125,275.0,271.125,275.0,5561960
2016-04-26,251.8983154296875,278.4624938964844,278.75,273.125,273.75,7053796
2016-04-27,254.239013671875,281.04998779296875,281.25,277.25,277.4624938964844,5763636
2016-04-28,251.9209442138672,278.48748779296875,284.17498779296875,277.5874938964844,281.04998779296875,8089584
2016-04-29,256.0821228027344,283.0874938964844,284.0,276.54998779296875,278.45001220703125,5611940
2016-05-02,252.7576904296875,279.4125061035156,282.5,279.0,281.9375,3862716
2016-05-03,252.8369140625,279.5,283.75,278.2875061035156,280.4750061035156,4695296
2016-05-04,254.9513397216797,281.8374938964844,283.625,278.5625,279.375,5292328
2016-05-05,256.07086181640625,283.07501220703125,283.6875,280.67498779296875,282.0,5214248
2016-05-06,253.2100372314453,279.9125061035156,283.0625,279.3125,283.0,2733152
2016-05-09,258.1288146972656,285.3500061035156,286.23748779296875,279.75,280.0,6953180
2016-05-10,258.9203186035156,286.2250061035156,286.875,284.0249938964844,285.875,5453000
2016-05-11,257.54083251953125,284.70001220703125,286.25,282.42498779296875,283.67498779296875,6147372
2016-05-12,259.8701171875,287.2749938964844,288.0,283.125,286.0,4221688
2016-05-13,258.0157775878906,285.2250061035156,287.0,282.5,287.0,5045316
2016-05-16,262.96844482421875,290.70001220703125,291.4750061035156,283.13751220703125,286.25,4518768
2016-05-17,260.8539123535156,288.36248779296875,292.3125,287.82501220703125,291.26251220703125,4295424
2016-05-18,257.95916748046875,285.1625061035156,287.75,282.875,287.75,4162644
2016-05-19,257.6539001464844,284.82501220703125,285.67498779296875,283.0,285.0249938964844,3855796
2016-05-20,258.0157775878906,285.2250061035156,287.125,283.3999938964844,284.98748779296875,2016632
2016-05-23,257.07720947265625,284.1875,287.48748779296875,283.29998779296875,285.48748779296875,3463532
2016-05-24,257.80084228515625,284.98748779296875,285.9125061035156,283.88751220703125,284.6000061035156,3259468
2016-05-25,265.3430480957031,293.32501220703125,293.98748779296875,286.57501220703125,286.57501220703125,5767348
2016-05-26,267.5932312011719,295.8125,297.2250061035156,291.5625,294.0249938964844,13705560
2016-05-27,268.39605712890625,296.70001220703125,297.5,294.17498779296875,295.8125,5775184
2016-05-30,266.8016662597656,294.9375,298.75,294.5249938964844,296.75,3814532
2016-05-31,267.2879638671875,295.4750061035156,296.4750061035156,294.3500061035156,296.4750061035156,5515640
2016-06-01,265.76141357421875,293.7875061035156,295.73748779296875,292.75,295.73748779296875,5675632
2016-06-02,265.7161560058594,293.73748779296875,295.1499938964844,292.75,293.67498779296875,7910616
2016-06-03,264.9924621582031,292.9375,296.25,292.26251220703125,295.0249938964844,4524420
2016-06-06,264.845458984375,292.7749938964844,295.6000061035156,292.51251220703125,294.0,5547308
2016-06-07,265.4334716796875,293.42498779296875,295.0,291.9125061035156,294.23748779296875,5628504
2016-06-08,262.9232177734375,290.6499938964844,294.5,290.25,293.95001220703125,4742812
2016-06-09,262.1994323730469,289.8500061035156,291.04998779296875,288.125,290.625,4648184
2016-06-10,262.6405029296875,290.3374938964844,293.17498779296875,289.04998779296875,289.6000061035156,6322312
2016-06-13,260.7295227050781,288.2250061035156,291.23748779296875,287.76251220703125,288.6875,3323236
2016-06-14,260.4920959472656,287.9624938964844,289.25,286.0625,288.75,3828768
2016-06-15,264.4949645996094,292.38751220703125,292.7250061035156,288.29998779296875,288.75,3045824
2016-06-16,262.8214416503906,290.5375061035156,292.2124938964844,288.8374938964844,291.63751220703125,4727768
2016-06-17,264.59674072265625,292.5,294.5,291.38751220703125,291.75,3761652
2016-06-20,265.060302734375,293.01251220703125,294.8125,289.70001220703125,289.75,2742764
2016-06-21,263.8391418457031,291.6625061035156,293.86248779296875,290.29998779296875,293.75,2670968
2016-06-22,264.9359130859375,292.875,293.75,291.5,291.5,3803840
2016-06-23,269.1423034667969,297.5249938964844,297.9624938964844,291.875,292.45001220703125,3926732
2016-06-24,262.7648620605469,290.4750061035156,292.9750061035156,286.75,289.9624938964844,11173964
2016-06-27,262.3238830566406,289.98748779296875,292.25,288.26251220703125,290.5,4163788
2016-06-28,263.90692138671875,291.73748779296875,293.2749938964844,287.5,290.3125,4034980
2016-06-29,266.380859375,292.07501220703125,292.375,289.92498779296875,291.25,5420668
2016-06-30,268.23907470703125,294.11248779296875,295.0,290.5375061035156,292.75,16278892
2016-07-01,267.7944641113281,293.625,296.25,292.95001220703125,295.0,4304876
2016-07-04,267.40692138671875,293.20001220703125,294.875,292.8500061035156,294.54998779296875,7249852
2016-07-05,265.7652282714844,291.3999938964844,293.57501220703125,290.5,293.20001220703125,2136328
2016-07-07,270.3367614746094,296.4125061035156,297.1875,290.2250061035156,291.9750061035156,4832616
2016-07-08,267.87420654296875,293.7124938964844,296.3999938964844,292.8125,296.2749938964844,3118868
2016-07-11,273.5516662597656,299.9375,300.4750061035156,295.26251220703125,296.5,5102532
2016-07-12,274.0989074707031,300.5375061035156,302.4750061035156,298.88751220703125,302.4750061035156,7046032
2016-07-13,273.09564208984375,299.4375,300.48748779296875,298.32501220703125,299.95001220703125,6687072
2016-07-14,273.6884765625,300.0874938964844,300.5375061035156,298.04998779296875,300.25,3459668
2016-07-15,279.0124206542969,305.92498779296875,306.5,298.7749938964844,300.95001220703125,5774216
2016-07-18,279.867431640625,306.86248779296875,309.625,305.6625061035156,306.25,4438484
2016-07-19,277.79254150390625,304.5874938964844,307.6875,303.4624938964844,307.25,2586004
2016-07-20,280.9504699707031,308.04998779296875,309.625,305.4375,305.75,4690332
2016-07-21,280.1297302246094,307.1499938964844,309.9750061035156,305.625,307.67498779296875,9112904
2016-07-22,280.63128662109375,307.70001220703125,308.6625061035156,305.375,308.3374938964844,5620272
2016-07-25,284.31365966796875,311.73748779296875,312.36248779296875,306.75,308.25,9872884
2016-07-26,282.4553527832031,309.70001220703125,311.4125061035156,308.7875061035156,310.6000061035156,5665992
2016-07-27,282.03350830078125,309.23748779296875,311.88751220703125,307.5,310.25,10734736
2016-07-28,284.6555480957031,312.11248779296875,312.8125,308.88751220703125,309.5,10646528
2016-07-29,284.1425476074219,311.54998779296875,312.5,308.75,312.0,3395676
2016-08-01,283.25335693359375,310.57501220703125,314.73748779296875,306.9125061035156,312.25,5560864
2016-08-02,283.4813232421875,310.82501220703125,314.11248779296875,310.1000061035156,311.75,5329396
2016-08-03,282.83154296875,310.11248779296875,312.48748779296875,307.75,310.2749938964844,4733876
2016-08-04,282.9569091796875,310.25,311.67498779296875,308.3999938964844,311.6499938964844,4662880
2016-08-05,284.8379821777344,312.3125,313.9125061035156,310.4375,311.8500061035156,5784912
2016-08-08,284.9178466796875,312.3999938964844,313.75,311.13751220703125,313.2250061035156,4728776
2016-08-09,284.37060546875,311.79998779296875,313.2250061035156,309.42498779296875,313.2250061035156,4210856
2016-08-10,279.7420654296875,306.7250061035156,312.73748779296875,304.9375,311.25,3619720
2016-08-11,280.04986572265625,307.0625,308.75,305.5,306.70001220703125,2856072
2016-08-12,280.1524658203125,307.17498779296875,308.75,304.8500061035156,307.76251220703125,4641496
2016-08-16,279.833251953125,306.82501220703125,309.61248779296875,303.45001220703125,308.25,3468568
2016-08-17,281.5660705566406,308.7250061035156,309.375,306.5,308.3500061035156,5511036
2016-08-18,285.57904052734375,313.125,313.7250061035156,308.63751220703125,309.5,6111656
2016-08-19,284.3477783203125,311.7749938964844,312.5,310.36248779296875,312.5,4110636
2016-08-22,285.07745361328125,312.57501220703125,313.61248779296875,310.25,311.26251220703125,5501292
2016-08-23,285.339599609375,312.86248779296875,313.5,311.51251220703125,312.75,5314524
2016-08-24,287.69952392578125,315.45001220703125,316.04998779296875,311.76251220703125,313.01251220703125,5570936
2016-08-25,286.95849609375,314.63751220703125,316.70001220703125,313.57501220703125,316.0,8729888
2016-08-26,286.62786865234375,314.2749938964844,315.4750061035156,313.4750061035156,315.0,2521136
2016-08-29,282.2957458496094,309.5249938964844,313.875,309.04998779296875,313.875,2944184
2016-08-30,289.26129150390625,317.1625061035156,317.625,310.98748779296875,311.2749938964844,9867608
2016-08-31,294.40289306640625,322.79998779296875,323.75,316.375,317.25,11161364
2016-09-01,292.69287109375,320.92498779296875,322.5,318.8500061035156,322.0,5224676
2016-09-02,293.01202392578125,321.2749938964844,322.25,320.2875061035156,321.375,3955188
2016-09-06,296.5006408691406,325.1000061035156,325.9750061035156,322.51251220703125,322.51251220703125,5508884
2016-09-07,293.3883361816406,321.6875,326.25,320.7749938964844,325.25,4016444
2016-09-08,293.9925231933594,322.3500061035156,323.8125,320.8999938964844,322.5,2905380
2016-09-09,294.22052001953125,322.6000061035156,323.625,319.57501220703125,322.5,4013768
2016-09-12,291.8263854980469,319.9750061035156,321.1000061035156,317.875,318.67498779296875,3985728
2016-09-14,289.44378662109375,317.36248779296875,319.25,316.3500061035156,318.75,3849508
2016-09-15,291.75799560546875,319.8999938964844,320.9750061035156,317.4624938964844,318.0,3501812
2016-09-16,295.91912841796875,324.4624938964844,326.125,320.95001220703125,320.95001220703125,6525816
2016-09-19,294.16351318359375,322.5375061035156,325.625,322.0,324.25,5894832
2016-09-20,293.77587890625,322.11248779296875,323.75,321.01251220703125,323.1625061035156,3778248
2016-09-21,294.8133544921875,323.25,324.5,321.9750061035156,323.0,4256400
2016-09-22,297.98260498046875,326.7250061035156,329.23748779296875,325.13751220703125,326.25,6555800
2016-09-23,299.3050842285156,328.17498779296875,329.61248779296875,325.375,326.51251220703125,4876808
2016-09-26,295.5315856933594,324.0375061035156,327.2250061035156,323.42498779296875,326.5249938964844,5576772
2016-09-27,295.96478271484375,324.51251220703125,326.5375061035156,323.7124938964844,324.75,4056812
2016-09-28,295.32635498046875,323.8125,325.0,322.25,324.9750061035156,4989652
2016-09-29,291.2792053222656,319.375,326.5,316.98748779296875,324.48748779296875,16450012
2016-09-30,290.218994140625,318.2124938964844,320.25,316.8500061035156,319.2749938964844,4138428
2016-10-03,293.49090576171875,321.79998779296875,322.4750061035156,319.1000061035156,320.25,3900548
2016-10-04,294.0267639160156,322.38751220703125,323.75,320.57501220703125,322.1499938964844,2775512
2016-10-05,293.24005126953125,321.5249938964844,325.01251220703125,319.1000061035156,324.5,3647020
2016-10-06,292.2938537597656,320.48748779296875,323.8999938964844,319.76251220703125,321.7749938964844,2895712
2016-10-07,291.9859924316406,320.1499938964844,321.9375,319.0625,321.0,3337464
2016-10-10,292.8410339355469,321.0874938964844,321.9750061035156,319.6875,321.25,4719312
2016-10-13,287.91607666015625,315.6875,319.75,314.11248779296875,319.75,4519356
2016-10-14,287.69952392578125,315.45001220703125,317.0,313.5,316.4375,4067116
2016-10-17,282.2044982910156,309.42498779296875,316.6000061035156,308.1875,316.375,5135360
2016-10-18,286.7989196777344,314.4624938964844,315.0,309.75,310.79998779296875,2610968
2016-10-19,286.912841796875,314.5874938964844,315.75,312.0,315.2749938964844,3044904
2016-10-20,286.2630615234375,313.875,316.86248779296875,312.75,315.0625,3200356
2016-10-21,289.7287902832031,317.67498779296875,318.23748779296875,312.5,314.0,3956408
2016-10-24,288.0985412597656,315.88751220703125,319.2124938964844,315.26251220703125,317.9375,3255664
2016-10-25,285.07745361328125,312.57501220703125,317.0,311.01251220703125,317.0,5501796
2016-10-26,282.5693359375,309.82501220703125,316.25,308.76251220703125,310.8374938964844,5366540
2016-10-27,285.48779296875,313.0249938964844,314.25,306.0375061035156,309.75,11623860
2016-10-28,287.072509765625,314.76251220703125,315.4750061035156,310.0249938964844,313.625,5320536
2016-11-01,287.2434997558594,314.95001220703125,315.9624938964844,311.76251220703125,314.0,3402416
2016-11-02,284.13116455078125,311.5375061035156,313.92498779296875,310.375,312.7749938964844,6474432
2016-11-03,286.1376037597656,313.73748779296875,315.0,307.9375,311.25,6315812
2016-11-04,283.57257080078125,310.92498779296875,313.20001220703125,310.4375,313.20001220703125,5734920
2016-11-07,284.88360595703125,312.36248779296875,313.7124938964844,310.0,313.0,5671392
2016-11-08,285.98944091796875,313.57501220703125,314.5,310.0249938964844,312.7749938964844,5348164
2016-11-09,285.2940368652344,312.8125,314.3500061035156,298.8374938964844,300.0,13645468
2016-11-10,291.5186767578125,319.63751220703125,320.75,313.5249938964844,315.9375,10700736
2016-11-11,290.89166259765625,318.95001220703125,320.5,316.3999938964844,318.5,7139320
2016-11-15,286.09210205078125,313.6875,322.25,312.6625061035156,319.375,12512524
2016-11-16,283.7207946777344,311.0874938964844,317.0,310.01251220703125,317.0,8647744
2016-11-17,280.49444580078125,307.54998779296875,312.2250061035156,306.2875061035156,309.57501220703125,4815624
2016-11-18,276.20794677734375,302.8500061035156,309.0,302.29998779296875,309.0,6879900
2016-11-21,273.3122863769531,299.67498779296875,304.875,297.0874938964844,304.875,5552520
2016-11-22,273.1640625,299.51251220703125,301.70001220703125,297.3374938964844,301.70001220703125,10017784
2016-11-23,270.1315612792969,296.1875,300.75,295.2749938964844,300.75,3532692
2016-11-24,265.742431640625,291.375,296.57501220703125,290.2250061035156,296.0,15285996
2016-11-25,271.1689758300781,297.32501220703125,298.29998779296875,289.5,292.25,5969960
2016-11-28,270.0631408691406,296.11248779296875,299.7250061035156,294.5249938964844,295.0625,4130180
2016-11-29,268.7635192871094,294.6875,298.23748779296875,294.125,296.17498779296875,3932644
2016-11-30,273.5174560546875,299.8999938964844,300.5,295.2749938964844,296.25,6442840
2016-12-01,272.98162841796875,299.3125,301.9750061035156,298.25,300.57501220703125,4476984
2016-12-02,271.12335205078125,297.2749938964844,300.48748779296875,294.17498779296875,297.25,4062672
2016-12-05,272.77642822265625,299.0874938964844,299.73748779296875,294.125,296.8999938964844,4551936
2016-12-06,272.34320068359375,298.61248779296875,300.7124938964844,297.54998779296875,298.75,2702964
2016-12-07,269.4133605957031,295.3999938964844,301.4750061035156,291.75,300.4624938964844,5628192
2016-12-08,273.49462890625,299.875,301.38751220703125,296.75,296.75,4309696
2016-12-09,273.2210388183594,299.57501220703125,300.57501220703125,297.0,299.7749938964844,4387952
2016-12-12,270.0631408691406,296.11248779296875,298.0375061035156,295.2749938964844,298.0,3425272
2016-12-13,270.47357177734375,296.5625,297.5874938964844,294.63751220703125,295.0625,2526868
2016-12-14,268.068115234375,293.92498779296875,297.0,293.3500061035156,296.75,4314144
2016-12-15,268.2732849121094,294.1499938964844,298.625,290.8999938964844,291.04998779296875,4941488
2016-12-16,269.57293701171875,295.57501220703125,296.25,292.88751220703125,294.1499938964844,3255828
2016-12-19,268.30743408203125,294.1875,294.875,292.625,294.20001220703125,3160436
2016-12-20,269.48175048828125,295.4750061035156,296.25,292.92498779296875,294.0,4189992
2016-12-21,269.04852294921875,295.0,296.25,293.75,296.0,2658876
2016-12-22,267.4752502441406,293.2749938964844,294.875,292.1000061035156,294.1000061035156,2805716
2016-12-23,270.47357177734375,296.5625,297.3125,292.32501220703125,292.75,4752516
2016-12-26,267.908447265625,293.75,296.5249938964844,292.5249938964844,294.63751220703125,4183864
2016-12-27,270.2341613769531,296.29998779296875,296.7250061035156,293.4750061035156,294.82501220703125,4899296
2016-12-28,270.5876159667969,296.6875,298.73748779296875,295.25,297.4750061035156,6507840
2016-12-29,274.7942810058594,301.29998779296875,301.98748779296875,295.36248779296875,296.25,8100816
2016-12-30,275.02227783203125,301.54998779296875,303.0,299.98748779296875,300.0,4066540
2017-01-02,272.9474182128906,299.2749938964844,302.5249938964844,298.01251220703125,302.36248779296875,3708656
2017-01-03,271.3058166503906,297.4750061035156,300.48748779296875,296.4375,300.20001220703125,3847500
2017-01-04,270.3025817871094,296.375,298.0,295.95001220703125,297.4624938964844,6967120
2017-01-05,270.4621887207031,296.54998779296875,298.625,295.7749938964844,297.25,6776384
2017-01-06,272.16082763671875,298.4125061035156,299.6000061035156,297.04998779296875,297.5249938964844,5525260
2017-01-09,272.51422119140625,298.79998779296875,301.0375061035156,298.0375061035156,299.7124938964844,4573796
2017-01-10,276.88055419921875,303.5874938964844,304.20001220703125,298.82501220703125,299.04998779296875,5546116
2017-01-11,281.3608703613281,308.5,309.5249938964844,303.875,304.375,9343404
2017-01-12,281.5888977050781,308.75,310.92498779296875,306.375,308.75,2916316
2017-01-13,281.0189514160156,308.125,309.92498779296875,307.1499938964844,309.75,3850412
2017-01-16,284.4732360839844,311.9125061035156,312.36248779296875,308.20001220703125,308.375,3765864
2017-01-17,282.38690185546875,309.625,313.1000061035156,309.0625,311.75,3559612
2017-01-18,283.3217468261719,310.6499938964844,314.0,310.2124938964844,310.2250061035156,4612888
2017-01-19,281.8853759765625,309.07501220703125,311.2250061035156,308.75,311.2250061035156,3512412
2017-01-20,281.896728515625,309.0874938964844,311.25,307.5,309.0,13942068
2017-01-23,283.7891845703125,311.1625061035156,312.5,308.95001220703125,309.0,4793848
2017-01-24,289.0105285644531,316.88751220703125,317.875,312.3125,312.5,10261864
2017-01-25,294.26611328125,322.6499938964844,323.8999938964844,317.5249938964844,318.1499938964844,15636984
2017-01-27,294.5625305175781,322.9750061035156,325.0,322.0,324.75,6852236
2017-01-30,292.9778747558594,321.23748779296875,323.23748779296875,320.13751220703125,323.23748779296875,5319628
2017-01-31,293.36553955078125,321.6625061035156,323.17498779296875,319.25,320.6000061035156,6101040
2017-02-01,297.7090148925781,326.42498779296875,327.5,320.125,321.54998779296875,10910664
2017-02-02,296.1129455566406,324.67498779296875,326.42498779296875,323.1499938964844,326.42498779296875,5971636
2017-02-03,298.9288635253906,327.76251220703125,329.0,324.125,324.75,8005104
2017-02-06,299.624267578125,328.5249938964844,330.0,327.86248779296875,328.07501220703125,4310220
2017-02-07,298.03961181640625,326.7875061035156,329.5,325.73748779296875,329.0,3411920
2017-02-08,297.6976318359375,326.4125061035156,329.67498779296875,324.5375061035156,326.88751220703125,4940960
2017-02-09,295.8736267089844,324.4125061035156,329.9750061035156,323.13751220703125,327.3500061035156,4465376
2017-02-10,297.2301940917969,325.8999938964844,327.1875,324.5,324.5874938964844,3296736
2017-02-13,298.7350769042969,327.54998779296875,328.75,324.79998779296875,326.88751220703125,2795792
2017-02-14,298.9402770996094,327.7749938964844,328.5,326.0,328.5,2446060
2017-02-15,301.47113037109375,330.54998779296875,331.0,326.86248779296875,328.0,6126940
2017-02-16,302.770751953125,331.9750061035156,333.25,330.0625,330.75,5043700
2017-02-17,313.97735595703125,344.26251220703125,363.5,340.11248779296875,361.25,402259960
2017-02-20,321.28497314453125,352.2749938964844,353.86248779296875,339.7875061035156,340.29998779296875,10566716
2017-02-21,322.7556457519531,353.88751220703125,355.45001220703125,349.3500061035156,351.51251220703125,6260028
2017-02-22,319.0162658691406,349.7875061035156,354.70001220703125,348.7124938964844,353.75,5296776
2017-02-23,317.91046142578125,348.57501220703125,355.3374938964844,346.76251220703125,350.95001220703125,34494980
2017-02-27,317.7508544921875,348.3999938964844,349.5874938964844,344.6499938964844,347.7250061035156,4681376
2017-02-28,316.9527893066406,347.5249938964844,349.0625,346.125,348.2250061035156,2928008
2017-03-01,317.30621337890625,347.9125061035156,349.125,346.6000061035156,349.11248779296875,3481736
2017-03-02,314.6727600097656,345.0249938964844,349.0,344.0625,348.63751220703125,4601988
2017-03-03,313.9659423828125,344.25,346.125,342.25,346.125,2492824
2017-03-06,314.8209533691406,345.1875,347.4750061035156,343.2749938964844,344.20001220703125,3679124
2017-03-07,316.0635681152344,346.54998779296875,346.875,344.04998779296875,345.5625,3112876
2017-03-08,317.4316711425781,348.04998779296875,349.79998779296875,345.26251220703125,346.9750061035156,3782144
2017-03-09,317.8876037597656,348.54998779296875,349.67498779296875,345.4125061035156,345.4125061035156,3509316
2017-03-10,319.23291015625,350.0249938964844,352.0,348.2875061035156,348.75,5860704
2017-03-14,321.6497802734375,352.67498779296875,356.0375061035156,351.6625061035156,355.5249938964844,7155020
2017-03-15,322.9949951171875,354.1499938964844,355.0,352.63751220703125,352.73748779296875,4271860
2017-03-16,323.1660461425781,354.3374938964844,355.7124938964844,353.4125061035156,354.5249938964844,4980108
2017-03-17,325.10406494140625,356.4624938964844,356.875,353.2124938964844,354.63751220703125,3390464
2017-03-20,327.44110107421875,359.0249938964844,359.9624938964844,356.48748779296875,356.6625061035156,8142344
2017-03-21,328.5469665527344,360.23748779296875,361.25,358.5,358.5,5557280
2017-03-22,326.25555419921875,357.7250061035156,359.25,356.45001220703125,356.92498779296875,5636544
2017-03-23,326.25555419921875,357.7250061035156,358.75,355.7250061035156,358.6000061035156,4922472
2017-03-24,324.7620849609375,356.0874938964844,358.61248779296875,355.5,358.25,3810364
2017-03-27,321.4559326171875,352.4624938964844,356.0,351.01251220703125,356.0,5864084
2017-03-28,323.8157958984375,355.04998779296875,356.17498779296875,353.2749938964844,354.57501220703125,8061400
2017-03-29,325.7310485839844,357.1499938964844,358.70001220703125,355.0,355.20001220703125,8575772
2017-03-30,334.3041687011719,366.54998779296875,369.98748779296875,356.26251220703125,357.0,34321092
2017-03-31,328.9118347167969,360.63751220703125,363.5,359.13751220703125,363.45001220703125,9651392
2017-04-03,326.7799377441406,358.29998779296875,362.5249938964844,356.5,361.5,4149052
2017-04-05,326.58612060546875,358.0874938964844,361.625,356.88751220703125,358.8125,5744080
2017-04-06,327.9883728027344,359.625,360.75,356.26251220703125,357.875,6124416
2017-04-07,328.0682067871094,359.7124938964844,361.25,357.1499938964844,357.76251220703125,4648360
2017-04-10,326.99658203125,358.5375061035156,360.75,358.1625061035156,360.75,3393876
2017-04-11,328.2164306640625,359.875,360.29998779296875,357.875,358.5,4356260
2017-04-12,329.1740417480469,360.92498779296875,362.48748779296875,358.875,359.75,3565092
2017-04-13,328.3988342285156,360.07501220703125,362.2250061035156,359.26251220703125,360.75,4804236
2017-04-17,327.60076904296875,359.20001220703125,360.95001220703125,357.0625,360.07501220703125,7137056
2017-04-18,329.994873046875,361.82501220703125,363.75,359.5,360.0,3638860
2017-04-19,330.3824462890625,362.25,364.1875,359.5,361.75,4338144
2017-04-20,333.3807373046875,365.5375061035156,366.51251220703125,363.23748779296875,363.25,5781372
2017-04-21,341.2355651855469,374.1499938964844,374.75,363.32501220703125,366.5,17258032
2017-04-24,349.5464172363281,383.26251220703125,384.75,374.25,374.5249938964844,20206952
2017-04-25,350.45849609375,384.26251220703125,386.375,382.3999938964844,383.76251220703125,9057780
2017-04-26,353.5593566894531,387.6625061035156,388.25,367.11248779296875,385.73748779296875,7795852
2017-04-27,357.6520690917969,392.1499938964844,393.48748779296875,386.5249938964844,386.5249938964844,16180420
2017-04-28,352.6131896972656,386.625,389.9750061035156,384.2749938964844,389.9750061035156,5437728
2017-05-02,351.2679443359375,385.1499938964844,387.7250061035156,382.5874938964844,386.75,4007040
2017-05-03,352.1115417480469,386.07501220703125,388.5625,384.8374938964844,388.5625,2507964
2017-05-04,349.94549560546875,383.70001220703125,385.7250061035156,380.6499938964844,384.8125,5131028
2017-05-05,349.3526306152344,383.04998779296875,385.7250061035156,381.57501220703125,385.5249938964844,2757896
2017-05-08,349.94549560546875,383.70001220703125,385.0,382.13751220703125,384.5,3747252
2017-05-09,350.16204833984375,383.9375,386.3999938964844,383.1625061035156,383.70001220703125,3345836
2017-05-10,353.8216552734375,387.95001220703125,388.75,384.26251220703125,385.0,2342244
2017-05-11,352.5904235839844,386.6000061035156,390.0,385.25,387.75,3875744
2017-05-12,353.7873840332031,387.9125061035156,389.2250061035156,384.04998779296875,386.4750061035156,6147604
2017-05-15,354.1863708496094,388.3500061035156,389.29998779296875,385.5625,387.5,2804780
2017-05-16,355.6114501953125,389.9125061035156,390.5,387.0625,388.75,3590376
2017-05-17,355.04144287109375,389.2875061035156,391.3500061035156,387.875,389.70001220703125,3472472
2017-05-18,355.030029296875,389.2749938964844,390.375,387.0249938964844,387.25,3107280
2017-05-19,355.9762878417969,390.3125,392.4750061035156,386.3125,389.875,2854136
2017-05-22,359.33935546875,394.0,395.0,390.7749938964844,391.2749938964844,2860052
2017-05-23,357.76617431640625,392.2749938964844,395.88751220703125,391.25,395.0,3080172
2017-05-24,357.2303161621094,391.6875,393.86248779296875,390.5,392.26251220703125,3467388
2017-05-25,368.72186279296875,404.2875061035156,407.3500061035156,391.7749938964844,391.7749938964844,20090804
2017-05-26,370.7397155761719,406.5,408.0,400.2749938964844,401.6625061035156,5443156
2017-05-29,372.0849609375,407.9750061035156,412.0,404.4125061035156,404.95001220703125,5916340
2017-05-30,371.43511962890625,407.26251220703125,408.375,404.0375061035156,407.5,4434184
2017-05-31,373.06536865234375,409.04998779296875,410.75,405.7875061035156,406.25,5318912
2017-06-01,371.3325500488281,407.1499938964844,409.9624938964844,405.13751220703125,409.75,3359540
2017-06-02,372.62078857421875,408.5625,411.5249938964844,406.54998779296875,408.5,3213544
2017-06-05,372.917236328125,408.88751220703125,409.73748779296875,406.25,408.42498779296875,2899900
2017-06-06,373.6924133300781,409.73748779296875,410.95001220703125,407.5,408.75,5002632
2017-06-07,374.1142272949219,410.20001220703125,411.2250061035156,407.5874938964844,410.1000061035156,2554276
2017-06-08,375.0148620605469,411.1875,414.8500061035156,410.4125061035156,410.9750061035156,4248768
2017-06-09,380.04241943359375,416.70001220703125,417.5,410.0249938964844,410.0249938964844,5305272
2017-06-12,380.487060546875,417.1875,419.0,415.0,416.0,3971412
2017-06-13,382.2997131347656,419.17498779296875,422.9750061035156,415.25,415.4375,5051620
2017-06-14,381.0456237792969,417.79998779296875,419.98748779296875,416.75,418.75,3858360
2017-06-15,379.48382568359375,416.0874938964844,418.8999938964844,413.3999938964844,417.0,3526692
2017-06-16,380.60107421875,417.3125,418.67498779296875,414.5249938964844,416.25,3755104
2017-06-19,385.9934387207031,423.2250061035156,424.0,417.1000061035156,417.75,3825532
2017-06-20,384.54559326171875,421.63751220703125,423.5,419.9624938964844,422.5,3660264
2017-06-21,387.3158264160156,424.67498779296875,425.3125,419.8999938964844,420.6499938964844,3410932
2017-06-22,387.15625,424.5,429.0,422.79998779296875,423.73748779296875,6675460
2017-06-23,382.7442932128906,419.6625061035156,425.6875,418.79998779296875,425.5,5217468
2017-06-27,380.2362060546875,416.9125061035156,423.75,414.0625,422.25,6000432
2017-06-28,379.962646484375,416.61248779296875,418.75,414.45001220703125,416.25,4449036
2017-06-29,381.70703125,415.76251220703125,420.4750061035156,412.7749938964844,416.75,9187708
2017-06-30,379.18231201171875,413.01251220703125,415.0,410.75,413.45001220703125,4330432
2017-07-03,380.6856384277344,414.6499938964844,416.875,411.8125,413.1499938964844,3504332
2017-07-04,379.4806823730469,413.3374938964844,416.67498779296875,413.0,415.0625,3766080
2017-07-05,378.4248962402344,412.1875,414.875,411.25,413.2749938964844,4014200
2017-07-06,380.58233642578125,414.5375061035156,415.75,412.8374938964844,413.13751220703125,4571676
2017-07-07,382.6595153808594,416.79998779296875,417.3999938964844,414.5,415.2124938964844,5517396
2017-07-10,384.7596435546875,419.0874938964844,437.0,415.26251220703125,417.0,1309252
2017-07-11,385.6892395019531,420.1000061035156,422.70001220703125,416.7749938964844,419.38751220703125,4410280
2017-07-12,385.8842468261719,420.3125,421.25,414.63751220703125,420.0,5738892
2017-07-13,386.4122314453125,420.88751220703125,423.32501220703125,419.9125061035156,422.0,4481004
2017-07-14,385.5859069824219,419.98748779296875,421.51251220703125,418.0,420.9750061035156,2443252
2017-07-17,386.13677978515625,420.5874938964844,421.9125061035156,419.25,420.63751220703125,2399340
2017-07-18,386.4122314453125,420.88751220703125,421.9624938964844,419.3374938964844,419.92498779296875,2322188
2017-07-19,388.4205322265625,423.07501220703125,424.04998779296875,420.4624938964844,421.25,3987244
2017-07-20,392.6895751953125,427.7250061035156,428.75,422.0375061035156,423.4750061035156,3698476
2017-07-21,390.8879089355469,425.76251220703125,428.8125,425.0,428.5249938964844,3873508
2017-07-24,398.2440490722656,433.7749938964844,435.0,423.75,427.5,19678176
2017-07-25,399.28839111328125,434.9125061035156,439.75,433.26251220703125,439.75,11160468
2017-07-26,401.1015930175781,436.88751220703125,438.75,433.125,435.5,3895344
2017-07-27,410.7645263671875,447.4125061035156,449.70001220703125,437.88751220703125,439.0,17961712
2017-07-28,408.2053527832031,444.625,446.625,440.2749938964844,443.0,9255396
2017-07-31,409.55950927734375,446.1000061035156,447.75,441.63751220703125,444.38751220703125,7369140
2017-08-01,412.4974365234375,449.29998779296875,452.2875061035156,443.04998779296875,445.4624938964844,8516860
2017-08-02,411.2235412597656,447.9125061035156,451.75,445.51251220703125,451.75,7397916
2017-08-03,408.53814697265625,444.98748779296875,448.0,443.6000061035156,447.0,4256784
2017-08-04,410.9022216796875,447.5625,449.1875,441.5375061035156,444.25,3545068
2017-08-07,410.5120849609375,447.13751220703125,449.11248779296875,446.25,446.5,1918660
2017-08-08,408.067626953125,444.4750061035156,449.3125,441.5249938964844,448.0249938964844,4035372
2017-08-09,404.9805908203125,441.11248779296875,444.26251220703125,439.5874938964844,442.75,3270056
2017-08-10,404.06243896484375,440.11248779296875,441.5,438.2124938964844,440.0,7788444
2017-08-11,401.4459228515625,437.26251220703125,439.5,432.7875061035156,436.25,6359836
2017-08-14,403.3165588378906,439.29998779296875,443.73748779296875,437.0,438.25,3577084
2017-08-16,408.8364562988281,445.3125,447.45001220703125,437.13751220703125,440.5874938964844,4426832
2017-08-17,405.1986083984375,441.3500061035156,445.23748779296875,438.4375,444.0625,5454868
2017-08-18,402.15740966796875,438.0375061035156,440.25,435.75,440.0,3707464
2017-08-21,400.1031799316406,435.79998779296875,439.75,434.54998779296875,438.5,4009724
2017-08-22,400.975341796875,436.75,438.5,434.20001220703125,437.82501220703125,6609556
2017-08-23,406.8167724609375,443.11248779296875,444.48748779296875,437.5,437.5,3360524
2017-08-24,404.5329895019531,440.625,443.73748779296875,439.7875061035156,443.7250061035156,7878276
2017-08-28,404.4755859375,440.5625,442.7875061035156,439.5874938964844,440.6000061035156,1507784
2017-08-29,400.78033447265625,436.5375061035156,439.75,434.5,439.75,4918596
2017-08-30,405.9216003417969,442.13751220703125,442.5,437.51251220703125,437.98748779296875,2694320
2017-08-31,407.73480224609375,444.11248779296875,444.9624938964844,439.1000061035156,443.0,7303436
2017-09-01,405.70355224609375,441.8999938964844,445.36248779296875,440.2749938964844,445.25,2295172
2017-09-04,401.87054443359375,437.7250061035156,441.25,436.5249938964844,441.25,3642524
2017-09-05,402.8918762207031,438.8374938964844,441.2250061035156,437.75,439.25,3682436
2017-09-06,403.9362487792969,439.9750061035156,440.70001220703125,434.5,435.9375,5751632
2017-09-07,405.4624938964844,441.63751220703125,444.1875,440.0249938964844,440.0249938964844,6946420
2017-09-08,410.305419921875,446.9125061035156,447.5,442.75,443.3500061035156,8311664
2017-09-11,418.4993896484375,455.8374938964844,457.25,447.54998779296875,448.25,11477676
2017-09-12,421.2192077636719,458.79998779296875,459.9750061035156,454.57501220703125,456.92498779296875,6687680
2017-09-13,422.74560546875,460.4624938964844,462.25,456.0,458.75,4995376
2017-09-14,422.1832580566406,459.8500061035156,463.125,457.875,460.0375061035156,8154016
2017-09-15,424.3751525878906,462.23748779296875,462.95001220703125,458.36248779296875,459.0,3767332
2017-09-18,427.0146179199219,465.11248779296875,466.11248779296875,463.125,463.38751220703125,4084928
2017-09-19,424.54730224609375,462.42498779296875,467.0,461.88751220703125,466.2250061035156,4241468
2017-09-20,424.35223388671875,462.2124938964844,465.36248779296875,461.3125,462.0,3446128
2017-09-21,422.1143493652344,459.7749938964844,462.125,457.67498779296875,462.0,7712496
2017-09-22,418.6715393066406,456.0249938964844,459.73748779296875,455.0,458.70001220703125,8243524
2017-09-25,413.08270263671875,449.9375,455.61248779296875,448.1499938964844,455.61248779296875,10149228
2017-09-26,411.37274169921875,448.07501220703125,449.1499938964844,446.25,447.26251220703125,11438732
2017-09-27,407.7463073730469,444.125,451.3999938964844,442.5,449.0,7337220
2017-09-28,412.0613098144531,448.82501220703125,449.75,440.82501220703125,443.5,27646464
2017-09-29,414.4483642578125,451.42498779296875,455.5,449.0625,450.0249938964844,6213632
2017-10-03,415.1712951660156,452.2124938964844,455.25,449.2749938964844,452.0,4394424
2017-10-04,412.4514465332031,449.25,452.9750061035156,448.3374938964844,451.9750061035156,6625104
2017-10-05,412.81878662109375,449.6499938964844,451.25,448.2749938964844,448.75,3336196
2017-10-06,413.1629943847656,450.0249938964844,451.11248779296875,448.5,449.5,3030660
2017-10-09,412.107177734375,448.875,450.75,447.625,449.70001220703125,3062492
2017-10-10,413.7597351074219,450.67498779296875,453.73748779296875,448.1625061035156,449.75,3798180
2017-10-11,410.8792724609375,447.5375061035156,453.8125,446.8999938964844,450.8125,5267440
2017-10-12,417.4551086425781,454.70001220703125,455.36248779296875,447.0,448.7749938964844,5381560
2017-10-13,424.7998046875,462.70001220703125,464.13751220703125,455.5,456.67498779296875,6433464
2017-10-16,426.25726318359375,464.2875061035156,468.3125,460.5,465.0,3274544
2017-10-17,424.9031066894531,462.8125,463.42498779296875,459.7749938964844,462.5,2613288
2017-10-18,428.86236572265625,467.125,468.75,459.75,460.25,3926720
2017-10-19,424.24896240234375,462.1000061035156,466.25,460.1625061035156,465.45001220703125,570008
2017-10-23,427.6688232421875,465.82501220703125,467.42498779296875,459.01251220703125,464.9750061035156,4162892
2017-10-24,428.5410461425781,466.7749938964844,469.8999938964844,463.25,465.75,11328872
2017-10-25,412.015380859375,448.7749938964844,465.75,446.25,465.0,21367208
2017-10-26,412.07281494140625,448.8374938964844,452.5,439.4624938964844,442.0,28571464
2017-10-27,411.0858459472656,447.76251220703125,451.875,444.75,451.1000061035156,7472088
2017-10-30,416.5828857421875,453.75,454.0,448.1000061035156,449.5625,5422352
2017-10-31,415.09100341796875,452.125,452.875,449.8125,452.875,4682460
2017-11-01,418.00592041015625,455.29998779296875,456.25,453.0,453.7749938964844,4190612
2017-11-02,418.21246337890625,455.5249938964844,457.45001220703125,454.23748779296875,455.75,4737944
2017-11-03,420.1864013671875,457.67498779296875,460.0,455.3999938964844,456.42498779296875,3810488
2017-11-06,419.7043762207031,457.1499938964844,460.0,455.6499938964844,456.25,6148244
2017-11-07,418.5797119140625,455.92498779296875,461.23748779296875,455.1875,459.5,7446376
2017-11-08,419.0961608886719,456.48748779296875,458.3999938964844,454.75,456.29998779296875,3283144
2017-11-09,419.5322570800781,456.9624938964844,458.75,455.2749938964844,456.75,3113308
2017-11-10,418.1895751953125,455.5,458.70001220703125,453.0874938964844,455.42498779296875,7744360
2017-11-13,416.25006103515625,453.38751220703125,455.7875061035156,448.75,455.5,3335872
2017-11-14,413.6794738769531,450.5874938964844,454.75,450.0,453.9750061035156,4712468
2017-11-15,413.1974792480469,450.0625,450.9125061035156,447.0,449.5,6148368
2017-11-16,414.9073486328125,451.92498779296875,454.0,448.79998779296875,451.0,4012972
2017-11-17,419.00439453125,456.38751220703125,459.57501220703125,453.2875061035156,457.17498779296875,6358772
2017-11-20,421.8963623046875,459.5375061035156,459.92498779296875,457.25,457.25,2392424
2017-11-21,423.7554626464844,461.5625,462.5,459.0249938964844,459.36248779296875,2275532
2017-11-22,425.8211669921875,463.8125,465.0,461.13751220703125,462.42498779296875,5660796
2017-11-23,422.97503662109375,460.7124938964844,465.0,459.5,464.75,3232580
2017-11-24,424.9374694824219,462.8500061035156,464.45001220703125,460.25,460.75,5203684
2017-11-27,426.34906005859375,464.38751220703125,465.5,461.3999938964844,462.25,3870472
2017-11-28,428.1393737792969,466.3374938964844,467.75,463.9624938964844,464.0,5090540
2017-11-29,429.9640808105469,468.32501220703125,468.875,463.95001220703125,466.25,3274584
2017-11-30,425.4654235839844,463.42498779296875,468.48748779296875,460.0,467.17498779296875,5796312
2017-12-01,424.2030334472656,462.04998779296875,465.0,461.0249938964844,463.7250061035156,3858148
2017-12-04,420.96673583984375,458.5249938964844,463.7250061035156,457.5249938964844,463.7250061035156,3641932
2017-12-05,417.8337707519531,455.11248779296875,457.13751220703125,451.75,456.5,3893360
2017-12-06,413.89752197265625,450.82501220703125,455.3374938964844,449.75,454.98748779296875,6395120
2017-12-07,415.3549499511719,452.4125061035156,454.1499938964844,450.7749938964844,451.6625061035156,4231304
2017-12-08,422.4127502441406,460.1000061035156,463.25,453.5,453.5,8956400
2017-12-11,423.7898864746094,461.6000061035156,462.9375,460.0,462.0,3198232
2017-12-12,417.7075500488281,454.9750061035156,462.4750061035156,453.98748779296875,462.2749938964844,2410588
2017-12-13,418.0403137207031,455.3374938964844,461.25,453.7749938964844,455.01251220703125,2907460
2017-12-14,421.8734130859375,459.51251220703125,460.0,453.0,456.0,3683092
2017-12-15,429.99847412109375,468.36248779296875,472.0,463.875,464.0,12450124
2017-12-18,431.26080322265625,469.73748779296875,474.75,452.32501220703125,463.75,12297988
2017-12-19,432.53466796875,471.125,473.4125061035156,469.0375061035156,469.95001220703125,4952112
2017-12-20,428.7820129394531,467.0375061035156,475.7749938964844,465.9125061035156,474.7250061035156,9343504
2017-12-21,428.81646728515625,467.07501220703125,471.25,466.29998779296875,469.9750061035156,6854544
2017-12-22,430.7329406738281,469.1625061035156,470.0,465.4375,469.75,4470904
2017-12-26,428.827880859375,467.0874938964844,470.70001220703125,464.17498779296875,470.25,6785696
2017-12-27,426.16546630859375,464.1875,467.57501220703125,462.7875061035156,467.5249938964844,3489384
2017-12-28,431.0543212890625,469.51251220703125,470.2250061035156,464.5,464.7250061035156,8700520
2017-12-29,429.75750732421875,468.1000061035156,469.79998779296875,467.0375061035156,469.20001220703125,6345872
2018-01-01,425.6490478515625,463.625,470.1875,462.625,468.17498779296875,6580516
2018-01-02,429.7460021972656,468.0874938964844,468.75,464.63751220703125,464.63751220703125,4776316
2018-01-03,425.2243957519531,463.1625061035156,469.5625,462.79998779296875,468.75,4531288
2018-01-04,426.8884582519531,464.9750061035156,466.375,463.25,463.25,2373776
2018-01-05,427.7376403808594,465.8999938964844,467.01251220703125,463.88751220703125,465.75,2870868
2018-01-08,427.0491027832031,465.1499938964844,467.67498779296875,464.4375,466.25,4570308
2018-01-09,427.7606201171875,465.92498779296875,467.4624938964844,463.75,465.5,5305528
2018-01-10,427.8753967285156,466.04998779296875,466.9750061035156,464.32501220703125,466.29998779296875,4615888
2018-01-11,429.7919616699219,468.13751220703125,469.0,464.0625,466.04998779296875,4059096
2018-01-12,428.12786865234375,466.32501220703125,469.5375061035156,465.0,468.25,4336708
2018-01-15,435.5758056640625,474.4375,476.1000061035156,464.9624938964844,467.48748779296875,12576444
2018-01-16,436.1267395019531,475.0375061035156,477.5,471.3125,475.86248779296875,6445384
2018-01-17,433.9118347167969,472.625,475.63751220703125,471.75,474.25,2905496
2018-01-18,443.96490478515625,483.57501220703125,488.5,479.51251220703125,481.0,16649540
2018-01-19,448.0733947753906,488.04998779296875,489.9750061035156,479.8125,483.7875061035156,11455988
2018-01-22,450.6324768066406,490.8374938964844,497.0,488.2875061035156,490.0,8849768
2018-01-23,447.8668212890625,487.82501220703125,491.67498779296875,485.82501220703125,491.25,5047796
2018-01-24,449.32427978515625,489.4125061035156,492.25,487.6499938964844,488.13751220703125,4790568
2018-01-25,453.29498291015625,493.73748779296875,495.0,487.625,488.4750061035156,8723668
2018-01-29,458.9642333984375,499.9125061035156,501.73748779296875,494.5,494.5,8235892
2018-01-30,458.01165771484375,498.875,500.4750061035156,496.0375061035156,499.45001220703125,6397560
2018-01-31,460.3528137207031,501.42498779296875,503.375,496.75,497.3500061035156,6943348
2018-02-01,457.01324462890625,497.7875061035156,503.75,496.32501220703125,501.5,6521420
2018-02-02,447.10931396484375,487.0,497.4750061035156,485.375,496.5,7346124
2018-02-05,439.2711486816406,478.4624938964844,483.8125,476.4624938964844,479.5,7926784
2018-02-06,435.3577880859375,474.20001220703125,478.0,459.07501220703125,465.0,10749804
2018-02-07,429.8492736816406,468.20001220703125,476.75,465.6000061035156,476.75,8364972
2018-02-08,431.7198791503906,470.23748779296875,474.6499938964844,466.625,471.0,5171444
2018-02-09,424.50140380859375,462.375,466.17498779296875,461.0249938964844,461.9750061035156,6408952
2018-02-12,430.7329406738281,469.1625061035156,471.5,463.7875061035156,465.0,4381108
2018-02-14,432.2248840332031,470.7875061035156,474.4750061035156,468.6625061035156,472.45001220703125,3577188
2018-02-15,431.93792724609375,470.4750061035156,473.6875,468.75,472.42498779296875,4915224
2018-02-16,431.1805419921875,469.6499938964844,473.7124938964844,468.9125061035156,470.9750061035156,3583520
2018-02-19,431.08868408203125,469.54998779296875,471.8999938964844,464.76251220703125,470.6499938964844,3654552
2018-02-20,427.6458435058594,465.79998779296875,471.4624938964844,464.70001220703125,471.1875,4084068
2018-02-21,426.3146667480469,464.3500061035156,467.13751220703125,463.04998779296875,466.98748779296875,2753072
2018-02-22,425.35064697265625,463.29998779296875,465.0,460.38751220703125,462.5,13253596
2018-02-23,431.62811279296875,470.13751220703125,471.2124938964844,462.6000061035156,464.2250061035156,4076748
2018-02-26,438.7432861328125,477.88751220703125,478.70001220703125,470.88751220703125,472.0249938964844,4788884
2018-02-27,436.6775817871094,475.63751220703125,480.4375,475.0,478.6875,4787328
2018-02-28,432.46588134765625,471.04998779296875,473.86248779296875,469.5,472.38751220703125,4066364
2018-03-01,430.20501708984375,468.5874938964844,473.32501220703125,467.0,469.82501220703125,3909840
2018-03-05,429.1951599121094,467.48748779296875,469.5,464.5625,468.5375061035156,3781464
2018-03-06,423.7554626464844,461.5625,469.9750061035156,459.875,467.5,4576828
2018-03-07,420.62249755859375,458.1499938964844,463.3500061035156,457.125,460.0,5628164
2018-03-08,425.27032470703125,463.2124938964844,464.625,458.0,459.95001220703125,5518724
2018-03-09,424.8572082519531,462.76251220703125,466.3125,461.0,463.73748779296875,4108108
2018-03-12,428.5754699707031,466.8125,467.36248779296875,463.3500061035156,465.04998779296875,6557116
2018-03-13,426.96875,465.0625,471.1875,463.75,466.86248779296875,5124200
2018-03-14,427.9442138671875,466.125,466.9750061035156,462.0,464.0,3680392
2018-03-15,431.6855163574219,470.20001220703125,471.875,466.29998779296875,466.29998779296875,5870924
2018-03-16,425.3046875,463.25,470.2749938964844,461.63751220703125,470.0,7896336
2018-03-19,423.9850158691406,461.8125,465.0,460.7875061035156,463.25,7838740
2018-03-20,422.2062072753906,459.875,463.9750061035156,458.8125,461.2749938964844,3657372
2018-03-21,426.6589050292969,464.7250061035156,465.79998779296875,460.82501220703125,462.0,5921140
2018-03-22,428.69024658203125,466.9375,470.0,463.7749938964844,464.7250061035156,6673224
2018-03-23,422.6767272949219,460.38751220703125,463.2749938964844,459.3125,461.6625061035156,7190152
2018-03-26,434.5888977050781,473.36248779296875,475.0,458.375,459.9750061035156,10501768
2018-03-27,434.393798828125,473.1499938964844,474.75,469.0,473.45001220703125,6136836
2018-03-28,432.9019470214844,471.5249938964844,474.92498779296875,469.01251220703125,470.73748779296875,8837508
2018-04-02,443.25341796875,482.79998779296875,483.9375,472.625,472.625,4596368
2018-04-03,439.74169921875,478.9750061035156,481.42498779296875,477.75,480.98748779296875,4079884
2018-04-04,432.2478332519531,470.8125,481.23748779296875,469.61248779296875,478.23748779296875,3714108
2018-04-05,438.1350402832031,477.2250061035156,478.5,472.54998779296875,475.32501220703125,4858892
2018-04-06,441.4631652832031,480.8500061035156,481.61248779296875,476.45001220703125,478.04998779296875,3720008
2018-04-09,445.0551452636719,484.76251220703125,485.5,479.1000061035156,479.70001220703125,4003536
2018-04-10,440.87786865234375,480.2124938964844,485.75,478.375,485.75,6067236
2018-04-11,440.41876220703125,479.7124938964844,480.0,476.3500061035156,478.9750061035156,2870812
2018-04-12,442.7025146484375,482.20001220703125,483.2250061035156,476.4750061035156,479.0,4712516
2018-04-13,441.8303527832031,481.25,485.0,479.7749938964844,482.0,3297172
2018-04-16,445.755126953125,485.5249938964844,487.5,479.9624938964844,480.0,2847744
2018-04-17,447.2240905761719,487.125,487.75,483.5249938964844,485.875,2667832
2018-04-18,443.5746765136719,483.1499938964844,488.375,482.51251220703125,487.75,2712720
2018-04-19,445.04364013671875,484.75,486.20001220703125,483.25,485.0,3169032
2018-04-20,448.92254638671875,488.9750061035156,490.25,483.0375061035156,485.25,9361380
2018-04-23,444.2977294921875,483.9375,494.75,465.07501220703125,494.75,15304620
2018-04-24,444.12554931640625,483.75,487.01251220703125,481.5,483.75,5037416
2018-04-25,440.85491943359375,480.1875,484.5,478.0,481.9750061035156,4020592
2018-04-26,443.03533935546875,482.5625,484.79998779296875,477.8125,479.20001220703125,7847480
2018-04-27,441.4631652832031,480.8500061035156,483.875,478.125,483.25,5777008
2018-04-30,446.2601623535156,486.07501220703125,488.70001220703125,482.20001220703125,482.5,4609552
2018-05-02,452.0440979003906,492.375,494.5,486.5,487.5,7100048
2018-05-03,451.6768493652344,491.9750061035156,493.7250061035156,486.5,492.01251220703125,4152772
2018-05-04,456.40496826171875,497.125,497.5,491.57501220703125,492.5,6881436
2018-05-07,453.8572692871094,494.3500061035156,496.82501220703125,493.75,495.4125061035156,5264128
2018-05-08,451.48175048828125,491.76251220703125,494.9750061035156,488.6499938964844,494.8125,7100564
2018-05-09,454.0868225097656,494.6000061035156,495.125,489.0375061035156,489.0375061035156,4327332
2018-05-10,457.3689880371094,498.17498779296875,499.75,495.5,497.1499938964844,7171672
2018-05-11,461.74139404296875,502.9375,504.25,496.5,498.17498779296875,6057068
2018-05-14,464.03662109375,505.4375,506.8500061035156,503.1000061035156,504.29998779296875,4742916
2018-05-15,467.72052001953125,509.45001220703125,516.25,506.67498779296875,506.76251220703125,9826684
2018-05-16,464.40380859375,505.8374938964844,512.25,504.2875061035156,507.63751220703125,6841604
2018-05-17,465.4137268066406,506.9375,511.11248779296875,503.125,505.9624938964844,6615476
2018-05-18,461.833251953125,503.0375061035156,506.17498779296875,500.875,506.17498779296875,5217460
2018-05-21,457.44940185546875,498.26251220703125,505.25,496.51251220703125,504.0249938964844,4848108
2018-05-22,456.7263488769531,497.4750061035156,503.48748779296875,496.375,499.67498779296875,3960372
2018-05-23,451.58502197265625,491.875,498.5,490.8500061035156,496.95001220703125,5726292
2018-05-24,455.83123779296875,496.5,497.5625,489.0874938964844,491.7749938964844,4520744
2018-05-25,461.0413818359375,502.17498779296875,504.0,497.4750061035156,497.5,4759588
2018-05-28,468.7303466796875,510.54998779296875,513.0,501.5,501.95001220703125,5103940
2018-05-29,466.52691650390625,508.1499938964844,513.1749877929688,507.20001220703125,509.5,3351244
2018-05-30,470.1419372558594,512.0875244140625,513.25,504.07501220703125,504.92498779296875,4866996
2018-05-31,494.18780517578125,534.8624877929688,540.0,520.0,525.0,39639192
2018-06-01,487.52374267578125,527.6500244140625,534.5,525.25,529.0,21151356
2018-06-04,472.6481018066406,511.54998779296875,539.25,509.48748779296875,537.5,88796324
2018-06-05,476.66741943359375,515.9000244140625,516.7374877929688,505.75,512.5,17105460
2018-06-06,475.2236633300781,514.3375244140625,516.2000122070312,511.25,515.0499877929688,9782000
2018-06-07,476.34393310546875,515.5499877929688,519.9500122070312,513.2999877929688,518.2999877929688,10563896
2018-06-08,473.3757629394531,512.3375244140625,515.3125,508.75,514.75,6180888
2018-06-11,471.7472839355469,510.57501220703125,515.7374877929688,509.70001220703125,512.9749755859375,7091188
2018-06-12,472.10528564453125,510.9624938964844,513.1749877929688,509.6000061035156,512.9749755859375,5234256
2018-06-13,469.2410583496094,507.86248779296875,513.7000122070312,506.0249938964844,513.0,7897960
2018-06-14,470.6154479980469,509.3500061035156,511.25,506.25,507.5,16927576
2018-06-15,468.813720703125,507.3999938964844,509.7250061035156,505.57501220703125,506.5,10880816
2018-06-18,466.3999328613281,504.7875061035156,509.70001220703125,502.2749938964844,507.5249938964844,7487404
2018-06-19,467.4047546386719,505.875,510.17498779296875,504.82501220703125,506.23748779296875,10981152
2018-06-20,474.94647216796875,514.0374755859375,514.5,506.25,506.5,9051712
2018-06-21,475.2814636230469,514.4000244140625,517.7000122070312,511.76251220703125,515.0,13510704
2018-06-22,481.22943115234375,520.8375244140625,522.2000122070312,512.4625244140625,514.2374877929688,7848980
2018-06-25,483.9087829589844,523.7374877929688,524.4500122070312,518.2625122070312,520.7625122070312,6992336
2018-06-26,483.62005615234375,523.4249877929688,525.75,519.9625244140625,521.5125122070312,9161932
2018-06-27,487.9858093261719,528.1500244140625,529.875,522.5,523.25,19126804
2018-06-28,492.2012939453125,532.7125244140625,535.0,527.7999877929688,528.75,37533540
2018-06-29,487.0271911621094,527.1124877929688,535.0,526.2750244140625,530.4249877929688,19458120
2018-07-02,478.8963928222656,518.3125,527.0999755859375,515.8125,527.0875244140625,9864876
2018-07-03,478.1919250488281,517.5499877929688,521.25,516.4000244140625,518.3125,6863100
2018-07-04,485.8952941894531,525.8875122070312,527.0125122070312,517.25,519.0625,6097992
2018-07-05,490.5613098144531,530.9375,532.25,523.1375122070312,526.25,9735968
2018-07-06,488.57476806640625,528.7874755859375,533.8875122070312,527.8375244140625,528.3250122070312,8121344
2018-07-09,491.0001525878906,531.4124755859375,532.5,526.9375,530.4625244140625,6182296
2018-07-10,495.7931213378906,536.5999755859375,537.4000244140625,531.25,532.4749755859375,10950736
2018-07-11,496.2205810546875,537.0625,538.9249877929688,533.7000122070312,536.2625122070312,5857920
2018-07-12,500.30902099609375,541.4874877929688,544.9625244140625,538.0,538.2249755859375,8020668
2018-07-13,503.7622375488281,545.2249755859375,547.7000122070312,540.7750244140625,542.0999755859375,7161188
2018-07-16,500.97882080078125,542.2125244140625,547.5125122070312,540.9375,544.8499755859375,9017336
2018-07-17,502.8036804199219,544.1875,545.25,540.8125,540.8125,6361924
2018-07-18,502.676513671875,544.0499877929688,555.0,543.4124755859375,546.75,17460272
2018-07-19,504.96337890625,546.5250244140625,548.375,542.75,545.75,5304776
2018-07-20,505.64483642578125,547.2625122070312,550.7125244140625,542.7750244140625,546.5250244140625,10006964
2018-07-23,498.114501953125,539.1124877929688,544.5,534.5125122070312,537.5,16880132
2018-07-24,498.8768615722656,539.9375,542.25,536.75,536.75,5208792
2018-07-25,501.32537841796875,542.5875244140625,544.2000122070312,540.0,541.1624755859375,7038616
2018-07-26,506.4648742675781,548.1500244140625,550.8624877929688,541.25,541.25,21281092
2018-07-27,508.6707763671875,550.5374755859375,552.9874877929688,546.1749877929688,550.4874877929688,10554596
2018-07-30,501.22137451171875,542.4749755859375,549.75,539.8499755859375,549.75,7169120
2018-07-31,503.4388122558594,544.875,546.4749755859375,537.5125122070312,540.0,8860944
2018-08-01,498.6343078613281,539.6749877929688,543.75,537.9249877929688,540.7000122070312,6071560
2018-08-02,492.0511779785156,532.5499877929688,538.4249877929688,530.3375244140625,538.375,8905704
2018-08-03,490.076171875,530.4124755859375,536.7625122070312,528.5,533.3875122070312,13604008
2018-08-06,488.37841796875,528.5750122070312,534.3499755859375,526.5250244140625,530.25,5744632
2018-08-07,492.2128601074219,532.7249755859375,533.625,527.0,531.25,7428456
2018-08-08,493.4717102050781,534.0875244140625,537.9500122070312,533.2625122070312,533.9625244140625,9945380
2018-08-09,489.3486328125,529.625,535.5,523.6624755859375,535.5,8944408
2018-08-10,488.4130859375,528.6124877929688,530.9500122070312,524.5,530.875,5442940
2018-08-13,483.1465148925781,522.9124755859375,525.9874877929688,520.0,521.0,10054252
2018-08-14,482.55755615234375,522.2750244140625,526.25,521.7999877929688,524.5,4935964
2018-08-16,479.46234130859375,518.9249877929688,521.6749877929688,516.5999755859375,520.75,10625160
2018-08-17,479.84344482421875,519.3375244140625,523.2625122070312,517.9124755859375,520.7249755859375,6065328
2018-08-20,484.197509765625,524.0499877929688,526.9000244140625,518.75,518.75,7811136
2018-08-21,484.162841796875,524.0125122070312,528.0,523.1624755859375,524.5,7776320
2018-08-23,480.4324645996094,519.9749755859375,526.75,519.2125244140625,526.25,12574552
2018-08-24,478.11102294921875,517.4625244140625,523.4000244140625,516.5125122070312,517.75,9714628
2018-08-27,480.5594177246094,520.1124877929688,522.125,517.5625,519.25,12574788
2018-08-28,483.8857421875,523.7125244140625,524.5625,519.7000122070312,522.0,9973532
2018-08-29,480.1091003417969,519.625,523.5125122070312,518.1875,523.0374755859375,9873692
2018-08-30,477.2448425292969,516.5250244140625,521.9749755859375,515.4625244140625,520.9000244140625,21827460
2018-08-31,476.1129455566406,515.2999877929688,519.6875,514.5625,517.2999877929688,15771500
2018-09-03,479.3121337890625,518.7625122070312,519.7374877929688,515.875,517.3499755859375,7661608
2018-09-04,473.9416809082031,512.9500122070312,519.4874877929688,512.25,519.2249755859375,7130536
2018-09-05,472.5672912597656,511.4624938964844,515.0499877929688,508.88751220703125,513.4500122070312,5641508
2018-09-06,474.0340576171875,513.0499877929688,514.75,508.1499938964844,512.25,10402412
2018-09-07,475.1312561035156,514.2374877929688,515.0,510.1875,512.75,5919300
2018-09-10,471.4817199707031,510.2875061035156,513.75,506.2749938964844,513.75,8598592
2018-09-11,462.06890869140625,500.1000061035156,512.0,498.5375061035156,511.57501220703125,18186536
2018-09-12,464.71368408203125,502.9624938964844,505.3374938964844,497.38751220703125,500.4750061035156,12246008
2018-09-14,468.813720703125,507.3999938964844,509.3500061035156,504.73748779296875,504.9624938964844,10334672
2018-09-17,460.17474365234375,498.04998779296875,505.73748779296875,497.0,505.32501220703125,9338220
2018-09-18,459.4818420410156,497.29998779296875,502.4624938964844,495.23748779296875,498.7250061035156,9325736
2018-09-19,453.0487365722656,490.3374938964844,499.5,489.125,498.7124938964844,16712264
2018-09-21,455.1045837402344,492.5625,499.9624938964844,477.54998779296875,493.4750061035156,22610148
2018-09-24,444.8140869140625,481.42498779296875,493.04998779296875,478.75,491.8125,13390792
2018-09-25,450.9814453125,488.1000061035156,490.5,478.75,481.42498779296875,16682552
2018-09-26,454.6310729980469,492.04998779296875,494.5,488.82501220703125,490.73748779296875,14726724
2018-09-27,456.4674072265625,494.0375061035156,496.5,488.7875061035156,492.3500061035156,18352208
2018-09-28,463.37396240234375,501.51251220703125,503.86248779296875,494.2875061035156,495.1625061035156,14460716
2018-10-01,470.1650085449219,508.86248779296875,510.5,499.45001220703125,502.45001220703125,12449588
2018-10-03,469.1717834472656,507.7875061035156,513.0499877929688,501.75,507.61248779296875,15332148
2018-10-04,452.2172546386719,489.4375,504.45001220703125,485.75,502.0,17970584
2018-10-05,453.9612121582031,491.32501220703125,497.5,485.0375061035156,488.48748779296875,15729180
2018-10-08,449.2721252441406,486.25,492.25,482.5,491.25,20128020
2018-10-09,448.25579833984375,485.1499938964844,491.25,482.5,486.1000061035156,12459364
2018-10-10,454.3885192871094,491.7875061035156,495.5625,483.875,486.25,15939932
2018-10-11,447.55126953125,484.38751220703125,487.07501220703125,479.3999938964844,481.25,14359904
2018-10-12,457.7840270996094,495.4624938964844,499.2749938964844,485.5,486.25,9600320
2018-10-15,463.83599853515625,502.01251220703125,502.70001220703125,492.57501220703125,497.5,12585968
2018-10-16,460.3018493652344,498.1875,504.54998779296875,496.875,500.75,9406004
2018-10-17,456.1093444824219,493.6499938964844,503.25,490.875,501.5249938964844,7940796
2018-10-19,454.5271301269531,491.9375,495.2124938964844,489.5,489.7250061035156,9867348
2018-10-22,461.7224426269531,499.7250061035156,505.0,497.1499938964844,503.5,20331160
2018-10-23,458.4770202636719,496.2124938964844,499.7250061035156,493.25,493.25,19428564
2018-10-24,460.186279296875,498.0625,502.20001220703125,493.1499938964844,501.0,18072336
2018-10-25,454.7696533203125,492.20001220703125,500.8999938964844,490.61248779296875,493.3999938964844,29847056
2018-10-26,453.0141296386719,490.29998779296875,494.29998779296875,487.25,492.20001220703125,15155712
2018-10-29,444.9527282714844,481.57501220703125,491.23748779296875,473.79998779296875,491.0249938964844,17044280
2018-10-30,441.8227844238281,478.1875,483.0,474.82501220703125,481.25,13828704
2018-10-31,441.5918273925781,477.9375,479.4750061035156,471.25,475.51251220703125,23449404
2018-11-01,441.69573974609375,478.04998779296875,482.5,474.0,482.5,19629052
2018-11-02,450.3000183105469,487.36248779296875,490.0,478.0,481.5,30092868
2018-11-05,451.8130187988281,489.0,489.9125061035156,484.5,487.4750061035156,5705296
2018-11-06,449.63018798828125,486.63751220703125,494.0,485.73748779296875,488.75,8485588
2018-11-07,452.2633972167969,489.48748779296875,491.23748779296875,487.5,490.25,958760
2018-11-09,449.3645324707031,486.3500061035156,489.9750061035156,484.07501220703125,489.54998779296875,10101620
2018-11-12,443.7399597167969,480.26251220703125,490.5,479.2875061035156,487.875,7907764
2018-11-13,445.28759765625,481.9375,484.42498779296875,477.04998779296875,479.75,13350420
2018-11-14,452.2172546386719,489.4375,490.0,484.1499938964844,484.63751220703125,26110636
2018-11-15,456.2364501953125,493.7875061035156,494.32501220703125,482.79998779296875,490.4750061035156,10392524
2018-11-16,462.9697265625,501.07501220703125,503.25,495.0,495.25,15813216
2018-11-19,465.18719482421875,503.4750061035156,505.25,500.4750061035156,502.75,12286428
2018-11-20,464.852294921875,503.11248779296875,504.8999938964844,499.76251220703125,503.25,5705168
2018-11-21,466.3074951171875,504.6875,505.98748779296875,501.0,503.1875,6545604
2018-11-22,463.24688720703125,501.375,508.75,500.0375061035156,503.3125,12974552
2018-11-26,473.4797058105469,512.4500122070312,513.0,503.01251220703125,503.4750061035156,18184436
2018-11-27,476.75970458984375,516.0,516.9749755859375,510.1875,510.26251220703125,12895440
2018-11-28,482.5921936035156,522.3125,524.6500244140625,515.0250244140625,516.25,13021108
2018-11-29,492.2474670410156,532.7625122070312,534.3499755859375,523.5,525.25,31908636
2018-11-30,491.64691162109375,532.1124877929688,534.3875122070312,527.5,532.5,13040924
2018-12-03,488.14752197265625,528.3250122070312,535.5,526.7249755859375,532.75,10799856
2018-12-04,481.737548828125,521.3875122070312,527.75,519.6500244140625,526.3499755859375,8157420
2018-12-05,484.8905334472656,524.7999877929688,526.3250122070312,518.9874877929688,519.5,11798844
2018-12-06,484.3939208984375,524.2625122070312,525.4124755859375,521.25,522.4249877929688,11730252
2018-12-07,486.8308410644531,526.9000244140625,529.5,520.0750122070312,526.6749877929688,9903920
2018-12-10,482.4766845703125,522.1875,526.2000122070312,516.4749755859375,516.4749755859375,10915056
2018-12-11,475.7318420410156,514.8875122070312,517.8250122070312,508.0,514.0,18905780
2018-12-12,481.6797180175781,521.3250122070312,522.4500122070312,515.0250244140625,516.7374877929688,11370488
2018-12-13,485.3756408691406,525.3250122070312,531.25,522.8250122070312,523.75,7064236
2018-12-14,484.08209228515625,523.9249877929688,529.5,522.0125122070312,526.2249755859375,6158284
2018-12-17,492.0511779785156,532.5499877929688,533.1500244140625,524.75,526.0,8437324
2018-12-18,493.2638244628906,533.8624877929688,534.75,525.6500244140625,531.0,7413968
2018-12-19,490.49200439453125,530.8624877929688,539.8499755859375,528.3875122070312,533.2750244140625,9009896
2018-12-20,493.725830078125,534.3624877929688,535.1124877929688,525.6624755859375,528.1375122070312,7980476
2018-12-21,487.6508483886719,527.7874755859375,537.2750244140625,527.2625122070312,533.5,10220308
2018-12-24,480.6056823730469,520.1624755859375,526.0,519.3375244140625,526.0,5601488
2018-12-26,490.2379150390625,530.5875244140625,531.75,517.25,519.25,7601916
2018-12-27,486.2418212890625,526.2625122070312,534.5499877929688,524.6124877929688,533.25,11639868
2018-12-28,490.3648681640625,530.7249755859375,534.4375,528.875,529.3375244140625,9415612
2018-12-31,490.0877990722656,530.4249877929688,534.25,529.1749877929688,534.25,5866528
2019-01-01,496.1858825683594,537.0250244140625,537.75,526.4000244140625,531.9124755859375,6373440
2019-01-02,491.658447265625,532.125,536.875,529.9249877929688,535.7000122070312,8134232
2019-01-03,487.80096435546875,527.9500122070312,532.0625,525.75,531.0499877929688,12771664
2019-01-04,489.1060791015625,529.3624877929688,532.125,527.5875244140625,528.8125,7287120
2019-01-07,489.8451843261719,530.1624755859375,533.8375244140625,529.5,531.9249877929688,5387012
2019-01-08,485.76824951171875,525.75,530.875,524.1624755859375,530.5,8343460
2019-01-09,488.9559326171875,529.2000122070312,530.3375244140625,525.6500244140625,529.5,8568628
2019-01-10,487.0387268066406,527.125,530.9500122070312,523.1624755859375,529.25,7691540
2019-01-11,487.8240051269531,527.9749755859375,531.0,527.0,528.4500122070312,6408040
2019-01-14,485.4564514160156,525.4124755859375,527.4749755859375,524.6124877929688,527.4749755859375,4855160
2019-01-15,490.1339111328125,530.4749755859375,531.625,525.5,526.2625122070312,5087556
2019-01-16,489.7413024902344,530.0499877929688,531.25,527.0625,530.0125122070312,5252452
2019-01-17,492.5362548828125,533.0750122070312,533.9749755859375,528.3375244140625,531.3125,8240228
2019-01-18,492.06268310546875,532.5625,534.75,528.6375122070312,533.75,5207976
2019-01-21,496.1973876953125,537.0374755859375,541.625,531.625,534.9874877929688,17561512
2019-01-22,493.35614013671875,533.9625244140625,536.7000122070312,532.2625122070312,536.5,8796976
2019-01-23,486.3226318359375,526.3499755859375,533.9625244140625,525.3624877929688,533.5,7624288
2019-01-24,485.5950622558594,525.5625,530.4124755859375,524.4749755859375,527.5,10111572
2019-01-25,484.1513977050781,524.0,527.5,522.5,523.25,11262236
2019-01-28,481.4141540527344,521.0374755859375,525.5125122070312,519.1875,522.5,15360436
2019-01-29,475.2814636230469,514.4000244140625,520.75,513.25,519.5625,14762788
2019-01-30,469.99176025390625,508.67498779296875,514.3125,507.0,514.3125,18514160
2019-01-31,480.4439697265625,519.9874877929688,522.4375,505.5,507.75,16579404
2019-02-01,482.86932373046875,522.6124877929688,529.25,519.1500244140625,519.9874877929688,15654188
2019-02-04,486.2071533203125,526.2249755859375,528.25,520.6624755859375,523.75,7938288
2019-02-05,488.3207092285156,528.5125122070312,529.75,524.25,527.0,8690288
2019-02-06,490.3071594238281,530.6624755859375,531.75,528.4000244140625,529.0625,10875684
2019-02-07,489.0599060058594,529.3125,532.5,526.4625244140625,531.2625122070312,7217308
2019-02-08,490.3071594238281,530.6624755859375,536.2374877929688,526.6624755859375,528.0,12235644
2019-02-11,494.23394775390625,534.9124755859375,535.7249755859375,528.3250122070312,528.3250122070312,7036364
2019-02-12,491.9356384277344,532.4249877929688,537.0,531.2000122070312,534.5,9772388
2019-02-14,487.431396484375,527.5499877929688,535.0,526.4000244140625,535.0,7441388
2019-02-15,485.2254638671875,525.1624755859375,527.0250244140625,519.5499877929688,526.8375244140625,8416524
2019-02-18,482.7422790527344,522.4749755859375,529.5,521.5,526.7000122070312,7138744
2019-02-19,481.3910827636719,521.0125122070312,527.0374755859375,519.5499877929688,522.4249877929688,5268636
2019-02-20,487.00408935546875,527.0875244140625,527.75,520.4749755859375,522.125,4892500
2019-02-21,488.748046875,528.9749755859375,529.9874877929688,523.4000244140625,525.4249877929688,5261544
2019-02-22,483.1003723144531,522.8624877929688,532.0250244140625,522.2750244140625,529.8499755859375,8890708
2019-02-25,490.9424133300781,531.3499755859375,532.4874877929688,523.7874755859375,523.7874755859375,8140596
2019-02-26,487.5353698730469,527.6624755859375,531.25,525.2750244140625,527.8125,9607428
2019-02-27,483.2851257324219,523.0625,531.1124877929688,522.0374755859375,529.0250244140625,7030092
2019-02-28,479.8896179199219,519.3875122070312,526.4625244140625,518.2999877929688,523.2750244140625,11645376
2019-03-01,481.22943115234375,520.8375244140625,525.2249755859375,519.25,521.5625,9352928
2019-03-05,486.71539306640625,526.7750244140625,527.7750244140625,517.5,522.2249755859375,11837276
2019-03-06,486.0570373535156,526.0625,527.5750122070312,522.6375122070312,527.5,8458044
2019-03-07,491.1965026855469,531.625,532.5,523.75,527.4000244140625,10204852
2019-03-08,491.5892028808594,532.0499877929688,532.5,527.3624877929688,528.7625122070312,7053460
2019-03-11,491.64691162109375,532.1124877929688,535.9249877929688,530.5499877929688,533.0,9224108
2019-03-12,501.4754638671875,542.75,543.75,534.25,536.75,15097292
2019-03-13,514.3069458007812,556.6375122070312,558.5,543.0250244140625,543.75,57166348
2019-03-14,513.89111328125,556.1875,561.875,552.6500244140625,561.2125244140625,15379864
2019-03-15,520.4165649414062,563.25,564.9749755859375,557.0125122070312,557.75,12763088
2019-03-18,522.3682861328125,565.3624877929688,572.9124755859375,561.75,565.4749755859375,14358720
2019-03-19,523.8236694335938,566.9375,568.9749755859375,562.75,567.375,11957992
2019-03-20,531.0420532226562,574.75,575.0,565.2625122070312,567.25,11711992
2019-03-22,525.7638549804688,569.0374755859375,576.75,567.7000122070312,575.0,30403880
2019-03-25,526.9534912109375,570.3250122070312,571.9625244140625,563.25,565.0,9199260
2019-03-26,533.8946533203125,577.8375244140625,578.75,568.1500244140625,568.9749755859375,11786848
2019-03-27,531.1458740234375,574.8624877929688,582.0125122070312,569.7625122070312,579.6375122070312,13885300
2019-03-28,531.9197387695312,575.7000122070312,581.25,571.9625244140625,574.7000122070312,19554328
2019-04-01,533.9986572265625,577.9500122070312,583.0,576.1500244140625,581.3125,9647076
2019-04-02,530.08349609375,573.7125244140625,580.0,571.3624877929688,580.0,10910496
2019-04-03,529.5983276367188,573.1875,579.0,572.0625,573.0250244140625,7659452
2019-04-04,527.5656127929688,570.9874877929688,578.25,570.0,573.1875,9211552
2019-04-05,532.5665893554688,576.4000244140625,578.4375,570.5,571.9500122070312,8351180
2019-04-08,528.824462890625,572.3499755859375,580.7374877929688,570.0250244140625,579.75,6398132
2019-04-09,528.3277587890625,571.8125,575.75,566.75,574.1500244140625,10777600
2019-04-10,516.8015747070312,559.3375244140625,571.0,557.75,562.5,108128700
2019-04-11,521.4559326171875,564.375,565.75,559.2374877929688,561.2249755859375,8793300
2019-04-12,523.2462158203125,566.3125,568.0499877929688,563.0250244140625,563.0250244140625,9170444
2019-04-15,528.6859130859375,572.2000122070312,573.2249755859375,566.0875244140625,567.5,10219780
2019-04-16,532.4395141601562,576.2625122070312,577.4749755859375,570.0750122070312,572.7374877929688,8273776
2019-04-18,529.8062133789062,573.4124755859375,578.7625122070312,572.0,578.25,10614856
2019-04-22,524.0430908203125,567.1749877929688,581.25,565.25,581.25,20980420
2019-04-23,518.637939453125,561.3250122070312,572.5,560.4000244140625,569.3875122070312,15282400
2019-04-24,526.595458984375,569.9375,570.9749755859375,561.7625122070312,562.5,12354128
2019-04-25,522.830322265625,565.8624877929688,574.7000122070312,564.4874877929688,571.7249755859375,18086636
2019-04-26,526.8727416992188,570.2374877929688,571.25,564.2249755859375,566.4749755859375,11707568
2019-04-30,535.3037109375,579.3624877929688,580.0,569.5999755859375,571.25,12536836
2019-05-02,544.1620483398438,588.9500122070312,589.9124755859375,579.375,580.875,17169300
2019-05-03,546.9686279296875,591.9874877929688,594.5,589.125,591.0499877929688,12351520
2019-05-06,537.8445434570312,582.1124877929688,587.9749755859375,579.2625122070312,587.0,13748092
2019-05-07,536.4356079101562,580.5875244140625,589.5,579.5,587.9749755859375,9924204
2019-05-08,532.9476318359375,576.8125,580.9500122070312,572.0,580.6375122070312,12064208
2019-05-09,529.1708984375,572.7249755859375,575.0,567.9000244140625,575.0,9027724
2019-05-10,530.4644775390625,574.125,581.2249755859375,572.8375244140625,572.8375244140625,10594200
2019-05-13,528.3163452148438,571.7999877929688,578.3375244140625,570.0,574.0125122070312,11071632
2019-05-14,528.47802734375,571.9749755859375,577.75,568.8875122070312,574.1749877929688,10494744
2019-05-15,528.2007446289062,571.6749877929688,576.7999877929688,570.5499877929688,574.0,8956348
2019-05-16,533.73291015625,577.6624755859375,579.75,570.0,570.1375122070312,8050136
2019-05-17,545.617431640625,590.5250244140625,592.3250122070312,577.9000244140625,578.25,14758780
2019-05-20,561.8442993164062,608.0875244140625,609.6749877929688,595.0,602.0,17699632
2019-05-21,555.2263793945312,600.9249877929688,612.3499755859375,599.8624877929688,609.5,10325176
2019-05-22,555.7000122070312,601.4375,606.5,598.5625,602.9625244140625,11386660
2019-05-23,538.687744140625,583.0250244140625,609.9749755859375,579.7750244140625,602.25,33081996
2019-05-24,548.2160034179688,593.3375244140625,596.5374755859375,585.0374755859375,589.9249877929688,13692800
2019-05-27,556.3005981445312,602.0875244140625,605.4749755859375,593.0625,594.7249755859375,12049024
2019-05-28,558.1138305664062,604.0499877929688,605.0,596.7625122070312,604.125,7364840
2019-05-29,558.2755126953125,604.2249755859375,607.7000122070312,602.5499877929688,602.5499877929688,7475216
2019-05-30,563.5073852539062,609.8875122070312,611.9749755859375,603.2625122070312,604.0,9359200
2019-05-31,560.2273559570312,606.3375244140625,616.25,589.2000122070312,614.2000122070312,19785080
2019-06-03,567.561279296875,614.2750244140625,614.9500122070312,606.2374877929688,606.75,8480860
2019-06-04,566.4525146484375,613.0750122070312,616.4375,610.2625122070312,613.75,6442988
2019-06-06,559.7654418945312,605.8375244140625,617.5,603.3375244140625,613.2999877929688,15634924
2019-06-07,565.3782958984375,611.9124755859375,613.5625,602.25,606.4124755859375,7970932
2019-06-10,563.657470703125,610.0499877929688,617.4874877929688,608.0250244140625,617.4874877929688,7077140
2019-06-11,565.5515747070312,612.0999755859375,614.9749755859375,610.0875244140625,612.875,7103292
2019-06-12,560.6199951171875,606.7625122070312,612.0999755859375,605.9124755859375,611.25,7308620
2019-06-13,564.6969604492188,611.1749877929688,613.0,603.9874877929688,608.9874877929688,11107948
2019-06-14,562.4794921875,608.7750244140625,614.7374877929688,606.25,610.7374877929688,11956920
2019-06-17,559.4535522460938,605.5,609.9749755859375,604.3250122070312,608.75,12810020
2019-06-18,558.3563232421875,604.3125,608.0,601.0,604.5,12419652
2019-06-19,560.92041015625,607.0875244140625,611.2249755859375,604.1749877929688,606.75,10744276
2019-06-20,563.9418334960938,606.5875244140625,609.25,603.6500244140625,607.0875244140625,11171492
2019-06-21,561.1178588867188,603.5499877929688,607.4249877929688,601.4124755859375,606.5,13250260
2019-06-24,561.9894409179688,604.4874877929688,607.6500244140625,602.5,602.9874877929688,6915000
2019-06-25,564.4879150390625,607.1749877929688,610.375,600.75,604.9625244140625,8899800
2019-06-26,573.5989990234375,616.9749755859375,617.5,605.5,606.1749877929688,10533636
2019-06-27,572.29736328125,615.5750122070312,623.625,614.0374755859375,617.1875,19879236
2019-06-28,567.9860229492188,610.9375,618.75,609.2625122070312,616.0,12756844
2019-07-01,577.7013549804688,621.3875122070312,622.25,612.5125122070312,614.0,8524160
2019-07-02,579.897705078125,623.75,624.375,616.7999877929688,622.0,7246828
2019-07-03,578.6541748046875,622.4124755859375,625.8250122070312,620.75,624.75,7463256
2019-07-04,577.2945556640625,620.9500122070312,624.4749755859375,618.0,623.7000122070312,7993964
2019-07-05,574.6449584960938,618.0999755859375,623.7374877929688,615.0,621.2750244140625,7583060
2019-07-08,560.0487060546875,602.4000244140625,618.6500244140625,599.2625122070312,618.6375122070312,14607140
2019-07-09,552.971435546875,594.7874755859375,602.7000122070312,593.25,600.9625244140625,16482688
2019-07-10,555.20263671875,597.1875,599.5,591.5625,594.6875,11569148
2019-07-11,559.479248046875,601.7874755859375,603.5,598.9124755859375,600.75,9097596
2019-07-12,556.399658203125,598.4749755859375,604.5,596.2625122070312,604.5,8976272
2019-07-15,556.5972290039062,598.6875,600.75,594.3375244140625,599.0,8233184
2019-07-16,555.7721557617188,597.7999877929688,604.5,595.5,604.5,12770568
2019-07-17,557.2247314453125,599.3624877929688,602.9000244140625,597.8250122070312,598.2374877929688,7759736
2019-07-18,560.583251953125,602.9749755859375,607.25,600.4749755859375,600.75,10802584
2019-07-19,552.1578979492188,593.9124755859375,605.1749877929688,591.75,603.75,8939228
2019-07-22,533.9358520507812,574.3125,587.4625244140625,570.3125,586.25,22171296
2019-07-23,526.0916137695312,565.875,573.625,560.5125122070312,573.625,27802864
2019-07-24,530.1357421875,570.2249755859375,573.25,562.75,564.1875,17363740
2019-07-25,531.3327026367188,571.5125122070312,578.8624877929688,570.0625,571.25,19462008
2019-07-26,529.299072265625,569.3250122070312,573.4124755859375,568.2125244140625,569.5499877929688,12829828
2019-07-29,521.6289672851562,561.0750122070312,568.3875122070312,555.7625122070312,568.3875122070312,9976492
2019-07-30,523.4768676757812,563.0625,567.7999877929688,559.9749755859375,563.75,10394136
2019-07-31,523.3373413085938,562.9124755859375,566.75,558.5625,560.0,13891840
2019-08-01,517.548828125,555.4500122070312,560.0,549.25,557.2750244140625,18241676
2019-08-02,515.8132934570312,553.5875244140625,556.0,545.5,552.75,27825536
2019-08-05,507.6370849609375,544.8125,550.0,540.625,549.2625122070312,19822440
2019-08-06,509.931640625,547.2750244140625,552.5625,541.75,541.75,24890940
2019-08-07,508.74359130859375,546.0,550.5,541.25,547.5,18750136
2019-08-08,520.1925659179688,558.2874755859375,560.75,545.75,549.5,19711600
2019-08-09,531.57177734375,570.5,572.25,559.9500122070312,561.75,30436112
2019-08-13,517.2109985351562,555.0875244140625,568.3250122070312,550.6500244140625,568.3250122070312,15440068
2019-08-14,519.3306884765625,557.3624877929688,558.8499755859375,550.7625122070312,558.8499755859375,14254052
2019-08-16,518.923095703125,556.9249877929688,558.25,551.0250244140625,553.5,15247560
2019-08-19,514.06640625,551.7125244140625,560.5,550.4249877929688,559.625,8498200
2019-08-20,517.2692260742188,555.1500244140625,556.9500122070312,551.7125244140625,552.3125,10270592
2019-08-21,518.4921875,556.4625244140625,560.2999877929688,553.5499877929688,556.2249755859375,10472712
2019-08-22,506.4374694824219,543.5250244140625,555.2125244140625,541.7625122070312,555.2125244140625,13992044
2019-08-23,503.7818908691406,540.6749877929688,544.25,534.9000244140625,540.25,20099616
2019-08-26,525.5502319335938,564.0374755859375,566.5374755859375,541.75,548.7249755859375,25280244
2019-08-27,526.4354248046875,564.9874877929688,568.2249755859375,560.0250244140625,564.0,20660832
2019-08-28,523.5353393554688,561.875,564.3375244140625,556.5875244140625,562.5,13662588
2019-08-29,518.7484130859375,556.7374877929688,563.4249877929688,555.0750122070312,561.5,14783716
2019-08-30,518.9813842773438,556.9874877929688,565.0,555.5,558.375,19233320
2019-09-03,515.0213012695312,552.7374877929688,555.25,549.0374755859375,555.0,11428676
2019-09-04,523.5935668945312,561.9375,568.5,549.75,551.75,15060704
2019-09-05,520.6585083007812,558.7874755859375,568.0999755859375,556.25,562.25,17296252
2019-09-06,523.1625366210938,561.4749755859375,564.1500244140625,555.3250122070312,557.0,12870004
2019-09-09,524.0245361328125,562.4000244140625,565.2249755859375,554.0250244140625,561.5,10643404
2019-09-11,524.4204711914062,562.8250122070312,568.5,560.2874755859375,568.5,15209116
2019-09-12,528.9744873046875,567.7125244140625,572.2000122070312,562.0374755859375,562.6749877929688,18132300
2019-09-13,525.85302734375,564.3624877929688,566.8624877929688,559.5,562.75,15371340
2019-09-16,522.7549438476562,561.0374755859375,565.6624755859375,560.25,562.9749755859375,11030184
2019-09-17,515.114501953125,552.8375244140625,562.125,549.5250244140625,561.9749755859375,10656556
2019-09-18,509.6170654296875,546.9375,556.0374755859375,545.0,554.3250122070312,12959884
2019-09-19,512.9598388671875,550.5250244140625,553.5250244140625,542.0,549.9500122070312,10623310
2019-09-20,558.8724365234375,599.7999877929688,604.9500122070312,552.7000122070312,554.0,46150034
2019-09-23,585.7306518554688,628.625,641.3499755859375,614.5,629.7750244140625,41920410
2019-09-24,584.1233520507812,626.9000244140625,630.9749755859375,613.7750244140625,625.0,23379048
2019-09-25,577.5543212890625,619.8499755859375,624.9500122070312,615.0499877929688,624.9500122070312,15608976
2019-09-26,578.8587646484375,621.25,637.5,618.1749877929688,619.9000244140625,30671560
2019-09-27,579.6508178710938,622.0999755859375,626.75,618.7999877929688,624.125,14873170
2019-09-30,571.8473510742188,613.7249755859375,620.0,608.25,614.4000244140625,18218458
2019-10-01,581.7939453125,624.4000244140625,627.5,610.5499877929688,615.75,18768352
2019-10-03,570.0304565429688,611.7750244140625,621.9000244140625,608.1749877929688,619.9749755859375,16298876
2019-10-04,554.26025390625,594.8499755859375,619.7999877929688,592.6500244140625,618.3250122070312,18403632
2019-10-07,552.9558715820312,593.4500122070312,609.9249877929688,590.5750122070312,600.5999755859375,22513220
2019-10-09,572.1734619140625,614.0750122070312,614.9500122070312,595.0,598.5499877929688,17427270
2019-10-10,559.3151245117188,600.2750244140625,612.9749755859375,598.5999755859375,610.9000244140625,11556858
2019-10-11,558.4998168945312,599.4000244140625,612.0,594.4749755859375,606.7000122070312,17186318
2019-10-14,561.1087646484375,602.2000122070312,609.9500122070312,598.7000122070312,604.5,12267802
2019-10-15,569.7975463867188,611.5250244140625,612.5,603.4249877929688,603.5,8400374
2019-10-16,568.888916015625,610.5499877929688,617.5,605.0499877929688,615.8250122070312,10586816
2019-10-17,568.3765258789062,610.0,614.9249877929688,606.5499877929688,613.75,12243614
2019-10-18,572.5695190429688,614.5,616.9249877929688,610.1749877929688,612.7249755859375,11233806
2019-10-22,577.3681030273438,619.6500244140625,628.5,616.2999877929688,628.5,20006228
2019-10-23,578.4395751953125,620.7999877929688,624.875,616.5,623.4249877929688,10190214
2019-10-24,575.8771362304688,618.0499877929688,627.0750122070312,613.1749877929688,624.0,13107494
2019-10-25,572.5695190429688,614.5,623.4249877929688,610.0,620.0,12993542
2019-10-27,576.62255859375,618.8499755859375,620.9500122070312,617.5,619.9749755859375,1750082
2019-10-29,578.8587646484375,621.25,628.6749877929688,618.8499755859375,619.0,14232568
2019-10-30,581.5842895507812,624.1749877929688,631.3499755859375,621.5,623.4500122070312,12011366
2019-10-31,573.1983032226562,615.1749877929688,631.9500122070312,613.5499877929688,628.8499755859375,13217706
2019-11-01,577.7174682617188,620.0250244140625,621.875,613.7999877929688,619.5,11512260
2019-11-04,576.2266235351562,618.4249877929688,625.0,614.5250244140625,623.2249755859375,9935176
2019-11-05,577.4612426757812,619.75,622.4000244140625,614.5250244140625,620.5,12367810
2019-11-06,585.4511108398438,628.3250122070312,629.5,614.0250244140625,621.2249755859375,12130336
2019-11-07,588.7354736328125,631.8499755859375,634.8499755859375,625.0,630.5,16963034
2019-11-08,584.9619140625,627.7999877929688,633.5,625.7249755859375,629.5,13251496
2019-11-11,589.2247924804688,632.375,634.25,625.25,626.2750244140625,14286610
2019-11-13,585.8704833984375,628.7750244140625,635.0,626.7999877929688,630.9749755859375,9293496
2019-11-14,593.4876098632812,636.9500122070312,638.5,628.5999755859375,631.9000244140625,11055218
2019-11-15,595.3510131835938,638.9500122070312,642.5,635.5499877929688,641.9249877929688,9279012
2019-11-18,587.9669189453125,631.0250244140625,639.7249755859375,629.3499755859375,638.5,9130292
2019-11-19,592.5558471679688,635.9500122070312,637.5,630.5499877929688,632.6500244140625,10570578
2019-11-20,593.2313232421875,636.6749877929688,641.4749755859375,633.5,636.5,11054258
2019-11-21,597.89013671875,641.6749877929688,643.5,634.1749877929688,635.125,12019526
2019-11-22,589.2247924804688,632.375,641.8250122070312,631.0,641.8250122070312,7688010
2019-11-25,592.18310546875,635.5499877929688,639.75,632.0750122070312,632.0750122070312,7893556
2019-11-26,594.0233764648438,637.5250244140625,639.875,633.4749755859375,639.2249755859375,8716002
2019-11-27,595.5839233398438,639.2000122070312,642.875,635.5999755859375,638.0,9580666
2019-11-28,589.4810180664062,632.6500244140625,641.5250244140625,631.0,640.0999755859375,12366040
2019-11-29,593.9767456054688,637.4749755859375,639.9500122070312,626.0,633.8499755859375,15567626
2019-12-02,589.6906127929688,632.875,636.9749755859375,629.2999877929688,636.9749755859375,8946204
2019-12-03,584.8687133789062,627.7000122070312,634.5,626.9000244140625,634.0999755859375,6991906
2019-12-04,583.1217041015625,625.8250122070312,628.4500122070312,617.0999755859375,626.25,11395614
2019-12-05,580.3030395507812,622.7999877929688,629.375,620.375,627.7999877929688,12772494
2019-12-06,580.5127563476562,623.0250244140625,630.0,619.0999755859375,624.4749755859375,13774650
2019-12-09,579.0684814453125,621.4749755859375,624.9249877929688,618.7750244140625,624.75,8265350
2019-12-10,582.1199340820312,624.75,626.8250122070312,622.5499877929688,625.5,9788900
2019-12-11,581.7705688476562,624.375,627.0,621.25,625.0499877929688,11054642
2019-12-12,588.6890258789062,631.7999877929688,634.7249755859375,626.5,626.5,12913148
2019-12-13,588.8053588867188,631.9249877929688,636.1749877929688,629.625,632.5,11775186
2019-12-16,585.7772216796875,628.6749877929688,635.0,624.0999755859375,634.625,11327576
2019-12-17,592.18310546875,635.5499877929688,637.4000244140625,627.6749877929688,630.0,12427354
2019-12-18,602.0831298828125,646.1749877929688,649.5,636.8250122070312,641.5,17447172
2019-12-19,600.42919921875,644.4000244140625,652.75,643.0499877929688,652.5,13018376
2019-12-20,604.1096801757812,648.3499755859375,649.7999877929688,640.0250244140625,644.375,15026044
2019-12-23,606.7652587890625,651.2000122070312,652.0,644.4000244140625,649.5,10195782
2019-12-24,600.59228515625,644.5750122070312,650.5499877929688,643.4749755859375,649.2999877929688,7179208
2019-12-26,591.88037109375,635.2249755859375,645.9249877929688,632.3250122070312,644.8499755859375,14949758
2019-12-27,594.0000610351562,637.5,639.5,635.0,636.0,7092992
2019-12-30,597.3310546875,641.0750122070312,644.375,637.0250244140625,641.0,9334190
2019-12-31,592.6489868164062,636.0499877929688,640.9749755859375,634.3250122070312,640.9749755859375,8357056
2020-01-01,595.6771240234375,639.2999877929688,640.0,635.2999877929688,638.0499877929688,3673698
2020-01-02,599.4741821289062,643.375,644.0,639.5,639.5,6137166
2020-01-03,590.9252319335938,634.2000122070312,642.5,631.7999877929688,641.0999755859375,10855550
2020-01-06,578.1367797851562,620.4749755859375,630.9000244140625,618.0,630.0,10890186
2020-01-07,587.2913208007812,630.2999877929688,635.7249755859375,626.125,629.4500122070312,14724494
2020-01-08,585.7539672851562,628.6500244140625,631.0750122070312,620.0250244140625,623.4749755859375,11332110
2020-01-09,592.3228149414062,635.7000122070312,637.9000244140625,631.5499877929688,632.5,9546316
2020-01-10,597.5872802734375,641.3499755859375,643.4500122070312,637.5499877929688,642.0499877929688,9214580
2020-01-13,599.124755859375,643.0,648.25,638.0,641.3499755859375,7451568
2020-01-14,600.7553100585938,644.75,646.2750244140625,638.75,644.5,7886290
2020-01-15,598.3095092773438,642.125,643.9749755859375,637.0499877929688,643.2000122070312,11787448
2020-01-16,599.8934326171875,643.8250122070312,645.5,639.6749877929688,641.0250244140625,7150400
2020-01-17,595.4675903320312,639.0750122070312,642.4500122070312,635.9500122070312,640.875,16918814
2020-01-20,584.6358032226562,627.4500122070312,652.4249877929688,626.25,652.4249877929688,22178450
2020-01-21,579.720703125,622.1749877929688,625.0,619.2000122070312,625.0,14984804
2020-01-22,578.090087890625,620.4249877929688,627.5,617.2000122070312,624.0250244140625,18368310
2020-01-23,579.9536743164062,622.4249877929688,623.4249877929688,615.5,620.0,11508920
2020-01-24,579.81396484375,622.2750244140625,627.0,619.5499877929688,623.0,11831756
2020-01-27,565.20849609375,606.5999755859375,617.5,605.875,617.5,18888552
2020-01-28,569.8673706054688,611.5999755859375,613.9000244140625,606.625,609.4000244140625,13412158
2020-01-29,575.7606811523438,617.9249877929688,621.0,611.125,612.6500244140625,13788350
2020-01-30,571.1951293945312,613.0250244140625,619.4749755859375,608.5999755859375,619.4749755859375,12111984
2020-01-31,571.3115234375,613.1500244140625,618.9000244140625,610.125,615.7249755859375,11178268
2020-02-03,555.70458984375,596.4000244140625,598.9749755859375,588.8499755859375,598.5,13077010
2020-02-04,572.9421997070312,614.9000244140625,617.0,599.0,599.0,20897704
2020-02-05,579.860595703125,622.3250122070312,624.0,613.6500244140625,617.4500122070312,18020682
2020-02-06,577.6010131835938,619.9000244140625,624.3499755859375,618.5999755859375,622.3250122070312,11827550
2020-02-07,578.7191162109375,621.0999755859375,623.5,615.7999877929688,623.0,6815448
2020-02-10,577.8338623046875,620.1500244140625,621.4749755859375,613.0250244140625,621.4749755859375,9219834
2020-02-11,577.9736938476562,620.2999877929688,627.5,619.0250244140625,621.6500244140625,11613520
2020-02-12,581.8870239257812,624.5,626.4500122070312,622.0250244140625,622.5999755859375,6297930
2020-02-13,578.3463745117188,620.7000122070312,629.9500122070312,616.7999877929688,629.9500122070312,9112140
2020-02-14,568.07373046875,609.6749877929688,624.2000122070312,607.5,621.5999755859375,14688858
2020-02-17,567.0487060546875,608.5750122070312,616.5,607.2249755859375,612.5,10152690
2020-02-18,565.2318725585938,606.625,609.25,601.75,608.4500122070312,10529116
2020-02-19,571.7308349609375,613.5999755859375,615.0,606.9500122070312,611.25,10012268
2020-02-20,567.0254516601562,608.5499877929688,615.0,607.0499877929688,615.0,11123414
2020-02-24,563.6943969726562,604.9749755859375,607.375,600.0,604.4749755859375,16568084
2020-02-25,559.1986694335938,600.1500244140625,604.5,599.0,602.0,13886680
2020-02-26,558.70947265625,599.625,602.3499755859375,592.8250122070312,598.75,13814786
2020-02-27,558.8026733398438,599.7249755859375,601.25,590.5,597.5,20655098
2020-02-28,548.6464233398438,588.8250122070312,592.5,585.0499877929688,587.75,24313056
2020-03-02,549.5548095703125,589.7999877929688,600.5750122070312,583.0750122070312,600.0999755859375,14664898
2020-03-03,550.579833984375,590.9000244140625,592.6749877929688,584.0,587.5,22369550
2020-03-04,535.2289428710938,574.4249877929688,590.0,566.5499877929688,589.1749877929688,34288870
2020-03-05,536.3936767578125,575.6749877929688,582.5,571.375,576.5,19549708
2020-03-06,528.7299194335938,567.4500122070312,570.4500122070312,550.5,562.5,23053566
2020-03-09,515.8716430664062,553.6500244140625,559.2000122070312,532.5,555.0,34420590
2020-03-11,518.89990234375,556.9000244140625,560.0,546.0,552.5,35538240
2020-03-12,475.8056640625,510.6499938964844,540.0,501.7250061035156,537.5,59000770
2020-03-13,498.40106201171875,534.9000244140625,540.7249755859375,459.6000061035156,490.0249938964844,66342364
2020-03-16,465.6494140625,499.75,518.5,497.5,517.5,31986322
2020-03-17,454.28192138671875,487.54998779296875,505.0,477.3500061035156,504.0,42676838
2020-03-18,408.53228759765625,438.45001220703125,496.5,432.5,492.5,61181406
2020-03-19,417.2209777832031,447.7749938964844,459.9750061035156,397.5,423.5,67220048
2020-03-20,411.30426025390625,441.42498779296875,457.29998779296875,412.2749938964844,437.5,88637464
2020-03-23,359.4515380859375,385.7749938964844,419.375,382.5,397.29998779296875,50276954
2020-03-24,357.6579284667969,383.8500061035156,405.0,369.375,397.625,61057272
2020-03-25,399.14471435546875,428.375,433.7250061035156,377.625,385.2250061035156,47228042
2020-03-26,419.8066101074219,450.54998779296875,468.8500061035156,420.5,435.04998779296875,57043156
2020-03-27,421.3673095703125,452.2250061035156,494.32501220703125,436.04998779296875,472.4750061035156,55235936
2020-03-30,387.45111083984375,415.82501220703125,443.5,414.0,440.0,39268444
2020-03-31,401.5440368652344,430.95001220703125,436.79998779296875,419.0,426.8999938964844,35211092
2020-04-01,386.51934814453125,414.82501220703125,431.92498779296875,410.0,431.92498779296875,29103504
2020-04-03,379.15838623046875,406.92498779296875,422.0,405.0,421.5,34996280
2020-04-07,417.4772033691406,448.04998779296875,453.6499938964844,422.67498779296875,437.0,60412638
2020-04-08,414.12286376953125,444.45001220703125,472.5,433.04998779296875,439.9750061035156,56219352
2020-04-09,430.9644775390625,462.5249938964844,465.45001220703125,445.0,456.5,44457146
2020-04-13,417.1278076171875,447.67498779296875,473.3500061035156,443.1000061035156,467.0,34158056
2020-04-15,402.1962890625,431.6499938964844,465.25,421.5,465.25,57978752
2020-04-16,409.8600158691406,439.875,445.3500061035156,428.125,432.5,53854396
2020-04-17,424.0927429199219,455.1499938964844,460.0,443.625,457.5,55883462
2020-04-20,440.1889953613281,472.42498779296875,480.4750061035156,467.5,475.5,66232986
2020-04-21,429.3804931640625,460.82501220703125,467.0,454.0,462.5,33178006
2020-04-22,432.618408203125,464.29998779296875,466.5,453.6499938964844,459.57501220703125,38289354
2020-04-23,444.8944091796875,477.4750061035156,479.25,456.2749938964844,467.5,40901222
2020-04-24,437.0209655761719,469.0249938964844,479.20001220703125,463.0,466.5,33284568
2020-04-27,433.130859375,464.8500061035156,478.70001220703125,463.1499938964844,472.57501220703125,27421072
2020-04-28,433.9228515625,465.70001220703125,471.8999938964844,461.0,471.8999938964844,29441436
2020-04-29,455.2136535644531,488.54998779296875,496.3500061035156,467.04998779296875,467.5,55877778
2020-04-30,466.7209777832031,500.8999938964844,509.5,496.04998779296875,500.70001220703125,43793134
2020-05-04,430.0093994140625,461.5,480.0,458.75,478.75,26722324
2020-05-05,424.62847900390625,455.7250061035156,472.0,454.0249938964844,469.0,29672858
2020-05-06,440.91107177734375,473.20001220703125,475.0,452.82501220703125,459.5,33785846
2020-05-07,430.94122314453125,462.5,471.6499938964844,460.67498779296875,470.25,21831730
2020-05-08,432.8280334472656,464.5249938964844,471.9750061035156,462.6000061035156,471.0,20807484
2020-05-11,426.65509033203125,457.8999938964844,477.0,457.0,468.5,28550784
2020-05-12,420.0162353515625,450.7749938964844,454.70001220703125,435.54998779296875,450.5,49568418
2020-05-13,432.1757507324219,463.82501220703125,480.0,461.04998779296875,475.5,44346966
2020-05-14,416.359130859375,446.8500061035156,455.5,445.0,449.0,39554890
2020-05-15,413.7734375,444.07501220703125,446.20001220703125,437.5,445.25,24349628
2020-05-18,389.780517578125,418.32501220703125,444.0,415.6499938964844,444.0,46649964
2020-05-19,386.98516845703125,415.32501220703125,433.6499938964844,413.04998779296875,430.42498779296875,47460692
2020-05-20,399.3077697753906,428.54998779296875,432.0,416.1000061035156,418.2250061035156,40014306
2020-05-21,400.4491882324219,429.7749938964844,442.0,426.1499938964844,430.7250061035156,48478908
2020-05-22,390.8054504394531,419.42498779296875,435.1499938964844,416.5249938964844,425.0,42047432
2020-05-26,397.1181640625,426.20001220703125,435.875,424.375,428.5,38005152
2020-05-27,420.99462890625,451.82501220703125,454.8999938964844,428.57501220703125,429.95001220703125,56025754
2020-05-28,440.3753662109375,472.625,475.0,456.9750061035156,460.0,75488806
2020-05-29,443.3570251464844,475.82501220703125,477.5,461.7250061035156,472.0,53025166
2020-06-01,460.1287536621094,493.82501220703125,497.5,483.04998779296875,487.5,39190230
2020-06-02,466.3482666015625,500.5,502.5,487.6000061035156,493.3500061035156,41623594
2020-06-03,476.2482604980469,511.125,523.125,507.7250061035156,510.0,50546088
2020-06-04,466.67437744140625,500.8500061035156,519.4749755859375,495.54998779296875,514.0250244140625,54275882
2020-06-05,481.4195251464844,516.6749877929688,521.2000122070312,501.3999938964844,501.54998779296875,35195984
2020-06-08,473.2899169921875,507.95001220703125,533.3250122070312,503.20001220703125,530.0,49812664
2020-06-09,459.9656982421875,493.6499938964844,513.375,489.7749938964844,510.0,61844146
2020-06-10,462.0854187011719,495.92498779296875,499.92498779296875,489.1000061035156,495.0,36497730
2020-06-11,451.2536926269531,484.29998779296875,494.20001220703125,482.5,492.5,30897714
2020-06-12,457.845947265625,491.375,493.32501220703125,464.0,464.0,42644876
2020-06-15,442.5183410644531,474.92498779296875,487.0,471.5,484.0,32009936
2020-06-16,461.409912109375,495.20001220703125,496.9750061035156,476.0,487.5,45399970
2020-06-17,456.2153015136719,489.625,499.45001220703125,486.625,494.5,36957838
2020-06-18,475.1767272949219,509.9750061035156,512.4500122070312,486.0,490.0,40870126
2020-06-19,481.4195251464844,516.6749877929688,521.5,506.07501220703125,508.9750061035156,47877752
2020-06-22,479.2764892578125,514.375,522.9749755859375,511.8999938964844,519.7249755859375,29694474
2020-06-23,485.5892028808594,521.1500244140625,522.5,508.2749938964844,519.5,28830512
2020-06-24,481.0235900878906,516.25,528.75,515.0250244140625,524.25,39429246
2020-06-25,479.2764892578125,514.375,524.5,503.5,510.95001220703125,70646790
2020-06-26,492.1814270019531,528.2249755859375,531.5,514.0,520.5,39969138
2020-06-29,501.312744140625,538.0250244140625,541.2999877929688,518.5,518.5,46005956
2020-06-30,496.5606689453125,532.9249877929688,539.2750244140625,528.1500244140625,537.0,35746130
2020-07-01,505.2960510253906,542.2999877929688,548.0,530.6500244140625,532.9249877929688,34846718
2020-07-02,507.5322570800781,544.7000122070312,555.625,542.5999755859375,545.1500244140625,36954496
2020-07-03,500.33428955078125,536.9749755859375,547.9000244140625,535.0,546.5,27597254
2020-07-06,513.8682250976562,551.5,559.9500122070312,550.0,553.9749755859375,35558216
2020-07-07,514.8699340820312,552.5750122070312,555.8499755859375,546.5250244140625,554.7000122070312,24349850
2020-07-08,517.2925415039062,555.1749877929688,562.4500122070312,552.5,553.5,30056350
2020-07-09,524.0944213867188,562.4749755859375,564.8499755859375,553.625,559.0,20114484
2020-07-10,514.8465576171875,552.5499877929688,560.0,549.7750244140625,558.9500122070312,17562978
2020-07-13,503.2694396972656,540.125,556.5,535.6500244140625,554.9500122070312,29922114
2020-07-14,493.2995910644531,529.4249877929688,534.4500122070312,525.0,531.2999877929688,26612674
2020-07-15,490.6440734863281,526.5750122070312,539.5,525.0499877929688,535.0999755859375,20974394
2020-07-16,495.0232849121094,531.2750244140625,532.75,517.0499877929688,526.8250122070312,23662456
2020-07-17,511.7484436035156,549.2249755859375,552.0,529.1500244140625,529.5250244140625,28405738
2020-07-20,527.8680419921875,566.5250244140625,576.4500122070312,562.0750122070312,567.5,65124096
2020-07-21,530.4303588867188,569.2750244140625,578.9749755859375,567.0,576.0250244140625,47512422
2020-07-22,524.7466430664062,563.1749877929688,572.25,558.7750244140625,569.25,24718012
2020-07-23,526.6334838867188,565.2000122070312,571.9500122070312,558.125,562.5,20149122
2020-07-24,521.368896484375,559.5499877929688,561.4500122070312,550.625,561.4500122070312,19598440
2020-07-27,502.9200134277344,539.75,551.5,537.6749877929688,549.9249877929688,37970094
2020-07-28,506.2511291503906,543.3250122070312,547.2000122070312,529.75,539.5,35596450
2020-07-29,495.9783630371094,532.2999877929688,544.25,527.7750244140625,540.5,33592086
2020-07-30,489.47930908203125,525.3250122070312,541.8250122070312,523.3499755859375,537.0,26956266
2020-07-31,481.163330078125,516.4000244140625,528.8499755859375,510.0249938964844,528.8499755859375,37726696
2020-08-03,466.81414794921875,501.0,513.4749755859375,496.5,512.9749755859375,31783542
2020-08-04,485.286376953125,520.8250122070312,530.5250244140625,501.5,504.0,60306168
2020-08-05,478.71746826171875,513.7750244140625,527.9000244140625,510.0,523.9749755859375,33221360
2020-08-06,484.8437805175781,520.3499755859375,527.5,513.125,518.5,33646888
2020-08-07,486.3113098144531,521.9249877929688,523.5999755859375,510.29998779296875,517.4249877929688,24836784
2020-08-10,489.47930908203125,525.3250122070312,532.0,521.9000244140625,522.0,22172854
2020-08-11,496.9334411621094,533.3250122070312,535.5,524.25,524.25,20136148
2020-08-12,495.5591125488281,531.8499755859375,533.0,524.0,532.5,20666432
2020-08-13,493.3927917480469,529.5250244140625,535.6749877929688,528.25,533.9749755859375,19892740
2020-08-14,481.9320373535156,517.2249755859375,532.9500122070312,513.6500244140625,532.9500122070312,20924512
2020-08-17,481.1400146484375,516.375,523.5,510.1000061035156,523.5,19561012
2020-08-18,492.2047119140625,528.25,530.8250122070312,511.0,514.0,24040824
2020-08-19,496.91009521484375,533.2999877929688,534.9000244140625,528.125,532.5,17715624
2020-08-20,493.36944580078125,529.5,534.4749755859375,526.0,527.4749755859375,19216734
2020-08-21,505.7851867675781,542.8250122070312,544.4000244140625,532.2999877929688,532.7000122070312,28924302
2020-08-24,520.4139404296875,558.5250244140625,561.4749755859375,542.8250122070312,543.0,36779740
2020-08-25,521.6484985351562,559.8499755859375,563.5,553.0999755859375,559.5,27601738
2020-08-26,521.066162109375,559.2249755859375,565.875,554.75,560.5,25190062
2020-08-27,518.1077880859375,556.0499877929688,564.9500122070312,553.125,562.9000244140625,20645996
2020-08-28,519.2258911132812,557.25,562.5,547.5,555.9749755859375,38696610
2020-08-31,519.8547973632812,557.9249877929688,574.4000244140625,550.3499755859375,564.75,38501166
2020-09-01,525.189208984375,563.6500244140625,571.7999877929688,554.0,564.0,28877884
2020-09-02,528.3805541992188,567.0750122070312,569.5,560.3499755859375,562.0499877929688,19761682
2020-09-03,526.8663330078125,565.4500122070312,572.9749755859375,564.0,568.625,19833362
2020-09-04,521.462158203125,559.6500244140625,562.7000122070312,552.2000122070312,555.0,23661370
2020-09-07,517.3624267578125,555.25,559.75,549.5,558.1500244140625,17615466
2020-09-08,518.2708129882812,556.2249755859375,559.4000244140625,551.5,557.0,14624918
2020-09-09,510.84014892578125,548.25,555.0,545.625,550.5,15728872
2020-09-10,508.0679931640625,545.2750244140625,552.4249877929688,542.0,551.5,15188088
2020-09-11,502.5240478515625,539.3250122070312,552.4249877929688,535.5,548.2249755859375,20794730
2020-09-14,492.8802185058594,528.9749755859375,547.0,526.1749877929688,544.0,21650590
2020-09-15,498.72705078125,535.25,538.0750122070312,529.0499877929688,534.0,16505110
2020-09-16,509.5122375488281,546.8250122070312,548.0,534.1749877929688,535.0999755859375,18710112
2020-09-17,504.83013916015625,541.7999877929688,547.0,539.0,542.0,18318686
2020-09-18,492.5774230957031,528.6500244140625,546.0999755859375,523.5999755859375,546.0,23481778
2020-09-21,488.85040283203125,524.6500244140625,535.6749877929688,520.75,527.5,19842878
2020-09-22,482.3746032714844,517.7000122070312,529.0750122070312,514.75,527.0250244140625,18620678
2020-09-23,487.89532470703125,523.625,527.5,517.1749877929688,523.0,16079828
2020-09-24,480.04522705078125,515.2000122070312,523.5,512.5,519.0,19809510
2020-09-25,486.3812561035156,522.0,525.9749755859375,512.8250122070312,525.0,20321544
2020-09-28,491.1331481933594,527.0999755859375,529.5,521.3250122070312,524.4749755859375,16152422
2020-09-29,495.0232849121094,531.2750244140625,534.9500122070312,525.5,529.0,12644446
2020-09-30,502.50067138671875,539.2999877929688,543.4500122070312,526.0,530.0,18813842
2020-10-01,515.7085571289062,553.4749755859375,555.0,545.0499877929688,545.0499877929688,21203080
2020-10-05,519.156005859375,557.1749877929688,566.0,555.5,556.0,16940126
2020-10-06,533.0160522460938,572.0499877929688,574.0,563.0999755859375,567.5250244140625,19371990
2020-10-07,541.4718627929688,581.125,582.4249877929688,568.7999877929688,572.4500122070312,21248778
2020-10-08,555.2386474609375,595.9000244140625,601.5,581.6749877929688,590.0,35060674
2020-10-09,574.6892700195312,616.7750244140625,618.5,595.8250122070312,600.5,44972388
2020-10-12,565.4182739257812,606.8250122070312,621.375,602.7999877929688,615.7750244140625,19220546
2020-10-13,558.336669921875,599.2249755859375,611.2249755859375,597.5,606.7000122070312,18353952
2020-10-14,564.41650390625,605.75,607.1500244140625,587.75,597.7750244140625,22582918
2020-10-15,544.73291015625,584.625,608.5,582.0,607.0999755859375,28246896
2020-10-16,558.7559814453125,599.6749877929688,601.75,586.5,590.0,25822848
2020-10-19,560.7127685546875,601.7750244140625,617.5,596.2999877929688,617.5,42359556
2020-10-20,570.2167358398438,611.9749755859375,613.7000122070312,602.9500122070312,603.75,27411978
2020-10-21,580.8155517578125,623.3499755859375,625.5,610.8499755859375,615.2999877929688,35640752
2020-10-22,574.57275390625,616.6500244140625,625.0,611.5,619.9749755859375,21913060
2020-10-23,575.7374877929688,617.9000244140625,624.2249755859375,615.5999755859375,621.75,15866230
2020-10-26,564.136962890625,605.4500122070312,621.0,602.2999877929688,614.9000244140625,19571976
2020-10-27,574.4795532226562,616.5499877929688,618.0,598.9249877929688,613.0,24317780
2020-10-28,563.5313720703125,604.7999877929688,616.0,600.75,614.0,16571186
2020-10-29,553.0955200195312,593.5999755859375,602.2249755859375,589.25,600.2999877929688,23060024
2020-10-30,551.39501953125,591.7750244140625,599.6500244140625,588.1749877929688,591.2750244140625,11522716
2020-11-02,566.1635131835938,607.625,612.5,588.75,597.1749877929688,21926080
2020-11-03,581.39794921875,623.9749755859375,625.375,612.75,613.2249755859375,28164230
2020-11-04,585.8004760742188,628.7000122070312,632.4000244140625,615.0,626.0,23404822
2020-11-05,591.2977905273438,634.5999755859375,638.0,626.1749877929688,633.0,21433928
2020-11-06,609.2111206054688,653.8250122070312,655.0,632.75,633.125,35705724
2020-11-09,624.5386352539062,670.2750244140625,672.9749755859375,657.5999755859375,657.5999755859375,26288440
2020-11-10,649.2769775390625,696.8250122070312,697.5,675.7750244140625,678.5,41517356
2020-11-11,647.5531616210938,694.9749755859375,707.4000244140625,685.25,699.9500122070312,36116194
2020-11-12,639.05078125,685.8499755859375,694.2750244140625,680.0,688.7000122070312,27053948
2020-11-13,633.041015625,679.4000244140625,684.4000244140625,673.5,684.4000244140625,22472480
2020-11-14,638.119140625,684.8499755859375,687.4749755859375,682.5999755859375,683.9000244140625,1835066
2020-11-17,656.172119140625,704.2249755859375,706.2999877929688,690.2999877929688,692.9000244140625,31059900
2020-11-18,656.2884521484375,704.3499755859375,709.5,699.5250244140625,701.5,18862776
2020-11-19,640.2855224609375,687.1749877929688,699.7249755859375,684.0,694.8499755859375,20266882
2020-11-20,653.935791015625,701.8250122070312,704.2000122070312,682.5250244140625,686.3250122070312,20405362
2020-11-23,649.7195434570312,697.2999877929688,711.8250122070312,687.6749877929688,707.5,25246636
2020-11-24,670.0320434570312,719.0999755859375,722.5,701.0250244140625,704.0,40154400
2020-11-25,653.539794921875,701.4000244140625,732.2000122070312,698.5,725.6500244140625,24152602
2020-11-26,664.651123046875,713.3250122070312,716.0,693.5,707.5,27943126
2020-11-27,671.2666625976562,720.4249877929688,723.0,707.7750244140625,715.9000244140625,17994580
2020-12-01,667.749267578125,716.6500244140625,724.5,712.75,720.4249877929688,17147574
2020-12-02,655.4732055664062,703.4749755859375,715.9000244140625,697.4000244140625,715.5,17892150
2020-12-03,641.6130981445312,688.5999755859375,716.0,687.0250244140625,714.5,37933222
2020-12-04,645.526611328125,692.7999877929688,700.7249755859375,686.6500244140625,690.5,26912322
2020-12-07,639.30712890625,686.125,689.9749755859375,679.0499877929688,687.5,24316318
2020-12-08,641.1939086914062,688.1500244140625,694.4000244140625,682.5750122070312,687.5,19457896
2020-12-09,655.5896606445312,703.5999755859375,705.0250244140625,687.5250244140625,688.5,22069074
2020-12-10,645.64306640625,692.9249877929688,701.0,687.875,699.0,19727966
2020-12-11,644.2222290039062,691.4000244140625,697.5,686.5,695.0250244140625,21356384
2020-12-14,639.260498046875,686.0750122070312,694.0,684.0,691.5,17222050
2020-12-15,648.18212890625,695.6500244140625,697.4749755859375,683.0,690.4000244140625,21561436
2020-12-16,657.2202758789062,705.3499755859375,708.4000244140625,697.25,702.0,16832092
2020-12-17,671.7092895507812,720.9000244140625,722.5,702.25,709.2999877929688,21924478
2020-12-18,657.5230712890625,705.6749877929688,719.8499755859375,703.1500244140625,717.5,22995918
2020-12-21,639.4935302734375,686.3250122070312,711.9249877929688,683.3499755859375,708.75,23761824
2020-12-22,639.703125,686.5499877929688,692.4000244140625,672.5,692.4000244140625,22851558
2020-12-23,640.89111328125,687.8250122070312,690.4749755859375,680.5250244140625,683.75,15467394
2020-12-24,650.88427734375,698.5499877929688,702.0,688.5,694.7000122070312,14952188
2020-12-28,658.221923828125,706.4249877929688,710.5,702.0,702.5,11699194
2020-12-29,664.9072875976562,713.5999755859375,717.375,710.0,710.5250244140625,14495346
2020-12-30,667.3765869140625,716.25,719.9500122070312,706.5,719.9500122070312,16216726
2020-12-31,669.1468505859375,718.1500244140625,722.0,712.5250244140625,717.5,22145750
2021-01-01,663.9057006835938,712.5250244140625,721.5,710.2999877929688,720.0,8810938
2021-01-04,659.6895751953125,708.0,719.0,699.5,719.0,15740192
2021-01-05,664.6743774414062,713.3499755859375,715.375,704.5,709.5999755859375,14386824
2021-01-06,661.809326171875,710.2750244140625,720.0,706.5499877929688,717.5,22134050
2021-01-07,659.805908203125,708.125,716.2999877929688,706.2750244140625,716.25,19894842
2021-01-08,666.9805908203125,715.8250122070312,721.0,711.5499877929688,716.0,13768764
2021-01-11,676.2049560546875,725.7249755859375,732.4500122070312,718.1500244140625,725.0,17331392
2021-01-12,689.9717407226562,740.5,743.8499755859375,724.5499877929688,726.2249755859375,20388156
2021-01-13,685.14990234375,735.3250122070312,748.4500122070312,731.0499877929688,746.4500122070312,16934650
2021-01-14,684.2646484375,734.375,744.0,728.0,735.5750122070312,12297166
2021-01-15,683.2864379882812,733.3250122070312,735.8250122070312,722.5,734.5499877929688,14165236
2021-01-18,690.9501342773438,741.5499877929688,751.4249877929688,733.5,734.9500122070312,42825632
2021-01-19,700.6171875,751.9249877929688,755.8250122070312,733.5,745.9000244140625,17360254
2021-01-20,695.0964965820312,746.0,750.5,743.0,750.5,13346052
2021-01-21,687.0833129882812,737.4000244140625,747.1749877929688,734.0750122070312,746.0,26333054
2021-01-22,672.5245971679688,721.7750244140625,733.9500122070312,720.0750122070312,733.9500122070312,15392364
2021-01-25,681.5159912109375,731.4249877929688,740.5,727.5750122070312,732.5499877929688,20344718
2021-01-27,656.707763671875,704.7999877929688,735.9500122070312,703.0750122070312,734.0,23556276
2021-01-28,638.9343872070312,685.7249755859375,700.6500244140625,671.0,694.9500122070312,42704446
2021-01-29,647.8095092773438,695.25,704.375,682.25,695.6749877929688,28704502
2021-02-01,687.9918212890625,738.375,741.25,700.5,705.125,26370544
2021-02-02,727.0328369140625,780.2750244140625,789.25,748.7000122070312,750.5,42420206
2021-02-03,733.6715698242188,787.4000244140625,790.8499755859375,771.0,789.5,20237254
2021-02-04,735.6747436523438,789.5499877929688,794.0,771.7249755859375,783.0,24484684
2021-02-05,744.293701171875,798.7999877929688,809.125,774.0,774.0,27054716
2021-02-08,747.8577270507812,802.625,815.8250122070312,797.8499755859375,810.0,17447580
2021-02-09,750.9324340820312,805.9249877929688,814.0,793.3499755859375,805.0,18421366
2021-02-10,736.9094848632812,790.875,807.4249877929688,783.5,804.1749877929688,19788006
2021-02-11,732.5301513671875,786.1749877929688,798.9000244140625,782.0999755859375,791.0,13648618
2021-02-12,737.002685546875,790.9749755859375,796.25,786.5,786.9500122070312,9910106
2021-02-15,753.1453247070312,808.2999877929688,812.5,798.3499755859375,800.0499877929688,10355244
2021-02-16,757.82763671875,813.3250122070312,820.5,804.2249755859375,810.5999755859375,13897358
2021-02-17,739.1223754882812,793.25,810.9000244140625,791.5,810.0,12794426
2021-02-18,724.1209716796875,777.1500244140625,802.9749755859375,774.0,802.9749755859375,14720560
2021-02-19,717.0394897460938,769.5499877929688,782.0999755859375,766.5,772.5,17139508
2021-02-22,721.1859130859375,774.0,786.9500122070312,769.7249755859375,772.5250244140625,29451838
2021-02-23,712.4039916992188,764.5750122070312,778.8499755859375,761.3250122070312,776.875,18239906
2021-02-24,748.416748046875,803.2249755859375,806.9749755859375,758.125,763.25,14314332
2021-02-25,748.3934326171875,803.2000122070312,818.125,801.0,804.875,20109570
2021-02-26,714.8499145507812,767.2000122070312,794.4500122070312,760.5,793.5250244140625,27912846
2021-03-01,726.2639770507812,779.4500122070312,786.2750244140625,770.3499755859375,782.0,13536018
2021-03-02,730.5967407226562,784.0999755859375,793.75,775.5,787.8499755859375,16110038
2021-03-03,739.2854614257812,793.4249877929688,798.0,782.5,792.0,11222410
2021-03-04,723.07275390625,776.0250244140625,785.5,769.5499877929688,774.2750244140625,16291438
2021-03-05,712.800048828125,765.0,772.7999877929688,760.5499877929688,765.5,17445822
2021-03-08,707.9083251953125,759.75,777.5,756.25,771.0,15117050
2021-03-09,727.9412231445312,781.25,782.8499755859375,769.125,772.5,15066696
2021-03-10,724.7965087890625,777.875,787.5,776.0750122070312,786.0,11055016
2021-03-12,723.0262451171875,775.9749755859375,800.0,767.5250244140625,800.0,15631204
2021-03-15,712.1710815429688,764.3250122070312,774.2000122070312,757.6500244140625,774.2000122070312,12230386
2021-03-16,704.4840698242188,756.0750122070312,770.2000122070312,755.0,765.4500122070312,13722366
2021-03-17,696.6572265625,747.6749877929688,769.5,745.0999755859375,762.125,21064428
2021-03-18,694.6306762695312,745.5,761.0250244140625,740.5750122070312,755.875,18065540
2021-03-19,697.6588745117188,748.75,755.5999755859375,737.0250244140625,742.5,21235020
2021-03-22,684.4511108398438,734.5750122070312,747.4500122070312,730.2000122070312,747.4500122070312,14015632
2021-03-23,698.8934936523438,750.0750122070312,753.7249755859375,734.5499877929688,735.0,19761428
2021-03-24,688.9468994140625,739.4000244140625,753.2249755859375,735.5,745.4500122070312,16368900
2021-03-25,681.7489624023438,731.6749877929688,747.7750244140625,725.125,745.0999755859375,23964356
2021-03-26,694.7704467773438,745.6500244140625,749.5,737.0,747.0,12021258
2021-03-30,723.8414306640625,776.8499755859375,781.2750244140625,750.7750244140625,753.3250122070312,25607644
2021-03-31,695.865234375,746.8250122070312,774.0,744.0,774.0,30774506
2021-04-01,692.650634765625,743.375,749.7000122070312,732.5,749.7000122070312,35763762
2021-04-05,675.3430786132812,724.7999877929688,742.5,715.5,740.0,16006586
2021-04-06,670.987060546875,720.125,731.3250122070312,716.3250122070312,730.0,15075734
2021-04-07,674.2249145507812,723.5999755859375,728.3499755859375,710.7750244140625,719.6500244140625,25088180
2021-04-08,667.5162353515625,716.4000244140625,730.4500122070312,715.25,726.5,17613592
2021-04-09,662.3682861328125,710.875,716.4000244140625,707.5499877929688,713.0,28157816
2021-04-12,636.884521484375,683.5250244140625,699.5,676.5,696.5,22549128
2021-04-13,652.3984375,700.1749877929688,703.2249755859375,680.5,684.0,18600682
2021-04-15,666.2584228515625,715.0499877929688,718.3499755859375,695.5,702.5,34444984
2021-04-16,665.5828857421875,714.3250122070312,722.5,711.75,717.4749755859375,15606526
2021-04-19,658.0122680664062,706.2000122070312,708.8499755859375,686.1500244140625,695.0,24069242
2021-04-20,648.2286987304688,695.7000122070312,713.2000122070312,691.9749755859375,712.5,23186270
2021-04-22,662.7177124023438,711.25,713.4000244140625,685.5250244140625,690.0,38485312
2021-04-23,658.8275756835938,707.0750122070312,717.2999877929688,700.0999755859375,704.5,22713528
2021-04-26,654.4714965820312,702.4000244140625,714.5,701.375,706.5,30170952
2021-04-27,670.2649536132812,719.3499755859375,721.0,702.4000244140625,703.625,20592906
2021-04-28,688.01513671875,738.4000244140625,739.5,715.5,718.125,24103940
2021-04-29,686.0117797851562,736.25,751.8250122070312,730.5,743.0999755859375,24078552
2021-04-30,657.9657592773438,706.1500244140625,726.9000244140625,703.75,722.5,35232902
2021-05-03,658.96728515625,707.2249755859375,710.9500122070312,688.6500244140625,696.5,22473700
2021-05-04,646.8077392578125,694.1749877929688,711.5,691.6500244140625,704.9749755859375,21486328
2021-05-05,653.4465942382812,701.2999877929688,704.7999877929688,690.8499755859375,700.5,14421612
2021-05-06,652.6547241210938,700.4500122070312,705.4000244140625,697.5,703.7999877929688,11477044
2021-05-07,659.1070556640625,707.375,712.4749755859375,705.125,706.4749755859375,12048334
2021-05-10,661.4830932617188,709.9249877929688,715.0,706.4000244140625,713.5,11060050
2021-05-11,653.8892211914062,701.7750244140625,712.0999755859375,697.5250244140625,698.0,14519034
2021-05-12,652.0023193359375,699.75,704.2999877929688,694.4249877929688,699.875,13774926
2021-05-14,646.1090087890625,693.4249877929688,699.4500122070312,691.1749877929688,697.1749877929688,10604142
2021-05-17,670.987060546875,720.125,721.2999877929688,690.6500244140625,697.5750122070312,15120692
2021-05-18,687.968505859375,738.3499755859375,741.375,727.5,729.4749755859375,22165280
2021-05-19,679.3496704101562,729.0999755859375,739.4249877929688,726.2750244140625,735.0999755859375,10130916
2021-05-20,667.5162353515625,716.4000244140625,732.9500122070312,714.25,729.1749877929688,10684184
2021-05-21,697.565673828125,748.6500244140625,750.9500122070312,721.5,721.5,19341646
2021-05-24,703.4591674804688,754.9749755859375,760.2249755859375,749.25,751.625,22146102
2021-05-25,689.0167846679688,739.4749755859375,756.875,735.25,755.25,19236974
2021-05-26,688.131591796875,738.5250244140625,743.5,735.0,740.0,12283990
2021-05-27,690.7405395507812,741.3250122070312,744.5,731.2249755859375,736.5499877929688,20439496
2021-05-28,700.4308471679688,751.7249755859375,756.5,739.375,745.4500122070312,17750020
2021-05-31,706.2078857421875,757.9249877929688,759.75,743.75,750.0,15661054
2021-06-01,704.2743530273438,755.8499755859375,763.5,753.625,760.1500244140625,11030162
2021-06-02,700.6870727539062,752.0,755.0999755859375,746.5,755.0,10624016
2021-06-03,708.3974609375,760.2750244140625,762.4749755859375,743.875,754.0,10287260
2021-06-04,699.26611328125,750.4749755859375,760.3250122070312,749.5999755859375,758.0,9424476
2021-06-07,698.753662109375,749.9249877929688,757.0,748.0,755.0,8091668
2021-06-08,690.9269409179688,741.5250244140625,750.6500244140625,740.75,748.2750244140625,9872540
2021-06-09,689.6456909179688,740.1500244140625,751.0,736.0250244140625,741.9500122070312,10223442
2021-06-10,689.9951782226562,740.5250244140625,744.5,736.8250122070312,741.0499877929688,11483540
2021-06-11,692.4642944335938,743.1749877929688,748.2750244140625,740.5250244140625,745.5,7205974
2021-06-14,689.2496948242188,739.7249755859375,743.0,731.2750244140625,739.125,8881964
2021-06-15,694.28125,745.125,748.0,737.4000244140625,743.0,7569602
2021-06-16,691.64892578125,742.2999877929688,747.0,739.0499877929688,744.0,7702098
2021-06-17,683.0301513671875,733.0499877929688,739.375,730.0,733.0,9283802
2021-06-18,689.4127197265625,739.9000244140625,745.0,727.5,734.75,11938060
2021-06-21,693.5590209960938,744.3499755859375,745.9000244140625,729.5,730.6749877929688,7260472
2021-06-22,691.2763061523438,741.9000244140625,754.0,740.0,748.5,14366824
2021-06-23,692.0682373046875,742.75,748.9000244140625,739.2999877929688,745.0,7844868
2021-06-24,701.7354125976562,753.125,756.7249755859375,744.0,745.0,14785024
2021-06-25,705.8583984375,757.5499877929688,761.0,753.5,755.5499877929688,10383176
2021-06-28,702.713623046875,754.1749877929688,761.5,752.5,760.0,9356786
2021-06-29,702.8073120117188,751.0250244140625,754.0999755859375,746.0750122070312,753.5,10971692
2021-06-30,700.865478515625,748.9500122070312,754.5,747.0499877929688,749.0,9679022
2021-07-01,695.6484375,743.375,751.0,741.5,751.0,16911442
2021-07-02,692.6773071289062,740.2000122070312,744.625,738.5,742.5,14827036
2021-07-05,699.7191162109375,747.7249755859375,752.25,742.2750244140625,744.9749755859375,7373882
2021-07-06,718.0841674804688,767.3499755859375,770.0,748.0,748.5,17669032
2021-07-07,720.330078125,769.75,772.6749877929688,763.8499755859375,767.0,9629190
2021-07-08,711.4166259765625,760.2249755859375,768.8499755859375,756.7249755859375,762.5,8420922
2021-07-09,702.7838745117188,751.0,758.0,748.75,756.2750244140625,10695842
2021-07-12,695.7654418945312,743.5,751.0,742.0,751.0,14458978
2021-07-13,702.7136840820312,750.9249877929688,753.0499877929688,742.0499877929688,748.0499877929688,18178142
2021-07-14,701.4503784179688,749.5750122070312,753.6749877929688,745.5499877929688,748.75,9788494
2021-07-15,711.5335693359375,760.3499755859375,763.375,749.8250122070312,752.5,10438802
2021-07-16,712.3056640625,761.1749877929688,764.9749755859375,759.4000244140625,763.9749755859375,5170628
2021-07-19,688.2789916992188,735.5,744.4249877929688,733.0,743.5,25111600
2021-07-20,675.248046875,721.5750122070312,727.0,718.0750122070312,721.0,24174250
2021-07-22,677.8449096679688,724.3499755859375,734.25,722.5,728.0499877929688,13207114
2021-07-23,675.0608520507812,721.375,728.7249755859375,717.6500244140625,725.75,13126684
2021-07-26,671.22412109375,717.2750244140625,722.0,714.0499877929688,715.0,13167166
2021-07-27,673.6572265625,719.875,724.9500122070312,718.0499877929688,718.0499877929688,22401430
2021-07-28,663.1528930664062,708.6500244140625,719.3499755859375,702.0,717.5250244140625,20670342
2021-07-29,663.5973510742188,709.125,714.9749755859375,706.6500244140625,714.125,13702230
2021-07-30,667.4341430664062,713.2249755859375,715.875,703.9749755859375,709.5,11655488
2021-08-02,665.6561279296875,711.3250122070312,717.5,708.125,717.5,13258786
2021-08-03,671.2942504882812,717.3499755859375,719.9500122070312,705.0,705.0,12033120
2021-08-04,685.6119384765625,732.6500244140625,737.25,720.0,720.5,22053948
2021-08-05,694.7593994140625,742.4249877929688,753.5250244140625,728.7000122070312,733.5499877929688,18822408
2021-08-06,698.4090576171875,746.3250122070312,750.0,737.0,741.7750244140625,13339270
2021-08-09,703.6728515625,751.9500122070312,753.6749877929688,738.0,746.0,10998048
2021-08-10,705.427490234375,753.8250122070312,759.875,744.5,744.5,14838346
2021-08-11,699.4852294921875,747.4749755859375,759.4249877929688,745.5250244140625,757.4500122070312,12585786
2021-08-12,702.503173828125,750.7000122070312,753.7999877929688,744.6500244140625,748.5,8597674
2021-08-13,714.10693359375,763.0999755859375,765.5,750.5,750.5999755859375,16658428
2021-08-16,716.165771484375,765.2999877929688,767.5,760.7249755859375,763.0750122070312,6252778
2021-08-17,708.7028198242188,757.3250122070312,762.0,752.6500244140625,758.5999755859375,8282666
2021-08-18,707.9307861328125,756.5,782.6749877929688,754.1749877929688,778.3499755859375,22985932
2021-08-20,708.7495727539062,757.375,759.9000244140625,743.0250244140625,743.0250244140625,13150406
2021-08-23,713.3583374023438,762.2999877929688,766.5750122070312,754.3250122070312,764.9249877929688,10843054
2021-08-24,729.3839111328125,779.4249877929688,782.25,763.7249755859375,765.0,18381314
2021-08-25,728.7054443359375,778.7000122070312,782.4000244140625,774.0,776.0499877929688,7727974
2021-08-26,727.4889526367188,777.4000244140625,785.5,771.7249755859375,775.0,11119002
2021-08-27,724.5177001953125,774.2249755859375,779.3250122070312,772.625,776.0,6382138
2021-08-30,733.7822265625,784.125,785.0,775.7999877929688,777.7999877929688,9049166
2021-08-31,739.93505859375,790.7000122070312,791.6749877929688,781.0999755859375,781.75,12062576
2021-09-01,738.8588256835938,789.5499877929688,799.0,787.25,787.5,12422558
2021-09-02,743.4910888671875,794.5,796.0,785.625,787.0499877929688,9618524
2021-09-03,737.4318237304688,788.0250244140625,799.0,784.1500244140625,793.0499877929688,10735334
2021-09-06,732.5890502929688,782.8499755859375,790.4749755859375,780.9749755859375,789.9749755859375,7876896
2021-09-07,734.2501220703125,784.625,791.0,777.5999755859375,781.25,7245496
2021-09-08,737.5955200195312,788.2000122070312,790.25,782.7999877929688,785.9749755859375,6724080
2021-09-09,733.9459838867188,784.2999877929688,789.7249755859375,780.5,787.0,8250948
2021-09-13,727.83984375,777.7750244140625,792.0,776.8250122070312,781.0,8959164
2021-09-14,724.5646362304688,774.2750244140625,782.25,773.2999877929688,780.0,9758506
2021-09-15,723.7457885742188,773.4000244140625,777.4000244140625,767.5,767.5,14822998
2021-09-16,729.8985595703125,779.9749755859375,782.1500244140625,768.1500244140625,768.875,10260550
2021-09-17,740.2860107421875,791.0750122070312,794.5,779.5999755859375,784.5,20498102
2021-09-20,729.851806640625,779.9249877929688,790.8499755859375,779.0,782.0,8781610
2021-09-21,726.155517578125,775.9749755859375,784.3250122070312,764.4749755859375,781.0,14774996
2021-09-22,717.6162719726562,766.8499755859375,775.0750122070312,765.0,774.5,10582202
2021-09-23,734.6010131835938,785.0,786.0,771.0,771.0,13664304
2021-09-24,749.36328125,800.7750244140625,803.9749755859375,787.5,789.5,20806702
2021-09-27,760.3822021484375,812.5499877929688,817.75,804.0,807.8499755859375,16415462
2021-09-28,755.6798095703125,807.5250244140625,816.0,791.0,816.0,12773790
2021-09-29,745.7603759765625,796.9249877929688,803.2999877929688,792.5750122070312,798.5,16263036
2021-09-30,746.2750854492188,797.4749755859375,803.1749877929688,791.5499877929688,793.0,15975348
2021-10-01,740.5432739257812,791.3499755859375,794.5,782.625,791.5,11128596
2021-10-04,741.970458984375,792.875,800.6749877929688,791.7999877929688,794.5,7051028
2021-10-05,746.5089721679688,797.7249755859375,798.75,788.125,796.0,10257178
2021-10-06,755.6096801757812,807.4500122070312,813.4249877929688,793.5,798.0,18600830
2021-10-07,753.5509033203125,805.25,813.8499755859375,803.5,813.2999877929688,11265724
2021-10-08,749.8779296875,801.3250122070312,811.0,800.0750122070312,806.0,7245562
2021-10-11,764.4530029296875,816.9000244140625,822.5,799.5,799.9500122070312,13080848
2021-10-12,762.4877319335938,814.7999877929688,820.7750244140625,812.5,812.5,8176946
2021-10-13,767.0732421875,819.7000122070312,824.0,815.0,818.5,6225644
2021-10-14,789.5323486328125,843.7000122070312,845.0,819.0,819.0,14757288
2021-10-18,781.53125,835.1500244140625,862.5,833.5250244140625,852.5,28856456
2021-10-19,790.1405029296875,844.3499755859375,846.2249755859375,835.5,837.7249755859375,8987540
2021-10-20,783.1922607421875,836.9249877929688,849.375,832.2249755859375,844.5499877929688,10908568
2021-10-21,784.3386840820312,838.1500244140625,840.9749755859375,830.4249877929688,835.9000244140625,9738190
2021-10-22,786.4207763671875,840.375,854.0,835.375,840.0499877929688,12175554
2021-10-25,775.30810546875,828.5,845.0,806.9000244140625,845.0,16426766
2021-10-26,773.3196411132812,826.375,836.9249877929688,823.1749877929688,825.0,12090656
2021-10-27,768.6640625,821.4000244140625,832.5250244140625,818.6500244140625,826.375,13249642
2021-10-28,745.6434326171875,796.7999877929688,825.0,793.5750122070312,825.0,17797750
2021-10-29,740.613525390625,791.4249877929688,801.0,780.0,795.0,12406874
2021-11-01,751.1177978515625,802.6500244140625,805.5,791.7750244140625,792.5,8122320
2021-11-02,751.7962646484375,803.375,811.0,800.0250244140625,803.0,13237722
2021-11-03,739.9584350585938,790.7249755859375,804.9500122070312,787.7750244140625,802.5499877929688,10207338
2021-11-04,745.80712890625,796.9749755859375,798.9249877929688,795.0499877929688,797.5,1096808
2021-11-08,748.7548828125,800.125,802.3499755859375,785.2249755859375,796.0499877929688,18943580
2021-11-09,735.6536865234375,786.125,797.2999877929688,784.5250244140625,797.2999877929688,12695476
2021-11-10,727.6995239257812,777.625,784.5,775.0,784.0,13714126
2021-11-11,724.4476318359375,774.1500244140625,777.4500122070312,767.7999877929688,775.0250244140625,7999404
2021-11-12,726.6466674804688,776.5,779.5250244140625,772.5250244140625,775.0,14914092
2021-11-15,728.6353149414062,778.625,785.9249877929688,777.2000122070312,781.0499877929688,9533594
2021-11-16,724.3072509765625,774.0,778.5999755859375,770.7999877929688,777.5,8245406
2021-11-17,716.2593383789062,765.4000244140625,772.0,764.25,768.4500122070312,7598878
2021-11-18,720.2832641601562,769.7000122070312,771.75,762.625,763.0250244140625,9152874
2021-11-22,709.0302734375,757.6749877929688,776.3499755859375,749.5250244140625,773.0,15261272
2021-11-23,709.1240234375,757.7750244140625,763.9000244140625,748.1749877929688,751.0,11235214
2021-11-24,710.293701171875,759.0250244140625,768.1749877929688,757.0250244140625,762.0,30802286
2021-11-25,713.9900512695312,762.9749755859375,766.6500244140625,753.5,757.4000244140625,10251652
2021-11-26,697.122314453125,744.9500122070312,753.3499755859375,742.5,750.0,18624936
2021-11-29,702.4329833984375,750.625,753.8250122070312,731.0,747.4000244140625,12990996
2021-11-30,698.8302001953125,746.7750244140625,764.5,743.2750244140625,747.5,25221542
2021-12-01,704.0238647460938,752.3250122070312,753.5250244140625,744.5499877929688,747.5,8677634
2021-12-02,713.896484375,762.875,764.4000244140625,750.0,752.25,11203110
2021-12-03,708.1881713867188,756.7750244140625,767.9749755859375,753.5250244140625,762.9000244140625,8124694
2021-12-06,703.6261596679688,751.9000244140625,759.4000244140625,748.6749877929688,756.5,7029532
2021-12-07,713.8729858398438,762.8499755859375,766.0,754.9500122070312,756.9749755859375,12427534
2021-12-08,727.0210571289062,776.9000244140625,777.5250244140625,767.0,768.0,15295534
2021-12-09,714.4110717773438,763.4249877929688,777.3499755859375,761.0,772.5999755859375,11747744
2021-12-10,712.3992309570312,761.2750244140625,764.0,754.2249755859375,762.4500122070312,7779384
2021-12-13,707.065185546875,755.5750122070312,768.8250122070312,753.5999755859375,763.0,10322142
2021-12-14,702.994384765625,751.2249755859375,758.0,748.5250244140625,751.25,9191100
2021-12-15,701.84814453125,750.0,761.6749877929688,747.8250122070312,751.5,10115148
2021-12-16,701.8948974609375,750.0499877929688,758.5,747.0,756.4000244140625,13210432
2021-12-17,689.23828125,736.5250244140625,753.0,733.8499755859375,748.5,14994768
2021-12-20,667.0598754882812,712.8250122070312,729.0,707.0499877929688,726.0,21156668
2021-12-21,674.6163940429688,720.9000244140625,725.375,715.0,719.75,9118750
2021-12-22,676.2072143554688,722.5999755859375,728.0,717.8499755859375,726.1500244140625,8577484
2021-12-23,675.6925659179688,722.0499877929688,728.9000244140625,718.4249877929688,726.625,9779166
2021-12-24,673.259521484375,719.4500122070312,726.0,714.0,722.75,5561024
2021-12-27,678.8274536132812,725.4000244140625,727.0,711.0750122070312,714.4500122070312,4705098
2021-12-28,683.5064697265625,730.4000244140625,733.4500122070312,726.7000122070312,730.3499755859375,5450678
2021-12-29,680.254638671875,726.9249877929688,730.5,723.7000122070312,728.0250244140625,7668702
2021-12-30,683.8339233398438,730.75,733.4249877929688,722.5,729.25,7215918
2021-12-31,692.2093505859375,739.7000122070312,742.4000244140625,730.75,730.75,6325736
2022-01-03,711.0422973632812,759.8250122070312,761.5,740.25,742.5,9069184
2022-01-04,715.2066650390625,764.2750244140625,766.4500122070312,753.9000244140625,760.0,8857352
2022-01-05,732.1913452148438,782.4249877929688,786.0,764.0499877929688,768.4000244140625,14332638
2022-01-06,720.4469604492188,769.875,777.375,765.0250244140625,771.5,9628930
2022-01-07,725.5003662109375,775.2750244140625,783.375,767.9500122070312,772.0,11179384
2022-01-10,729.5242919921875,779.5750122070312,786.0,772.75,779.0,8856496
2022-01-11,732.6826171875,782.9500122070312,784.3499755859375,773.9000244140625,780.7750244140625,8389198
2022-01-12,728.3545532226562,778.3250122070312,788.3250122070312,776.0,784.0,21085530
2022-01-13,714.94921875,764.0,777.5,760.2000122070312,777.5,41963896
2022-01-14,722.9736938476562,772.5750122070312,774.3499755859375,759.5,765.0,11208968
2022-01-17,711.9078979492188,760.75,778.0,759.5750122070312,765.0,22989372
2022-01-18,715.5340576171875,764.625,775.4500122070312,761.5,766.5,12341152
2022-01-19,710.4808349609375,759.2249755859375,769.875,756.6749877929688,767.0,14317626
2022-01-20,706.0592651367188,754.5,764.25,750.0499877929688,764.2249755859375,15197846
2022-01-21,711.9546508789062,760.7999877929688,764.9000244140625,742.7999877929688,750.0,11537694
2022-01-24,695.6016845703125,743.3250122070312,760.625,733.7750244140625,754.9749755859375,11868508
2022-01-25,696.2567138671875,744.0250244140625,747.5,722.0,729.3250122070312,13594248
2022-01-27,690.127197265625,737.4749755859375,742.5,717.5,725.0,28617838
2022-01-28,684.6528930664062,731.625,743.3499755859375,730.0,738.75,24925208
2022-01-31,695.1571655273438,742.8499755859375,745.7750244140625,733.4000244140625,736.375,12842546
2022-02-01,700.4443359375,748.5,758.5,736.7249755859375,754.25,14739484
2022-02-02,716.446533203125,765.5999755859375,767.5,752.7999877929688,755.9749755859375,13969290
2022-02-03,709.0302734375,757.6749877929688,769.9749755859375,754.5,764.375,10564762
2022-02-04,713.0776977539062,762.0,766.4249877929688,757.0499877929688,764.2000122070312,11579958
2022-02-07,686.9456176757812,734.0750122070312,759.5,730.0,756.0499877929688,12268042
2022-02-08,683.9977416992188,730.9249877929688,739.2249755859375,722.2750244140625,738.2000122070312,13981130
2022-02-09,700.72509765625,748.7999877929688,749.8499755859375,733.5,737.0,11308342
2022-02-10,713.59228515625,762.5499877929688,767.75,750.8250122070312,757.0,14314530
2022-02-11,710.66796875,759.4249877929688,762.5,749.75,750.125,10711104
2022-02-14,689.5423583984375,736.8499755859375,749.7249755859375,734.6500244140625,745.0,14656620
2022-02-15,710.1766967773438,758.9000244140625,762.4500122070312,736.5250244140625,738.0,13135066
2022-02-16,709.217529296875,757.875,767.375,753.5,767.1749877929688,10032264
2022-02-17,704.889404296875,753.25,761.0,751.0,756.5499877929688,7351208
2022-02-18,707.6265869140625,756.1749877929688,758.5,745.2249755859375,749.1500244140625,7796128
2022-02-21,712.1885986328125,761.0499877929688,765.3499755859375,747.7750244140625,752.0,7468066
2022-02-22,706.8545532226562,755.3499755859375,761.0499877929688,743.9749755859375,744.9000244140625,9536196
2022-02-23,702.269287109375,750.4500122070312,762.8499755859375,747.8250122070312,762.5499877929688,9029562
2022-02-24,664.1354370117188,709.7000122070312,737.4749755859375,703.5750122070312,724.9500122070312,23630766
2022-02-25,681.3073120117188,728.0499877929688,732.9500122070312,716.4249877929688,719.9749755859375,18318654
2022-02-28,667.340576171875,713.125,719.2750244140625,707.0250244140625,713.0,24880832
2022-03-02,643.0098266601562,687.125,699.2000122070312,677.2000122070312,693.25,38505560
2022-03-03,641.4891357421875,685.5,696.0,681.4500122070312,690.5,17527922
2022-03-04,639.3836059570312,683.25,693.0,668.4500122070312,680.0,21219364
2022-03-07,619.8721923828125,662.4000244140625,666.1749877929688,648.5250244140625,659.25,27054458
2022-03-08,621.2759399414062,663.9000244140625,667.0,646.0,651.0999755859375,39212492
2022-03-09,641.5592651367188,685.5750122070312,687.3499755859375,659.4249877929688,665.0,23134694
2022-03-10,651.6426391601562,696.3499755859375,713.5,690.125,713.5,22273206
2022-03-11,653.5609130859375,698.4000244140625,704.4749755859375,686.3499755859375,694.0,15150780
2022-03-14,674.96728515625,721.2750244140625,725.0,707.5,707.5,25018126
2022-03-15,666.2876586914062,712.0,724.75,705.875,721.75,18867928
2022-03-16,677.5875244140625,724.0750122070312,727.5,718.0999755859375,723.5,13364108
2022-03-17,692.5135498046875,740.0250244140625,744.9000244140625,735.2750244140625,736.0,14823954
2022-03-21,695.531494140625,743.25,746.8250122070312,736.4000244140625,743.5,12257876
2022-03-22,699.1109008789062,747.0750122070312,749.0,728.5999755859375,740.6500244140625,10461814
2022-03-23,692.1390991210938,739.625,759.4000244140625,736.7999877929688,753.5,31188256
2022-03-24,675.0140991210938,721.3250122070312,734.8250122070312,717.2750244140625,733.0,20160044
2022-03-25,669.5162963867188,715.4500122070312,726.0,709.5,725.5,16366462
2022-03-28,670.4053344726562,716.4000244140625,719.0,700.7999877929688,715.4500122070312,15754886
2022-03-29,679.2953491210938,725.9000244140625,730.125,715.0,720.5,12377448
2022-03-30,691.06298828125,738.4749755859375,741.375,727.0250244140625,736.0,20109742
2022-03-31,687.9749145507812,735.1749877929688,742.3499755859375,732.9500122070312,735.5,14295714
2022-04-01,704.655517578125,753.0,755.0,735.1500244140625,738.2000122070312,14568556
2022-04-04,775.2147216796875,828.4000244140625,861.0499877929688,781.2750244140625,790.0,97450970
2022-04-05,752.498046875,804.125,833.3499755859375,801.0,833.3499755859375,30922582
2022-04-06,725.6406860351562,775.4249877929688,794.9000244140625,773.6749877929688,793.8499755859375,27027860
2022-04-07,709.6853637695312,758.375,770.6749877929688,756.8499755859375,770.6500244140625,40781732
2022-04-08,708.7028198242188,757.3250122070312,762.875,748.6500244140625,756.0499877929688,41256322
2022-04-11,700.0466918945312,748.0750122070312,755.0,746.625,753.0,20799066
2022-04-12,698.8067016601562,746.75,753.4249877929688,740.0750122070312,742.0,27435402
2022-04-13,685.4481201171875,732.4749755859375,751.1500244140625,731.3250122070312,745.0,28892520
2022-04-18,652.92919921875,697.7249755859375,715.8250122070312,695.0250244140625,709.4249877929688,45620376
2022-04-19,628.0136108398438,671.0999755859375,694.7750244140625,663.5,690.4500122070312,74096022
2022-04-20,633.67529296875,677.1500244140625,679.9500122070312,667.6749877929688,677.2249755859375,49325736
2022-04-21,643.056640625,687.1749877929688,689.9000244140625,676.6500244140625,682.5,52446270
2022-04-22,634.2835083007812,677.7999877929688,687.6749877929688,674.5750122070312,680.0,20659148
2022-04-25,639.03271484375,682.875,685.3250122070312,661.125,675.0,20935488
2022-04-26,641.9804077148438,686.0250244140625,690.9749755859375,678.5750122070312,686.0,17016842
2022-04-27,642.21435546875,686.2750244140625,689.5,678.0499877929688,680.0,18054334
2022-04-28,641.6528930664062,685.6749877929688,689.5,681.0499877929688,686.0,20773722
2022-04-29,647.8525390625,692.2999877929688,702.375,685.7750244140625,690.1749877929688,28401476
2022-05-02,656.7894287109375,701.8499755859375,703.2249755859375,681.0250244140625,681.0250244140625,19494316
2022-05-04,634.470703125,678.0,701.7999877929688,675.0,700.0,29055916
2022-05-05,633.04345703125,676.4749755859375,687.5,673.25,687.5,17862912
2022-05-06,616.5033569335938,658.7999877929688,667.5,656.5,665.0,26731268
2022-05-09,617.5560302734375,659.9249877929688,663.25,647.75,650.0,32762434
2022-05-10,627.4756469726562,670.5250244140625,676.5,657.5250244140625,657.5250244140625,20113812
2022-05-11,631.0082397460938,674.2999877929688,677.5,664.3250122070312,676.5,17102924
2022-05-12,616.784423828125,651.5250244140625,663.4000244140625,646.5,660.5499877929688,22382290
2022-05-13,611.2462768554688,645.6749877929688,659.0,643.5,655.0250244140625,16768238
2022-05-16,617.754638671875,652.5499877929688,656.0,642.6500244140625,649.5,9804356
2022-05-17,621.9674682617188,657.0,658.5,649.0999755859375,656.2999877929688,16641444
2022-05-18,621.9201049804688,656.9500122070312,666.6500244140625,655.0,662.0250244140625,15732384
2022-05-19,609.2109375,643.5250244140625,648.2000122070312,639.1500244140625,643.0999755859375,20537506
2022-05-20,625.257080078125,660.4749755859375,662.0999755859375,646.1749877929688,651.5,13919350
2022-05-23,617.2340087890625,652.0,664.9749755859375,649.5499877929688,657.0,19486320
2022-05-24,624.3104858398438,659.4749755859375,662.5,648.4500122070312,650.0,12870796
2022-05-25,628.972900390625,664.4000244140625,667.9749755859375,661.5999755859375,665.0,12887112
2022-05-26,646.912353515625,683.3499755859375,685.5,670.0,671.0750122070312,26992428
2022-05-27,658.9115600585938,696.0250244140625,697.3499755859375,685.375,685.9000244140625,24031718
2022-05-30,663.4083251953125,700.7750244140625,710.25,699.2249755859375,705.125,12624674
2022-05-31,657.4442138671875,694.4749755859375,702.4000244140625,690.0,697.9500122070312,13485388
2022-06-01,660.2368774414062,697.4249877929688,700.2249755859375,689.5750122070312,690.0,12091896
2022-06-02,655.621826171875,692.5499877929688,694.0,689.2999877929688,693.625,11475020
2022-06-03,653.3497924804688,690.1500244140625,700.375,688.1500244140625,699.1500244140625,6957244
2022-06-06,652.47412109375,689.2249755859375,693.5,680.3250122070312,688.1500244140625,6173266
2022-06-07,644.9716796875,681.2999877929688,687.1500244140625,677.0499877929688,681.0,10253966
2022-06-08,647.2437133789062,683.7000122070312,690.5,678.5,686.6500244140625,5986588
2022-06-09,652.119140625,688.8499755859375,691.0250244140625,678.5750122070312,681.125,7311816
2022-06-10,639.5283203125,675.5499877929688,683.9749755859375,671.7999877929688,680.0499877929688,9155430
2022-06-13,627.9315185546875,663.2999877929688,665.0,654.1500244140625,661.7999877929688,10892572
2022-06-14,621.020751953125,656.0,663.0,652.5,655.625,11870356
2022-06-15,618.8671264648438,653.7249755859375,657.9000244140625,649.2000122070312,650.8250122070312,11810470
2022-06-16,606.4893188476562,640.6500244140625,660.2750244140625,639.0,655.0,12169192
2022-06-17,610.4889526367188,644.875,649.5,635.7999877929688,637.5,14723922
2022-06-20,625.8251953125,661.0750122070312,662.5,647.0750122070312,652.3499755859375,15936840
2022-06-21,632.6412353515625,668.2750244140625,677.0,662.0250244140625,668.4500122070312,13220684
2022-06-22,629.6591186523438,665.125,668.4749755859375,661.5999755859375,666.125,8159698
2022-06-23,631.9786376953125,667.5750122070312,674.0,659.25,665.25,15372244
2022-06-24,640.8063354492188,676.9000244140625,680.8250122070312,669.2750244140625,669.2750244140625,8013432
2022-06-27,641.9660034179688,678.125,688.0,676.0,685.0,9804164
2022-06-28,637.0669555664062,672.9500122070312,675.5,669.2000122070312,672.0,9770574
2022-06-29,636.1439208984375,671.9749755859375,675.375,665.625,665.625,9994046
2022-06-30,638.0609741210938,674.0,677.0,668.0,668.0,12475822
2022-07-01,640.7826538085938,676.875,680.0,665.0250244140625,671.9749755859375,11472452
2022-07-04,641.6820068359375,677.8250122070312,680.0999755859375,671.125,676.8499755859375,8487480
2022-07-05,640.23828125,676.2999877929688,689.6749877929688,674.1500244140625,682.0,14325718
2022-07-06,649.0661010742188,685.625,686.7000122070312,673.5499877929688,674.0,15049078
2022-07-07,660.6865844726562,697.9000244140625,699.0,687.2249755859375,690.0,17743142
2022-07-08,661.3019409179688,698.5499877929688,705.0,697.375,705.0,12474030
2022-07-11,665.5856323242188,703.0750122070312,704.9500122070312,696.625,697.0,7462880
2022-07-12,658.793212890625,695.9000244140625,702.625,694.7000122070312,702.625,9876974
2022-07-13,642.7233276367188,678.9249877929688,697.0999755859375,677.125,695.0,15945610
2022-07-14,639.504638671875,675.5250244140625,686.3250122070312,674.625,681.0,10372410
2022-07-15,644.7113647460938,681.0250244140625,682.4500122070312,673.4000244140625,676.5,13595646
2022-07-18,637.8479614257812,673.7750244140625,683.0499877929688,671.0250244140625,674.0,20332220
2022-07-19,638.0846557617188,674.0250244140625,679.2750244140625,668.5,668.5,15792538
2022-07-20,646.1314086914062,682.5250244140625,685.5499877929688,677.625,679.9500122070312,20347862
2022-07-21,644.0960693359375,680.375,684.75,679.0499877929688,680.2750244140625,12640278
2022-07-22,659.12451171875,696.25,698.5,681.2000122070312,683.0,12729592
2022-07-25,661.065185546875,698.2999877929688,702.2999877929688,691.6500244140625,697.5,10143126
2022-07-26,659.7162475585938,696.875,701.0,693.1500244140625,698.0,8527964
2022-07-27,664.75732421875,702.2000122070312,703.0,692.125,694.4500122070312,9212778
2022-07-28,670.6503295898438,708.4249877929688,712.0,705.5,707.5250244140625,17420406
2022-07-29,678.8627319335938,717.0999755859375,719.2999877929688,707.6500244140625,719.0,20019736
2022-08-01,684.5192260742188,723.0750122070312,724.2249755859375,715.0250244140625,719.5,13193036
2022-08-02,676.9931030273438,715.125,722.2999877929688,711.5250244140625,721.0,15036510
2022-08-03,678.5787963867188,716.7999877929688,717.875,708.5,712.4749755859375,10975498
2022-08-04,677.7741088867188,715.9500122070312,723.3499755859375,706.4749755859375,720.0,12012206
2022-08-05,675.4784545898438,713.5250244140625,718.4749755859375,710.5750122070312,716.5,9268982
2022-08-08,692.04541015625,731.0250244140625,732.25,713.5499877929688,714.0,15357736
2022-08-10,694.0569458007812,733.1500244140625,735.75,724.5250244140625,730.6749877929688,17353102
2022-08-11,703.23974609375,742.8499755859375,745.5,737.2750244140625,743.25,18301766
2022-08-12,702.9793701171875,742.5750122070312,744.6500244140625,737.9749755859375,742.5,8850370
2022-08-16,711.026123046875,751.0750122070312,754.25,744.0250244140625,747.4000244140625,12563756
2022-08-17,714.6945190429688,754.9500122070312,756.375,742.875,750.0,12384350
2022-08-18,715.5465087890625,755.8499755859375,756.9500122070312,749.8250122070312,750.0,8342138
2022-08-19,706.7188110351562,746.5250244140625,756.0,745.0,755.0,8063702
2022-08-22,695.9739990234375,735.1749877929688,744.1749877929688,733.8499755859375,742.4000244140625,8234066
2022-08-23,693.8202514648438,732.9000244140625,737.9749755859375,725.2000122070312,726.6500244140625,14966884
2022-08-24,697.1573486328125,736.4249877929688,737.75,729.5999755859375,730.9500122070312,13455520
2022-08-25,693.3706665039062,732.4249877929688,743.4000244140625,728.5,739.9500122070312,11823040
2022-08-26,693.4889526367188,732.5499877929688,740.9000244140625,730.5999755859375,736.0250244140625,7706176
2022-08-29,681.32421875,719.7000122070312,723.0,714.2999877929688,718.5,8653178
2022-08-30,703.4290771484375,743.0499877929688,744.9749755859375,721.5499877929688,723.2249755859375,10135400
2022-09-01,696.8259887695312,736.0750122070312,744.7249755859375,729.5,732.375,22403136
2022-09-02,703.1450805664062,742.75,745.25,732.5999755859375,736.0750122070312,12038086
2022-09-05,707.66552734375,747.5250244140625,749.5,742.0499877929688,743.0499877929688,12131932
2022-09-06,704.9674072265625,744.6749877929688,753.3250122070312,743.2249755859375,749.4500122070312,12238696
2022-09-07,701.6304321289062,741.1500244140625,745.0,735.6500244140625,735.6500244140625,9776206
2022-09-08,708.8724975585938,748.7999877929688,750.0,741.0750122070312,745.0499877929688,11164690
2022-09-09,709.3458251953125,749.2999877929688,754.5,747.0250244140625,748.0999755859375,15128888
2022-09-12,706.9554443359375,746.7750244140625,752.0,745.0,750.0,11080492
2022-09-13,716.2091674804688,756.5499877929688,757.9500122070312,749.2750244140625,749.4500122070312,13001966
2022-09-14,723.5696411132812,764.3250122070312,769.4500122070312,746.1749877929688,747.0250244140625,20219760
2022-09-15,719.806640625,760.3499755859375,770.4749755859375,756.0,765.0,13539372
2022-09-16,706.5767211914062,746.375,757.3499755859375,741.5,751.5499877929688,20560046
2022-09-19,711.2391357421875,751.2999877929688,757.0,740.0,744.5,12076038
2022-09-20,719.806640625,760.3499755859375,762.0,754.9500122070312,757.0,10781668
2022-09-21,718.6942749023438,759.1749877929688,760.75,752.5,754.0,9072304
2022-09-22,703.3817749023438,743.0,755.0750122070312,741.375,751.0,12048144
2022-09-23,684.5192260742188,723.0750122070312,737.5,718.5,736.1749877929688,15806252
2022-09-26,675.2890625,713.3250122070312,718.2249755859375,709.0,712.6749877929688,8923486
2022-09-27,669.2302856445312,706.9249877929688,720.0,703.5,716.2000122070312,12639700
2022-09-28,657.7281494140625,694.7750244140625,705.2999877929688,692.9500122070312,703.0,11816132
2022-09-29,654.3201904296875,691.1749877929688,701.0999755859375,689.4000244140625,698.1500244140625,14410388
2022-09-30,672.7803955078125,710.6749877929688,715.7249755859375,682.5,689.4000244140625,15781756
2022-10-03,668.922607421875,706.5999755859375,708.9249877929688,700.5499877929688,704.9749755859375,11541112
2022-10-04,687.7615356445312,726.5,729.0,713.0750122070312,714.75,11538526
2022-10-06,680.1881103515625,718.5,731.2999877929688,717.0999755859375,729.9749755859375,12549198
2022-10-07,677.2534790039062,715.4000244140625,717.4749755859375,710.1749877929688,715.125,13297994
2022-10-10,669.7747192382812,707.5,713.0,699.0999755859375,704.0,13109302
2022-10-11,662.9822387695312,700.3250122070312,708.5,699.7249755859375,700.5499877929688,14521620
2022-10-12,667.313232421875,704.9000244140625,707.4249877929688,698.6500244140625,701.5999755859375,9225050
2022-10-13,659.6452026367188,696.7999877929688,703.125,692.0,701.0250244140625,14714234
2022-10-14,681.1348876953125,719.5,723.5,707.625,708.5,12849920
2022-10-17,684.70849609375,723.2750244140625,728.7999877929688,713.5,717.5,18410500
2022-10-18,683.4304809570312,721.9249877929688,731.4500122070312,720.0,729.0250244140625,10561108
2022-10-19,690.4359741210938,729.3250122070312,738.7000122070312,726.7000122070312,732.0,12967040
2022-10-20,685.7736206054688,724.4000244140625,726.4500122070312,721.25,722.0,7898078
2022-10-21,680.9454345703125,719.2999877929688,728.8250122070312,717.0,726.0,10492606
2022-10-24,691.572021484375,730.5250244140625,731.5,727.1500244140625,727.1500244140625,2167794
2022-10-25,686.767578125,725.4500122070312,733.9000244140625,722.5,730.5499877929688,13773394
2022-10-27,688.4242553710938,727.2000122070312,733.6749877929688,725.625,732.25,15937276
2022-10-28,690.4595336914062,729.3499755859375,733.5,723.7000122070312,725.0,10474278
2022-10-31,708.4464721679688,748.3499755859375,749.0,733.625,736.0,12830528
2022-11-01,716.2802124023438,756.625,764.5,749.4500122070312,751.75,19073756
2022-11-02,716.72998046875,757.0999755859375,764.125,755.7999877929688,758.5,12720406
2022-11-03,713.5822143554688,753.7750244140625,760.125,748.5,748.8499755859375,10332352
2022-11-04,708.6594848632812,748.5750122070312,758.0499877929688,744.7999877929688,751.5999755859375,10818060
2022-11-07,714.1738891601562,754.4000244140625,756.0,746.0499877929688,755.0,9835834
2022-11-09,713.9608154296875,754.1749877929688,758.9749755859375,752.0,757.5250244140625,9269790
2022-11-10,721.7236328125,762.375,763.5,747.5250244140625,748.5499877929688,12774182
2022-11-11,762.6201171875,805.5750122070312,818.5,769.0,772.5,56722338
2022-11-14,764.4661254882812,807.5250244140625,814.0,799.0,806.0,19195390
2022-11-15,766.3358154296875,809.5,811.5750122070312,802.625,811.5750122070312,11030202
2022-11-16,772.915283203125,816.4500122070312,821.0,806.0,809.3250122070312,13578150
2022-11-17,765.9335327148438,809.0750122070312,815.7750244140625,806.9500122070312,809.0499877929688,12100930
2022-11-18,763.9218139648438,806.9500122070312,811.5,802.625,810.5,10459232
2022-11-21,756.0880126953125,798.6749877929688,806.0,795.0999755859375,803.8250122070312,8344816
2022-11-22,754.9757080078125,797.5,802.1749877929688,795.5,800.0,8546314
2022-11-23,756.9400634765625,799.5750122070312,802.5,797.0,802.5,10185738
2022-11-24,769.246826171875,812.5750122070312,816.0,799.5750122070312,802.9749755859375,17197960
2022-11-25,765.69677734375,808.8250122070312,815.8499755859375,807.0499877929688,814.8499755859375,8410496
2022-11-28,757.460693359375,800.125,803.7249755859375,797.0250244140625,801.4500122070312,16105980
2022-11-29,756.3245849609375,798.9249877929688,806.1749877929688,796.4249877929688,798.625,12638236
2022-11-30,761.3421020507812,804.2249755859375,806.4500122070312,798.5499877929688,798.5499877929688,15184806
2022-12-01,766.572509765625,809.75,818.5,807.5,811.0,20446366
2022-12-02,760.7030639648438,803.5499877929688,809.2999877929688,802.5750122070312,805.0,7811078
2022-12-05,763.4721069335938,806.4749755859375,807.2999877929688,798.0999755859375,804.9749755859375,11592622
2022-12-06,762.6201171875,805.5750122070312,806.8499755859375,800.0,800.5,12353092
2022-12-07,762.2887573242188,805.2249755859375,809.2999877929688,802.2249755859375,807.0750122070312,11674720
2022-12-08,766.572509765625,809.75,813.0,802.5,805.0,14803634
2022-12-09,772.03955078125,815.5250244140625,817.4249877929688,810.0,813.0,11963384
2022-12-12,778.0509643554688,821.875,826.7999877929688,810.7000122070312,812.5,14434808
2022-12-13,780.20458984375,824.1500244140625,828.5,822.5,825.0,17031702
2022-12-14,786.8077392578125,831.125,832.75,825.0,826.5,14227640
2022-12-15,772.3946533203125,815.9000244140625,834.7000122070312,813.5250244140625,828.5250244140625,18182648
2022-12-16,776.1102905273438,819.8250122070312,822.5499877929688,804.5,810.0250244140625,14647958
2022-12-19,778.5242919921875,822.375,823.3250122070312,813.0999755859375,822.0,9604542
2022-12-20,773.15185546875,816.7000122070312,818.2000122070312,810.0999755859375,810.0999755859375,7174698
2022-12-21,765.6732177734375,808.7999877929688,822.4000244140625,803.2750244140625,820.5,9269198
2022-12-22,763.046142578125,806.0250244140625,813.75,804.5,811.0999755859375,9747096
2022-12-23,756.2300415039062,798.8250122070312,802.0750122070312,792.7249755859375,793.5,10693152
2022-12-26,771.2822265625,814.7249755859375,819.5,795.0,799.75,9907322
2022-12-27,772.0632934570312,815.5499877929688,817.9749755859375,806.75,816.5,7926772
2022-12-28,771.4478759765625,814.9000244140625,816.5,811.5499877929688,811.5499877929688,8691870
2022-12-29,776.8912963867188,820.6500244140625,821.75,805.5,810.0499877929688,11012896
2022-12-30,770.6668701171875,814.0750122070312,822.5,810.0,822.5,7122640
2023-01-02,770.9271240234375,814.3499755859375,819.875,809.2750244140625,813.5,4381378
2023-01-03,775.9682006835938,819.6749877929688,821.5,811.0999755859375,811.0999755859375,8378030
2023-01-04,762.0994873046875,805.0250244140625,822.875,803.5,817.5,10351600
2023-01-05,757.200439453125,799.8499755859375,809.0250244140625,794.7000122070312,807.5,10941436
2023-01-06,754.6917114257812,797.2000122070312,804.5499877929688,789.0999755859375,801.0,9092462
2023-01-09,756.1590576171875,798.75,805.7750244140625,795.0,798.0,10729340
2023-01-10,742.3375854492188,784.1500244140625,800.0,782.5,800.0,16371766
2023-01-11,753.0350341796875,795.4500122070312,799.0,780.0,783.9749755859375,15195798
2023-01-12,757.058349609375,799.7000122070312,801.9500122070312,792.0750122070312,793.9000244140625,9250070
2023-01-13,757.6500244140625,800.3250122070312,804.9500122070312,793.0,799.375,9244546
2023-01-16,750.3843383789062,792.6500244140625,810.6500244140625,790.1500244140625,807.5,14748094
2023-01-17,761.5551147460938,804.4500122070312,805.5,788.75,794.9000244140625,10786354
2023-01-18,774.9979858398438,818.6500244140625,820.7999877929688,799.8499755859375,802.5,19090642
2023-01-19,778.2166137695312,822.0499877929688,825.0,816.5,818.5,11172162
2023-01-20,786.1923828125,830.4749755859375,834.5,821.7000122070312,822.0499877929688,18843404
2023-01-23,791.9435424804688,836.5499877929688,841.2999877929688,830.7000122070312,833.125,15444400
2023-01-24,802.5463256835938,847.75,851.2000122070312,837.5,837.5250244140625,24983940
2023-01-25,780.3703002929688,824.3250122070312,846.4749755859375,822.6500244140625,845.7000122070312,14704142
2023-01-27,764.8211669921875,807.9000244140625,818.5,794.9749755859375,816.0,35179948
2023-01-30,764.0400390625,807.0750122070312,812.6500244140625,791.0,797.5,18512822
2023-01-31,758.9991455078125,801.75,811.3499755859375,797.5,809.8499755859375,18596244
2023-02-01,770.3829345703125,813.7750244140625,832.5,803.0,812.0,17302790
2023-02-02,758.9280395507812,801.6749877929688,812.25,794.375,804.0499877929688,17497106
2023-02-03,785.1746826171875,829.4000244140625,830.25,803.5,805.5,14411100
2023-02-06,781.837646484375,825.875,834.7000122070312,823.0999755859375,830.0,11167672
2023-02-07,782.997314453125,827.0999755859375,832.4500122070312,816.2999877929688,829.7000122070312,10264588
2023-02-08,782.9026489257812,827.0,834.0999755859375,825.0,827.125,8444826
2023-02-09,781.2697143554688,825.2750244140625,830.8250122070312,817.7750244140625,830.0,11777336
2023-02-10,784.3700561523438,828.5499877929688,829.25,821.0999755859375,824.4000244140625,8172116
2023-02-13,784.961669921875,829.1749877929688,830.875,822.2750244140625,827.5,5736944
2023-02-14,792.2274780273438,836.8499755859375,838.75,828.9749755859375,832.5,10908592
2023-02-15,790.6181640625,835.1500244140625,839.0,828.375,839.0,11438712
2023-02-16,787.7544555664062,832.125,840.9500122070312,830.5,836.5999755859375,8062500
2023-02-17,783.802001953125,827.9500122070312,834.0750122070312,821.4749755859375,830.5,8956270
2023-02-20,776.4415893554688,820.1749877929688,834.7249755859375,817.4000244140625,830.0,8086706
2023-02-21,779.3526611328125,823.25,831.1749877929688,817.0,820.0,12389296
2023-02-22,764.0637817382812,807.0999755859375,820.9749755859375,804.5250244140625,819.5,10359102
2023-02-23,758.8807373046875,801.625,809.4249877929688,796.0499877929688,806.5,27882010
2023-02-24,752.112060546875,794.4749755859375,808.9500122070312,792.5999755859375,808.9500122070312,17061740
2023-02-27,753.981689453125,796.4500122070312,799.5,788.6500244140625,792.9500122070312,14312972
2023-02-28,757.1530151367188,799.7999877929688,802.6500244140625,794.3499755859375,796.0,18993992
2023-03-01,756.41943359375,799.0250244140625,806.5,797.875,806.0,14137256
2023-03-02,749.9819946289062,792.2249755859375,802.9749755859375,791.0,797.0,17391814
2023-03-03,764.8684692382812,807.9500122070312,810.0,794.0,798.0,14986234
2023-03-06,770.2645874023438,813.6500244140625,819.7249755859375,809.0250244140625,810.0,27004710
2023-03-08,771.8029174804688,815.2750244140625,819.75,810.0,810.0,20099774
2023-03-09,771.8739013671875,815.3499755859375,822.9749755859375,813.5,814.9749755859375,20700166
2023-03-10,751.9700317382812,794.3250122070312,806.875,792.5,805.2249755859375,27387000
2023-03-13,742.4558715820312,784.2750244140625,801.9000244140625,782.4749755859375,793.9500122070312,26443550
2023-03-14,740.4678344726562,782.1749877929688,791.7999877929688,779.6500244140625,785.125,33185612
2023-03-15,729.8414306640625,770.9500122070312,791.4500122070312,768.2999877929688,789.0,37264754
2023-03-16,734.5747680664062,775.9500122070312,779.5499877929688,766.0250244140625,769.5,21753342
2023-03-17,744.3966064453125,786.3250122070312,789.5999755859375,770.0,778.75,22950876
2023-03-20,739.2371826171875,780.875,784.0499877929688,772.7000122070312,783.9749755859375,26503114
2023-03-21,747.6152954101562,789.7249755859375,791.25,778.0999755859375,785.9749755859375,33050494
2023-03-22,745.8875732421875,787.9000244140625,793.0250244140625,782.6500244140625,792.0,14177324
2023-03-23,739.8998413085938,781.5750122070312,795.1749877929688,779.2750244140625,783.875,28364178
2023-03-24,738.716552734375,780.3250122070312,786.9500122070312,777.4749755859375,780.0,31477748
2023-03-27,741.9351806640625,783.7249755859375,789.7249755859375,779.4500122070312,781.0999755859375,31872006
2023-03-28,747.9702758789062,790.0999755859375,791.4500122070312,782.0499877929688,782.8499755859375,39276302
2023-03-29,751.567626953125,793.9000244140625,801.0,790.9500122070312,792.0,39763612
2023-03-31,761.86279296875,804.7750244140625,806.4749755859375,796.2000122070312,797.7999877929688,34711228
2023-04-03,762.3361206054688,805.2750244140625,807.8499755859375,801.375,803.7750244140625,40025398
2023-04-05,782.7843627929688,826.875,828.0,808.0,809.2999877929688,43365392
2023-04-06,788.7484130859375,833.1749877929688,834.5999755859375,823.5499877929688,824.2750244140625,44637344
2023-04-10,785.009033203125,829.2249755859375,835.5,827.0,831.625,31813286
2023-04-11,787.3047485351562,831.6500244140625,834.7000122070312,825.5499877929688,829.5,42361542
2023-04-12,797.5288696289062,842.4500122070312,844.0999755859375,833.9000244140625,834.0,26955504
2023-04-13,801.1026000976562,846.2249755859375,848.5250244140625,839.0750122070312,844.1500244140625,35330086
2023-04-17,788.8904418945312,833.3250122070312,860.0,826.6500244140625,860.0,32405148
2023-04-18,785.5534057617188,829.7999877929688,838.625,828.2000122070312,835.0,29637226
2023-04-19,788.4407348632812,832.8499755859375,835.1500244140625,828.5750122070312,832.5,24741168
2023-04-20,791.3754272460938,835.9500122070312,838.7249755859375,833.2000122070312,835.8499755859375,32922716
2023-04-21,792.6534423828125,837.2999877929688,838.4749755859375,831.625,834.5,20128618
2023-04-24,799.0672607421875,844.0750122070312,845.7249755859375,837.0499877929688,843.5,35675852
2023-04-25,787.7071533203125,832.0750122070312,843.8499755859375,830.9500122070312,843.8499755859375,50353068
2023-04-26,791.328125,835.9000244140625,837.5,827.5,830.0,27392750
2023-04-27,795.6828002929688,840.5,842.625,832.9249877929688,835.25,47790392
2023-04-28,798.806884765625,843.7999877929688,845.5,835.0,842.3499755859375,27916272
2023-05-02,798.6411743164062,843.625,849.5,841.0,844.3499755859375,32221184
2023-05-03,801.4338989257812,846.5750122070312,848.0,839.8250122070312,842.4749755859375,29407270
2023-05-04,817.8351440429688,863.9000244140625,867.2249755859375,843.5499877929688,843.5499877929688,56854638
2023-05-05,769.4835205078125,812.8250122070312,830.4749755859375,811.0499877929688,819.5,62770416
2023-05-08,778.38232421875,822.2249755859375,825.1749877929688,815.0,817.5,37244524
2023-05-09,778.4058837890625,822.25,828.0,819.9749755859375,824.9500122070312,43688938
2023-05-10,782.0032958984375,826.0499877929688,827.3250122070312,816.5499877929688,822.25,46340550
2023-05-11,782.5240478515625,826.5999755859375,844.0,824.625,832.5750122070312,35734618
2023-05-12,789.4347534179688,833.9000244140625,836.4000244140625,822.125,823.5,22478760
2023-05-15,793.2215576171875,837.9000244140625,840.375,832.5499877929688,836.0,18512260
2023-05-16,788.6732177734375,823.6500244140625,835.9000244140625,822.0,835.9000244140625,32722086
2023-05-17,784.4360961914062,819.2249755859375,825.0,812.6749877929688,825.0,30466868
2023-05-18,787.572021484375,822.5,826.9749755859375,820.0,824.0,49646942
2023-05-19,788.481689453125,823.4500122070312,825.0,815.7750244140625,824.0,30460332
2023-05-22,785.6809692382812,820.5250244140625,826.4500122070312,816.3499755859375,822.5,28334032
2023-05-23,783.837646484375,818.5999755859375,824.7999877929688,816.7249755859375,824.5,22470074
2023-05-24,773.592041015625,807.9000244140625,817.375,806.7999877929688,813.7750244140625,33588112
2023-05-25,770.6236572265625,804.7999877929688,810.0250244140625,798.6749877929688,807.8499755859375,29776930
2023-05-26,773.592041015625,807.9000244140625,809.5,801.125,809.5,26635066
2023-05-29,783.0237426757812,817.75,820.5,812.4249877929688,814.25,21816292
2023-05-30,783.6222534179688,818.375,821.3250122070312,814.2750244140625,816.7999877929688,37125928
2023-05-31,771.22216796875,805.4249877929688,817.4749755859375,802.3250122070312,814.9500122070312,43334270
2023-06-01,767.942626953125,802.0,809.9500122070312,800.0,809.9500122070312,50366938
2023-06-02,769.1394653320312,803.25,807.4000244140625,800.5,806.2249755859375,17859710
2023-06-05,768.1341552734375,802.2000122070312,808.25,801.2249755859375,807.25,18697242
2023-06-06,765.740234375,799.7000122070312,804.9249877929688,796.125,803.8250122070312,32182852
2023-06-07,769.7139892578125,803.8499755859375,806.2750244140625,798.0,801.7249755859375,24949026
2023-06-08,770.1927490234375,804.3499755859375,813.0,801.625,801.625,37395522
2023-06-09,771.1024169921875,805.2999877929688,809.25,803.5,807.9500122070312,18212578
2023-06-12,766.4104614257812,800.4000244140625,807.9000244140625,799.7249755859375,806.2750244140625,13408292
2023-06-13,767.7032470703125,801.75,804.5,795.0499877929688,795.0499877929688,27926108
2023-06-14,766.8653564453125,800.875,806.0,800.0999755859375,805.2249755859375,20113968
2023-06-15,757.4336547851562,791.0250244140625,802.9749755859375,789.5,802.0,35377476
2023-06-16,767.3441162109375,801.375,804.5999755859375,792.0,793.5750122070312,15779272
2023-06-19,768.0144653320312,802.0750122070312,807.125,799.1749877929688,805.5,24829146
2023-06-20,769.6182861328125,803.75,805.5,795.3250122070312,802.0750122070312,20005626
2023-06-21,783.0716552734375,817.7999877929688,818.625,805.5,808.0,24308946
2023-06-22,786.9017333984375,821.7999877929688,828.7750244140625,819.5250244140625,820.0,56596140
2023-06-23,786.8538818359375,821.75,829.9500122070312,817.0250244140625,818.7750244140625,21339218
2023-06-26,783.0477294921875,817.7750244140625,825.375,814.3499755859375,822.5,16130314
2023-06-27,794.0831909179688,829.2999877929688,836.4500122070312,819.2750244140625,821.4749755859375,33831864
2023-06-28,802.4856567382812,838.0750122070312,839.9500122070312,830.25,835.0,59562950
2023-06-30,814.5745849609375,850.7000122070312,854.4000244140625,841.625,852.0,40699016
2023-07-03,823.3838500976562,859.9000244140625,878.75,855.0,856.25,44104116
2023-07-04,827.4054565429688,864.0999755859375,873.5,856.9000244140625,861.7249755859375,38795188
2023-07-05,801.1212158203125,836.6500244140625,860.0,834.2750244140625,858.125,37165754
2023-07-06,801.9349975585938,837.5,843.9249877929688,830.2000122070312,836.5,52156544
2023-07-07,794.945068359375,830.2000122070312,837.5,828.1500244140625,832.5,19926336
2023-07-10,793.0538940429688,828.2249755859375,838.375,824.8499755859375,830.5,38398442
2023-07-11,789.1998291015625,824.2000122070312,838.0,822.75,831.5,50670426
2023-07-12,781.8029174804688,816.4749755859375,833.1500244140625,813.5750122070312,827.6749877929688,70958358
2023-07-13,785.704833984375,820.5499877929688,828.7249755859375,819.0250244140625,828.3499755859375,41913546
2023-07-14,787.3325805664062,822.25,826.7999877929688,817.5,826.7999877929688,24727214
2023-07-17,803.8023071289062,839.4500122070312,841.0,816.5,825.0,49252928
2023-07-18,803.1319580078125,838.75,852.0,835.0,849.0,81076818
2023-07-19,806.7706298828125,842.5499877929688,844.375,837.5,840.5499877929688,32935134
2023-07-20,808.5181274414062,844.375,846.0,840.0,840.5750122070312,56210948
2023-07-21,802.2940673828125,837.875,844.9000244140625,836.625,840.0,42154248
2023-07-24,803.5628662109375,839.2000122070312,842.3250122070312,835.0499877929688,839.25,32179444
2023-07-25,812.2764892578125,848.2999877929688,849.5,839.2000122070312,842.3250122070312,55992596
2023-07-26,809.45166015625,845.3499755859375,849.7999877929688,844.0,849.7999877929688,24794358
2023-07-27,801.0493774414062,836.5750122070312,851.5,833.7249755859375,849.9500122070312,59741302
2023-07-28,786.8538818359375,821.75,834.4500122070312,820.5499877929688,830.75,41015684
2023-07-31,790.5404052734375,825.5999755859375,828.4000244140625,819.3499755859375,825.0250244140625,34565006
2023-08-01,795.8307495117188,831.125,833.7249755859375,825.0,827.2249755859375,35394188
2023-08-02,785.4176635742188,820.25,825.75,816.5750122070312,821.0,28116322
2023-08-03,779.7442016601562,814.3250122070312,825.6749877929688,811.5,820.0,57673946
2023-08-04,791.0191650390625,826.0999755859375,828.25,814.625,817.5750122070312,37388304
2023-08-07,790.5642700195312,825.625,831.5499877929688,823.7750244140625,831.5499877929688,28300918
2023-08-08,789.9180297851562,824.9500122070312,827.7999877929688,821.0250244140625,825.8499755859375,43773828
2023-08-09,790.2052612304688,825.25,827.25,815.5499877929688,826.5,33361236
2023-08-10,783.1913452148438,817.9249877929688,827.125,815.5,823.5250244140625,50781118
2023-08-11,775.0283203125,809.4000244140625,819.2000122070312,808.0999755859375,819.2000122070312,28225822
2023-08-14,771.24609375,805.4500122070312,807.5,800.125,805.5,31304410
2023-08-16,768.995849609375,803.0999755859375,804.8250122070312,790.6500244140625,791.5499877929688,34137542
2023-08-17,764.7348022460938,798.6500244140625,804.9500122070312,797.0,798.7999877929688,52884040
2023-08-18,761.598876953125,795.375,798.1500244140625,792.75,793.7750244140625,25633366
2023-08-21,761.00048828125,794.75,800.25,793.5,800.25,21837270
2023-08-22,757.7448120117188,791.3499755859375,799.0,790.0,798.1749877929688,32273570
2023-08-23,759.6119995117188,793.2999877929688,795.2750244140625,786.625,790.0,36498588
2023-08-24,756.1170654296875,789.6500244140625,798.0999755859375,788.0750122070312,796.6500244140625,43145792
2023-08-25,747.5950317382812,780.75,788.75,779.2000122070312,787.2750244140625,30069756
2023-08-28,755.3748779296875,788.875,791.3250122070312,780.75,780.75,28867238
2023-08-29,761.3834838867188,795.1500244140625,796.3250122070312,790.7249755859375,794.8499755859375,35538932
2023-08-30,755.8297119140625,789.3499755859375,801.9749755859375,786.8499755859375,801.9749755859375,28084204
2023-08-31,752.3587036132812,785.7249755859375,791.5750122070312,781.5499877929688,789.5,100075772
2023-09-01,753.9146728515625,787.3499755859375,789.5,779.6749877929688,785.5,43226776
2023-09-04,758.630615234375,792.2750244140625,795.7249755859375,787.4500122070312,795.0,25073638
2023-09-05,754.010498046875,787.4500122070312,794.2000122070312,785.2999877929688,794.2000122070312,38712082
2023-09-06,763.873046875,797.75,800.0,787.4500122070312,788.4000244140625,56320910
2023-09-07,771.22216796875,805.4249877929688,807.0,793.5750122070312,797.75,34208342
2023-09-08,777.230712890625,811.7000122070312,816.4500122070312,803.7999877929688,804.1500244140625,34502210
2023-09-11,781.2523803710938,815.9000244140625,818.25,812.0,814.4500122070312,31573022
2023-09-12,783.694091796875,818.4500122070312,821.4500122070312,812.5250244140625,820.0,39033340
2023-09-13,787.04541015625,821.9500122070312,825.7999877929688,814.2999877929688,815.6500244140625,46420094
2023-09-14,786.566650390625,821.4500122070312,825.0,817.5499877929688,822.125,23538848
2023-09-15,795.5913696289062,830.875,835.0,825.0,825.0,173411202
2023-09-18,779.9356689453125,814.5250244140625,827.5,813.0499877929688,826.875,37056288
2023-09-20,748.6482543945312,781.8499755859375,799.5,780.2000122070312,799.5,115474648
2023-09-21,743.6929931640625,776.6749877929688,784.4749755859375,768.5250244140625,776.5,72841442
2023-09-22,732.3463134765625,764.8250122070312,782.2000122070312,761.875,779.5,61704250
2023-09-25,732.9925537109375,765.5,770.3499755859375,762.5,762.5,40208754
2023-09-26,736.1764526367188,768.8250122070312,770.0,762.5,762.5,27575308
2023-09-27,731.0056762695312,763.4249877929688,766.25,757.5,761.5,39338538
2023-09-28,729.49755859375,761.8499755859375,768.7999877929688,759.1749877929688,767.0,55354188
2023-09-29,730.7423095703125,763.1500244140625,767.7249755859375,761.1500244140625,761.8499755859375,32053782
2023-10-03,722.0048217773438,754.0250244140625,763.5,753.0,763.5,38971694
2023-10-04,732.2984008789062,764.7750244140625,767.5,744.625,747.5,54649430
2023-10-05,735.2666625976562,767.875,775.7750244140625,766.2999877929688,767.5250244140625,48512674
2023-10-06,734.452880859375,767.0250244140625,772.5,764.9249877929688,772.0,17759356
2023-10-09,725.9307250976562,758.125,765.0,756.0,764.0,16454972
2023-10-10,730.0481567382812,762.4249877929688,764.5,757.5999755859375,760.2750244140625,33266292
2023-10-11,737.1099853515625,769.7999877929688,771.0750122070312,764.25,765.0499877929688,31333360
2023-10-12,742.017333984375,774.9249877929688,776.0,765.7999877929688,768.0499877929688,22025336
2023-10-13,735.2666625976562,767.875,774.4000244140625,764.9749755859375,770.0,39745300
2023-10-16,732.322265625,764.7999877929688,767.2249755859375,760.25,765.75,17856084
2023-10-17,737.8759155273438,770.5999755859375,777.875,767.5,777.875,32902558
2023-10-18,727.6064453125,759.875,770.5999755859375,759.0499877929688,770.5999755859375,31216200
2023-10-19,725.308349609375,757.4749755859375,763.125,751.5999755859375,752.7000122070312,30252364
2023-10-20,729.066650390625,761.4000244140625,763.5,752.5,752.5,21094010
2023-10-23,721.04736328125,753.0250244140625,764.375,750.0499877929688,761.75,22376136
2023-10-25,716.47509765625,748.25,761.4000244140625,745.7249755859375,760.5,28311996
2023-10-26,700.6279296875,731.7000122070312,746.0,730.125,745.625,55561798
2023-10-27,703.380859375,734.5750122070312,739.0,733.4500122070312,734.75,31940532
2023-10-30,711.0171508789062,742.5499877929688,744.9749755859375,730.9500122070312,731.625,23310982
2023-10-31,706.8998413085938,738.25,752.0,737.0,752.0,32634824
2023-11-01,705.9421997070312,737.25,738.7249755859375,731.125,731.125,33877466
2023-11-02,707.0194702148438,738.375,745.25,733.5750122070312,742.5,45225154
2023-11-03,710.3707885742188,741.875,745.7000122070312,740.8250122070312,744.0,18095340
2023-11-06,715.517578125,747.25,749.0,741.5,749.0,25593730
2023-11-07,712.0464477539062,743.625,747.0,738.5999755859375,747.0,41952848
2023-11-08,714.1052856445312,745.7750244140625,746.7249755859375,740.5,741.9749755859375,31399546
2023-11-09,711.280517578125,742.8250122070312,746.2999877929688,741.75,743.0,22116740
2023-11-10,714.0812377929688,745.75,748.0,740.0250244140625,740.0499877929688,14015186
2023-11-13,712.78857421875,744.4000244140625,747.9749755859375,742.9500122070312,746.0499877929688,20605914
2023-11-15,720.2573852539062,752.2000122070312,755.4749755859375,750.2750244140625,752.0499877929688,41245460
2023-11-16,722.1484375,754.1749877929688,759.5,751.875,754.8499755859375,29713838
2023-11-17,720.5924682617188,752.5499877929688,753.75,744.5,745.0,23701874
2023-11-20,720.640380859375,752.5999755859375,756.5,750.7750244140625,756.5,19331452
2023-11-21,726.74462890625,758.9749755859375,761.0,756.0499877929688,759.5,24959972
2023-11-22,724.1593017578125,756.2750244140625,760.0,751.7750244140625,760.0,29123650
2023-11-23,728.3485107421875,760.6500244140625,761.9249877929688,754.25,754.25,13046220
2023-11-24,733.5191650390625,766.0499877929688,766.5750122070312,759.9249877929688,760.5999755859375,16469192
2023-11-28,731.8674926757812,764.3250122070312,768.625,762.9000244140625,767.5999755859375,28489338
2023-11-29,746.4698486328125,779.5750122070312,781.5,766.5,766.9500122070312,34042488
2023-11-30,746.3023071289062,779.4000244140625,786.2249755859375,771.0750122070312,784.5750122070312,69491440
2023-12-01,744.6744384765625,777.7000122070312,782.875,776.0499877929688,778.9500122070312,22153536
2023-12-04,770.5279541015625,804.7000122070312,806.0,786.8250122070312,794.0,50662456
2023-12-05,777.3742065429688,811.8499755859375,819.5,808.25,818.25,52230820
2023-12-06,779.3372802734375,813.9000244140625,819.2249755859375,808.3250122070312,819.2249755859375,38613060
2023-12-07,780.6058959960938,815.2249755859375,817.0,808.0999755859375,812.5,20450386
2023-12-08,791.4979248046875,826.5999755859375,827.5,815.2249755859375,815.2249755859375,33728038
2023-12-11,790.4446411132812,825.5,831.8499755859375,823.5,825.0250244140625,23187620
2023-12-12,782.5928344726562,817.2999877929688,828.125,815.9249877929688,827.0999755859375,36581476
2023-12-13,780.8214111328125,815.4500122070312,818.0,807.5499877929688,816.2249755859375,29346914
2023-12-14,790.0376586914062,825.0750122070312,829.4749755859375,822.5,823.0,35172366
2023-12-15,793.1018676757812,828.2750244140625,834.0,823.2999877929688,825.0,138837130
2023-12-18,792.6948852539062,827.8499755859375,832.3499755859375,825.4749755859375,830.3499755859375,18014754
2023-12-19,791.3543090820312,826.4500122070312,829.3250122070312,822.0250244140625,825.0,24008446
2023-12-20,793.3172607421875,828.5,834.4749755859375,822.2249755859375,829.0,34232520
2023-12-21,807.5365600585938,843.3499755859375,844.875,825.125,828.5,36589240
2023-12-22,799.9481201171875,835.4249877929688,842.9500122070312,833.5499877929688,841.7999877929688,48578850
2023-12-26,805.5018310546875,841.2249755859375,842.9749755859375,834.2750244140625,836.625,18045856
2023-12-27,815.4841918945312,851.6500244140625,853.25,839.2999877929688,840.75,27009078
2023-12-28,816.417724609375,852.625,860.7000122070312,851.0,854.6500244140625,44076470
2023-12-29,818.3328247070312,854.625,857.4500122070312,848.0,848.5,25011426
2024-01-01,812.9945678710938,849.0499877929688,854.5750122070312,846.0,853.0,14239686
2024-01-02,813.4733276367188,849.5499877929688,851.4000244140625,844.3499755859375,849.4000244140625,29242092
2024-01-03,800.9295654296875,836.4500122070312,852.3499755859375,834.4749755859375,851.0,28389762
2024-01-04,809.5234985351562,845.4249877929688,847.4749755859375,835.3499755859375,839.0,26734056
2024-01-05,805.382080078125,841.0999755859375,852.4500122070312,834.0499877929688,843.5750122070312,31889470
2024-01-08,796.4052734375,831.7249755859375,841.1749877929688,830.0,839.25,17998470
2024-01-09,790.2052612304688,825.25,838.9000244140625,823.375,833.5750122070312,25326888
2024-01-10,792.8145141601562,827.9749755859375,829.9749755859375,820.7000122070312,821.5,16115824
2024-01-11,789.487060546875,824.5,831.4500122070312,821.5,830.0,18314010
2024-01-12,785.752685546875,820.5999755859375,828.0,816.7999877929688,826.0,19773552
2024-01-15,800.8817138671875,836.4000244140625,840.4500122070312,821.7999877929688,823.8499755859375,28320356
2024-01-16,803.9219360351562,839.5750122070312,841.8250122070312,829.0499877929688,836.5,25322500
2024-01-17,736.1046142578125,768.75,798.4000244140625,764.2000122070312,785.0,170145236
2024-01-18,711.5198974609375,743.0750122070312,757.5,740.0250244140625,747.0,161070930
2024-01-19,704.0989379882812,735.3250122070312,755.125,734.2000122070312,752.9749755859375,109600538
2024-01-23,683.3682861328125,713.6749877929688,737.3499755859375,712.5,732.5,115469402
2024-01-24,697.0371704101562,727.9500122070312,729.2249755859375,690.125,690.125,86004404
2024-01-25,686.9830932617188,717.4500122070312,728.6749877929688,709.7000122070312,726.25,98941852
2024-01-29,696.4386596679688,727.3250122070312,731.4000244140625,722.9000244140625,724.0250244140625,65645498
2024-01-30,691.4835205078125,722.1500244140625,731.5999755859375,720.4500122070312,727.2750244140625,41728768
2024-01-31,700.2210083007812,731.2750244140625,737.4749755859375,718.4000244140625,719.75,65761040
2024-02-01,702.0402221679688,733.1749877929688,736.7999877929688,728.0250244140625,732.5250244140625,32690740
2024-02-02,692.3692016601562,723.0750122070312,740.4249877929688,721.0250244140625,737.5,44867754
2024-02-05,691.7467651367188,722.4249877929688,725.9500122070312,717.0250244140625,723.0,38605046
2024-02-06,691.3876953125,722.0499877929688,724.8499755859375,716.2999877929688,722.7750244140625,41075740
2024-02-07,684.6131591796875,714.9749755859375,726.9000244140625,713.3250122070312,726.5,54837086
2024-02-08,671.7343139648438,701.5250244140625,719.4749755859375,700.25,714.9249877929688,69106124
2024-02-09,671.9976196289062,701.7999877929688,707.0999755859375,693.5,696.0750122070312,56642124
2024-02-12,665.4863891601562,695.0,706.8250122070312,691.6749877929688,699.8250122070312,34447812
2024-02-13,667.616943359375,697.2249755859375,702.1749877929688,692.1749877929688,695.9749755859375,57580994
2024-02-14,662.6378173828125,692.0250244140625,695.75,681.7750244140625,688.0,91320810
2024-02-15,677.000732421875,707.0250244140625,707.75,692.1749877929688,692.5,41584944
2024-02-16,679.8015747070312,709.9500122070312,713.8499755859375,704.2249755859375,711.9500122070312,32175742
2024-02-19,678.4609985351562,708.5499877929688,714.5,707.5999755859375,714.5,34451756
2024-02-20,696.2711181640625,727.1500244140625,728.625,705.9000244140625,707.5,56133508
2024-02-21,689.017822265625,719.5750122070312,732.0,717.5,732.0,45893136
2024-02-22,679.6339721679688,709.7750244140625,714.4000244140625,706.0999755859375,708.875,50560882
2024-02-23,680.1366577148438,710.2999877929688,716.9500122070312,709.0,711.2750244140625,29833452
2024-02-26,680.9505615234375,711.1500244140625,717.4249877929688,706.7750244140625,706.7750244140625,23506870
2024-02-27,679.9213256835938,710.0750122070312,713.3499755859375,706.5250244140625,706.7750244140625,32087150
2024-02-28,674.7744750976562,704.7000122070312,712.0999755859375,702.0,710.0750122070312,25321986
2024-02-29,671.9019165039062,701.7000122070312,705.2000122070312,698.6500244140625,701.0499877929688,53295700
2024-03-01,684.9961547851562,715.375,716.375,700.0,700.0,34738898
2024-03-04,685.9296875,716.3499755859375,718.5,712.1500244140625,715.4749755859375,35616474
2024-03-05,689.8316650390625,720.4249877929688,721.5,710.8250122070312,711.0,37991672
2024-03-06,690.6694946289062,721.2999877929688,726.4249877929688,716.7750244140625,716.7750244140625,42409530
2024-03-07,692.34521484375,723.0499877929688,725.5250244140625,720.7000122070312,722.75,49348046
2024-03-11,683.5838012695312,713.9000244140625,722.9749755859375,711.5,715.0,50531094
2024-03-12,698.78466796875,729.7750244140625,732.0,714.625,717.0,65418454
2024-03-13,699.1915893554688,730.2000122070312,735.7999877929688,725.0499877929688,732.75,63067454
2024-03-14,696.8217163085938,727.7249755859375,733.0,722.1500244140625,731.0499877929688,52432158
2024-03-15,695.481201171875,726.3250122070312,729.6500244140625,721.125,725.0,143613804
2024-03-18,692.3212890625,723.0250244140625,728.0,717.9000244140625,723.5,21437856
2024-03-19,693.9012451171875,724.6749877929688,726.2000122070312,717.75,717.75,36183594
2024-03-20,685.1398315429688,715.5250244140625,725.8250122070312,712.3250122070312,724.5250244140625,43606094
2024-03-21,692.177734375,722.875,725.625,719.1500244140625,721.2999877929688,28922860
2024-03-22,690.7891845703125,721.4249877929688,725.375,718.875,720.5,45980326
2024-03-26,682.434814453125,712.7000122070312,718.9749755859375,711.0750122070312,713.5999755859375,56844290
2024-03-27,689.7598266601562,720.3499755859375,723.9749755859375,710.625,711.7750244140625,62168668
2024-03-28,693.20703125,723.9500122070312,730.25,720.3499755859375,720.3499755859375,55592142
2024-04-01,704.027099609375,735.25,736.9000244140625,727.7999877929688,729.0,25199570
2024-04-02,708.6472778320312,740.0750122070312,747.4249877929688,731.625,732.5750122070312,41225446
2024-04-03,709.6766357421875,741.1500244140625,747.8250122070312,735.7000122070312,736.0499877929688,45584386
2024-04-04,731.3648071289062,763.7999877929688,765.0,752.0,752.0,88935066
2024-04-05,741.8737182617188,774.7750244140625,777.25,765.0750122070312,769.5,59055902
2024-04-08,740.4613647460938,773.2999877929688,778.625,770.7750244140625,777.4749755859375,20482940
2024-04-09,741.3949584960938,774.2750244140625,777.4249877929688,770.1500244140625,777.4249877929688,21884494
2024-04-10,735.553955078125,768.1749877929688,774.9500122070312,766.4749755859375,774.9500122070312,27807400
2024-04-12,727.2234497070312,759.4749755859375,764.9249877929688,756.7249755859375,760.5,41084208
2024-04-15,715.61328125,747.3499755859375,755.0,746.0250244140625,748.7750244140625,23415248
2024-04-16,722.5794067382812,754.625,756.4500122070312,741.125,743.5,20744886
2024-04-18,715.61328125,747.3499755859375,759.4249877929688,745.5250244140625,754.9000244140625,34234884
2024-04-19,733.13623046875,765.6500244140625,767.4749755859375,740.125,743.2750244140625,34576434
2024-04-22,723.99169921875,756.0999755859375,778.7000122070312,754.1500244140625,778.7000122070312,42298438
2024-04-23,721.7893676757812,753.7999877929688,763.25,751.625,763.1500244140625,26827060
2024-04-24,723.7523193359375,755.8499755859375,760.875,754.5250244140625,757.5,22441580
2024-04-25,723.2975463867188,755.375,759.8499755859375,753.125,753.125,35445204
2024-04-26,722.8427734375,754.9000244140625,764.0,752.7750244140625,759.9000244140625,24854694
2024-04-29,732.2744140625,764.75,767.2249755859375,753.2750244140625,757.5,36093350
2024-04-30,727.7740478515625,760.0499877929688,769.75,757.4500122070312,764.5999755859375,52307382
2024-05-02,733.591064453125,766.125,768.5,760.1749877929688,761.0,33475006
2024-05-03,727.53466796875,759.7999877929688,770.2999877929688,753.5999755859375,766.625,31865242
2024-05-06,728.9948120117188,761.3250122070312,767.25,758.5750122070312,761.0,28793396
2024-05-07,721.0952758789062,753.0750122070312,762.0250244140625,752.0750122070312,760.9749755859375,28480602
2024-05-08,709.8441772460938,741.3250122070312,748.4749755859375,740.1749877929688,747.9749755859375,41687862
2024-05-09,693.0155029296875,723.75,743.375,722.6500244140625,737.4749755859375,46281278
2024-05-10,697.8200073242188,718.9500122070312,725.9749755859375,713.4000244140625,719.5,27276608
2024-05-13,706.2400512695312,727.625,729.9000244140625,715.1500244140625,716.0,27047202
2024-05-14,709.0062866210938,730.4749755859375,732.75,725.1500244140625,726.125,25665142
2024-05-15,698.1112670898438,719.25,729.8499755859375,717.9000244140625,729.8499755859375,38931996
2024-05-16,708.6665649414062,730.125,731.2750244140625,717.75,723.0250244140625,34945236
2024-05-17,710.5350341796875,732.0499877929688,734.0,723.0999755859375,723.0999755859375,20920190
2024-05-21,707.962890625,729.4000244140625,734.8499755859375,725.0499877929688,725.0499877929688,43769978
2024-05-22,708.1570434570312,729.5999755859375,732.7999877929688,724.0750122070312,728.9249877929688,39996278
2024-05-23,724.3661499023438,746.2999877929688,747.8250122070312,728.5250244140625,729.3250122070312,40861920
2024-05-24,736.3046875,758.5999755859375,759.9500122070312,743.0,743.75,31060206
2024-05-27,741.4004516601562,763.8499755859375,772.5,759.5250244140625,761.6749877929688,29385440
2024-05-28,742.75927734375,765.25,768.0250244140625,762.4000244140625,765.0499877929688,27908904
2024-05-29,731.9854736328125,754.1500244140625,761.9249877929688,750.625,759.0,35147706
2024-05-30,735.1642456054688,757.4249877929688,761.7999877929688,748.8250122070312,749.5999755859375,33755350
2024-05-31,743.268798828125,765.7750244140625,768.0,757.0,759.5,74079588
2024-06-03,762.9964599609375,786.0999755859375,799.5,775.0,799.5,72637256
2024-06-04,719.7800903320312,741.5750122070312,779.5,727.0,778.5,89531240
2024-06-05,753.0962524414062,775.9000244140625,779.7999877929688,741.1749877929688,747.0250244140625,81631650
2024-06-06,756.9301147460938,779.8499755859375,782.7249755859375,773.2999877929688,782.4500122070312,46422870
2024-06-07,763.5545043945312,786.6749877929688,792.1749877929688,776.0250244140625,780.5250244140625,36712216
2024-06-10,757.7067260742188,780.6500244140625,790.3250122070312,778.7999877929688,787.0,22454058
2024-06-11,759.4052734375,782.4000244140625,785.5,776.0999755859375,778.0,29545326
2024-06-12,763.9428100585938,787.0750122070312,794.1500244140625,783.2000122070312,787.5,39280436
2024-06-13,767.1458740234375,790.375,792.8499755859375,787.0,790.875,24120192
2024-06-14,774.9835205078125,798.4500122070312,799.5,788.8499755859375,792.0,25540554
2024-06-18,780.2733764648438,803.9000244140625,805.25,794.7249755859375,798.4500122070312,32415714
2024-06-19,804.5628051757812,828.9249877929688,834.9500122070312,802.0,806.7000122070312,90131196
2024-06-20,810.1438598632812,834.6749877929688,840.7249755859375,826.0,834.9000244140625,41408742
2024-06-21,808.3967895507812,832.875,836.4249877929688,821.5750122070312,836.4249877929688,51630776
2024-06-24,811.6240234375,836.2000122070312,837.5499877929688,822.875,823.5,28544994
2024-06-25,830.5266723632812,855.6749877929688,858.4749755859375,835.5499877929688,835.5499877929688,74521548
2024-06-26,825.7464599609375,850.75,855.4500122070312,845.5499877929688,853.9749755859375,47596666
2024-06-27,823.1500244140625,848.0750122070312,856.5,843.2999877929688,848.0499877929688,55074650
2024-06-28,817.1565551757812,841.9000244140625,853.2999877929688,839.5,848.7999877929688,26476046
2024-07-01,827.5419921875,852.5999755859375,853.6500244140625,840.0,840.0,21187024
2024-07-02,839.8687744140625,865.2999877929688,867.4500122070312,851.375,857.5,45921690
2024-07-03,858.3346557617188,884.3250122070312,897.0,882.3250122070312,895.5,123217802
2024-07-04,838.1945190429688,863.5750122070312,879.875,862.4249877929688,879.875,45848658
2024-07-05,799.8311157226562,824.0499877929688,842.5,821.0999755859375,842.5,82242548
2024-07-08,793.6434936523438,817.6749877929688,827.4749755859375,813.5750122070312,822.6500244140625,39087800
2024-07-09,794.2015991210938,818.25,823.3499755859375,810.1749877929688,812.5,48550878
2024-07-10,789.1544189453125,813.0499877929688,820.0,810.375,814.9749755859375,45507182
2024-07-11,787.1162109375,810.9500122070312,812.9249877929688,800.5,811.9749755859375,44177074
2024-07-12,787.5043334960938,811.3499755859375,819.2000122070312,805.5750122070312,811.0,56049960
2024-07-15,787.2131958007812,811.0499877929688,814.9000244140625,807.5999755859375,811.75,33375694
2024-07-16,786.0726928710938,809.875,813.5,808.4000244140625,810.375,28950324
2024-07-18,783.6705322265625,807.4000244140625,811.9749755859375,799.5750122070312,804.0,33717064
2024-07-19,780.03076171875,803.6500244140625,811.5,801.75,808.0,26002152
2024-07-22,797.1376953125,821.2750244140625,825.5,806.3250122070312,808.5,53744822
2024-07-23,785.4176025390625,809.2000122070312,823.9000244140625,802.5,823.7750244140625,52002152
2024-07-24,778.4534912109375,802.0250244140625,810.5,794.0250244140625,804.0750122070312,61728206
2024-07-25,784.5439453125,808.2999877929688,812.5,796.5,796.5,25535732
2024-07-26,785.2962646484375,809.0750122070312,810.875,798.2249755859375,802.5,43810540
2024-07-29,778.9387817382812,802.5250244140625,815.9249877929688,799.1500244140625,807.5,51001148
2024-07-30,784.0344848632812,807.7750244140625,817.375,799.5,801.0,54595834
2024-07-31,784.1315307617188,807.875,813.9500122070312,804.5999755859375,807.0,37820484
2024-08-01,795.3178100585938,819.4000244140625,825.0250244140625,808.9749755859375,811.4500122070312,26215174
2024-08-02,805.1937866210938,829.5750122070312,835.25,815.5,815.5,44119238
2024-08-05,784.1315307617188,807.875,823.0,800.5,820.0499877929688,41333634
2024-08-06,777.0703125,800.5999755859375,816.4749755859375,796.6500244140625,815.0,45116050
2024-08-07,787.8926391601562,811.75,815.0,801.0999755859375,808.5,42346264
2024-08-08,797.2105102539062,821.3499755859375,826.6500244140625,809.625,812.0,33976950
2024-08-09,800.8502807617188,825.0999755859375,831.2750244140625,822.9000244140625,826.0,26644618
2024-08-12,805.65478515625,830.0499877929688,837.9749755859375,823.6749877929688,826.0,39316196
2024-08-13,778.0409545898438,801.5999755859375,816.2000122070312,800.5750122070312,814.0,54055042
2024-08-14,780.2733764648438,803.9000244140625,806.8499755859375,801.5999755859375,803.25,32334428
2024-08-16,792.0662231445312,816.0499877929688,817.0750122070312,805.5,814.25,27849246
2024-08-19,791.7993774414062,815.7750244140625,818.8250122070312,811.8499755859375,818.8250122070312,19502164
2024-08-20,794.783935546875,818.8499755859375,823.0,813.7249755859375,813.7249755859375,31134494
2024-08-21,789.0088500976562,812.9000244140625,817.2750244140625,808.9000244140625,814.0499877929688,47630904
2024-08-22,791.6780395507812,815.6500244140625,819.1500244140625,814.0,816.0,21300638
2024-08-23,788.6448364257812,812.5250244140625,817.0,811.5,817.0,20333422
2024-08-26,795.8758544921875,819.9749755859375,823.9749755859375,816.0999755859375,816.0999755859375,22364266
2024-08-27,794.8082275390625,818.875,823.7000122070312,816.0999755859375,821.7000122070312,35773244
2024-08-28,794.4927978515625,818.5499877929688,819.875,815.0999755859375,818.875,26921188
2024-08-29,795.1964721679688,819.2750244140625,822.2000122070312,815.5750122070312,821.0,49052604
2024-08-30,794.395751953125,818.4500122070312,831.0,810.5750122070312,828.0,445342100
2024-09-02,789.56689453125,813.4749755859375,823.4000244140625,811.5999755859375,823.4000244140625,34049680
2024-09-03,794.6140747070312,818.6749877929688,819.9749755859375,812.2999877929688,817.0,37282860
2024-09-04,796.7737426757812,820.9000244140625,822.4000244140625,816.0,819.5,24682744
2024-09-05,798.5450439453125,822.7249755859375,824.9500122070312,821.0,823.0,22876318
2024-09-06,794.4199829101562,818.4749755859375,823.875,817.0499877929688,819.1500244140625,26029602
2024-09-09,799.0546875,823.25,824.25,815.0499877929688,819.0,23792914
2024-09-10,800.923095703125,825.1749877929688,827.0,819.0,827.0,26606646
2024-09-11,797.7928466796875,821.9500122070312,826.25,819.5999755859375,825.2000122070312,22226684
2024-09-12,808.8092651367188,833.2999877929688,835.0,823.5250244140625,827.0,32424046
2024-09-13,808.4937744140625,832.9749755859375,837.0,828.5250244140625,837.0,23860532
2024-09-16,810.9202880859375,835.4749755859375,838.9000244140625,832.0250244140625,833.5,15172820
2024-09-17,809.8770141601562,834.4000244140625,839.0,832.0750122070312,839.0,20127122
2024-09-18,822.494873046875,847.4000244140625,849.4500122070312,835.5499877929688,835.9249877929688,40917342
2024-09-19,829.1435546875,854.25,859.5,849.5750122070312,849.5999755859375,30651776
2024-09-20,845.0130004882812,870.5999755859375,872.4749755859375,853.7750244140625,858.25,60623386
2024-09-23,854.0397338867188,879.9000244140625,883.1749877929688,870.125,874.5,26965350
2024-09-24,858.0435180664062,884.0250244140625,890.8250122070312,877.125,882.5,33039036
2024-09-25,863.4060668945312,889.5499877929688,894.0,880.0750122070312,880.0750122070312,31965312
2024-09-26,865.5171508789062,891.7249755859375,894.0,884.0250244140625,886.5250244140625,31899644
2024-09-27,850.5697631835938,876.3250122070312,889.0999755859375,875.0,888.5,35613502
2024-09-30,840.572509765625,866.0250244140625,875.7249755859375,862.2000122070312,874.4000244140625,26383534
2024-10-01,837.7333984375,863.0999755859375,871.0,860.0499877929688,862.0,24572284
2024-10-03,816.2828979492188,841.0,863.0750122070312,836.6749877929688,857.8250122070312,48473398
2024-10-04,804.4658203125,828.8250122070312,845.3250122070312,826.5,837.25,48683232
2024-10-07,785.1264038085938,808.9000244140625,829.5,806.5,826.0999755859375,94458296
2024-10-08,801.2628173828125,825.5250244140625,828.4000244140625,811.0,815.0,29734406
2024-10-09,792.5758666992188,816.5750122070312,828.375,814.3499755859375,824.75,41125642
2024-10-10,806.7709350585938,831.2000122070312,832.7249755859375,816.25,819.5,21754766
2024-10-11,801.238525390625,825.5,832.2249755859375,821.625,832.2249755859375,23672594
2024-10-14,819.2433471679688,844.0499877929688,846.0250244140625,827.0,828.0250244140625,18527508
2024-10-15,817.3021240234375,842.0499877929688,849.0,837.75,847.0,19651130
2024-10-16,824.9214477539062,849.9000244140625,853.9749755859375,840.0499877929688,840.0499877929688,20470682
2024-10-17,811.988037109375,836.5750122070312,848.8250122070312,832.5999755859375,847.4749755859375,14695732
2024-10-18,816.2101440429688,840.9249877929688,845.5,827.0499877929688,831.5499877929688,24809724
2024-10-21,838.9466552734375,864.3499755859375,874.0750122070312,855.5250244140625,857.5,46548354
2024-10-22,832.0796508789062,857.2750244140625,870.0,855.3499755859375,865.0250244140625,38875280
2024-10-23,842.3924560546875,867.9000244140625,873.25,852.5250244140625,852.5250244140625,38036090
2024-10-24,849.1138916015625,874.8250122070312,884.3250122070312,869.0499877929688,869.0499877929688,30832258
2024-10-25,846.0807495117188,871.7000122070312,878.9249877929688,864.3499755859375,877.5,26130478
2024-10-28,841.6159057617188,867.0999755859375,875.5,864.4500122070312,871.0,22012142
2024-10-29,850.1815185546875,875.9249877929688,882.0,862.5499877929688,863.0750122070312,35794926
2024-10-30,841.81005859375,867.2999877929688,877.375,862.0999755859375,871.0,32715724
2024-10-31,842.3438110351562,867.8499755859375,869.4500122070312,859.7000122070312,864.0,22895912
2024-11-01,843.120361328125,868.6500244140625,872.0499877929688,863.0499877929688,866.5,1759692
2024-11-04,831.8612060546875,857.0499877929688,872.5,855.4500122070312,872.5,28089248
2024-11-05,853.0933837890625,878.9249877929688,881.3499755859375,848.9500122070312,851.5,44232406
2024-11-06,851.83154296875,877.625,885.75,872.6749877929688,885.75,27787910
2024-11-07,847.609375,873.2750244140625,880.4749755859375,869.0,872.1500244140625,18895456
2024-11-08,851.4432983398438,877.2249755859375,880.9000244140625,872.9249877929688,876.0,19902986
2024-11-11,857.1942138671875,883.1500244140625,891.4000244140625,875.5999755859375,877.2750244140625,24565362
2024-11-12,833.8509521484375,859.0999755859375,887.5,854.3250122070312,886.0,31395406
2024-11-13,815.9674682617188,840.6749877929688,864.7000122070312,836.5,858.375,35728500
2024-11-14,821.5,846.375,852.4249877929688,836.0499877929688,836.5499877929688,27146470
2024-11-18,827.4934692382812,852.5499877929688,859.4500122070312,847.5,850.0,27081968
2024-11-19,845.5225830078125,871.125,876.875,851.3499755859375,857.0,50981272
2024-11-21,845.0130004882812,870.5999755859375,879.5,867.0999755859375,874.7000122070312,35716512
2024-11-22,847.1483764648438,872.7999877929688,877.1500244140625,864.7750244140625,871.7750244140625,24773612
2024-11-25,866.5604858398438,892.7999877929688,901.7750244140625,882.4500122070312,892.5250244140625,427737274
2024-11-26,866.5363159179688,892.7750244140625,905.0,884.9000244140625,905.0,30935566
2024-11-27,879.5181884765625,906.1500244140625,908.6749877929688,892.5750122070312,894.9500122070312,32714976
2024-11-28,870.224609375,896.5750122070312,918.0499877929688,894.0,909.5,35722392
2024-11-29,871.6320190429688,898.0250244140625,902.2999877929688,891.4500122070312,900.6500244140625,27669536
2024-12-02,875.8298950195312,902.3499755859375,904.0750122070312,887.5,901.75,15110876
2024-12-03,886.3124389648438,913.1500244140625,918.7000122070312,908.0499877929688,911.3499755859375,43410242
2024-12-04,902.7156982421875,930.0499877929688,932.5,915.5750122070312,919.0,44669084
2024-12-05,905.457763671875,932.875,939.9749755859375,917.5999755859375,930.0,39682714
2024-12-06,900.6531982421875,927.9249877929688,932.0999755859375,922.0,928.5,17783156
2024-12-09,907.520263671875,935.0,940.0,924.5,926.8250122070312,26947912
2024-12-10,906.5982055664062,934.0499877929688,938.8499755859375,929.2750244140625,938.8499755859375,13325480
2024-12-11,904.1716918945312,931.5499877929688,935.9500122070312,928.375,930.8499755859375,14045426
2024-12-12,902.30322265625,929.625,934.3250122070312,924.3499755859375,925.5,17293790
2024-12-13,908.3695678710938,935.875,937.5,914.625,931.25,19009002
2024-12-16,905.1907958984375,932.5999755859375,934.9749755859375,927.625,932.5499877929688,13107082
2024-12-17,889.6853637695312,916.625,931.1749877929688,913.25,928.1749877929688,21079532
2024-12-18,878.74169921875,905.3499755859375,918.0,903.5750122070312,914.9249877929688,23422312
2024-12-19,870.3944702148438,896.75,900.5499877929688,889.5,899.7999877929688,25380770
2024-12-20,859.7177124023438,885.75,898.7750244140625,883.5250244140625,891.0999755859375,25692348
2024-12-23,874.0343017578125,900.5,903.0,890.6500244140625,891.0,11044592
2024-12-24,872.6268310546875,899.0499877929688,904.3499755859375,894.7750244140625,901.0250244140625,14485834
2024-12-26,869.0598754882812,895.375,906.0,890.375,899.2750244140625,10481678
2024-12-27,872.6996459960938,899.125,902.9749755859375,894.5499877929688,897.4000244140625,7259330
2024-12-30,862.82373046875,888.9500122070312,907.5,885.5,896.0999755859375,22222218
2024-12-31,860.3729248046875,886.4249877929688,890.9000244140625,882.7999877929688,885.1500244140625,14117236
2025-01-01,865.1774291992188,891.375,897.0,880.5499877929688,886.7249755859375,7313806
2025-01-02,870.5158081054688,896.875,901.7249755859375,886.5,888.5499877929688,18558576
2025-01-03,848.8954467773438,874.5999755859375,897.625,873.1500244140625,895.5,24426194
2025-01-06,830.1141357421875,855.25,878.5999755859375,852.9000244140625,870.0499877929688,18816348
2025-01-07,831.5215454101562,856.7000122070312,860.5,850.0,857.5,13527906
2025-01-08,822.2522583007812,847.1500244140625,855.8250122070312,841.6749877929688,854.125,19738190
2025-01-09,809.3916015625,833.9000244140625,844.5,829.0499877929688,842.0750122070312,40420222
2025-01-10,804.0289916992188,828.375,837.4500122070312,827.0,835.5,17453280
2025-01-13,791.4596557617188,815.4249877929688,823.375,812.1500244140625,820.0,21669066
2025-01-14,799.1031494140625,823.2999877929688,828.0999755859375,818.5,819.9500122070312,26661432
2025-01-15,797.3803100585938,821.5250244140625,831.3499755859375,818.1500244140625,828.25,14022892
2025-01-16,801.7481079101562,826.0250244140625,830.2750244140625,821.4249877929688,826.4249877929688,21212454
2025-01-17,794.3229370117188,818.375,825.25,814.25,821.75,23112076
2025-01-20,801.3598022460938,825.625,830.4749755859375,813.0,813.0,17557618
2025-01-21,797.0648803710938,821.2000122070312,830.5250244140625,816.5250244140625,829.125,31158144
2025-01-22,808.5423583984375,833.0250244140625,835.9500122070312,812.7249755859375,821.2000122070312,30619306
2025-01-23,807.9843139648438,832.4500122070312,843.5,825.625,843.5,34909158
2025-01-24,800.6561889648438,824.9000244140625,835.1500244140625,822.25,830.0,24236200
2025-01-27,790.9500122070312,814.9000244140625,821.7999877929688,813.0,820.5499877929688,22804166
2025-01-28,810.6534423828125,835.2000122070312,842.1500244140625,823.5,823.5,30179312
2025-01-29,814.0020141601562,838.6500244140625,840.5750122070312,834.4249877929688,837.5,12619890
2025-01-30,820.893310546875,845.75,848.9500122070312,836.2750244140625,840.5,25744846
2025-01-31,824.4118041992188,849.375,852.3499755859375,841.9749755859375,843.625,15821686
2025-02-01,820.6263427734375,845.4749755859375,856.5,838.0250244140625,848.75,5587528
2025-02-03,814.341796875,839.0,843.4000244140625,831.7249755859375,835.0,20276540
2025-02-04,835.161376953125,860.4500122070312,862.9000244140625,840.0250244140625,844.3499755859375,28616502
2025-02-05,843.3629760742188,868.9000244140625,872.0999755859375,859.4500122070312,866.5,23675506
2025-02-06,846.299072265625,871.9249877929688,874.5,862.0,867.75,26760716
2025-02-07,840.9121704101562,866.375,883.5,862.5,875.0,23509600
2025-02-10,832.6620483398438,857.875,861.7249755859375,854.25,858.6500244140625,17195950
2025-02-11,825.6979370117188,850.7000122070312,855.5,844.3499755859375,851.5,22724704
2025-02-12,828.318603515625,853.4000244140625,856.0,840.5999755859375,846.5,22809570
2025-02-13,823.9022827148438,848.8499755859375,857.125,846.7750244140625,849.5,12602434
2025-02-14,822.5191040039062,847.4249877929688,850.9500122070312,840.0,850.9500122070312,19959892
2025-02-17,833.4384765625,858.6749877929688,860.0,840.625,842.5999755859375,12938946
2025-02-18,836.2047119140625,861.5250244140625,865.7750244140625,853.0750122070312,856.5250244140625,16350910
2025-02-19,838.2186889648438,863.5999755859375,868.9500122070312,856.2249755859375,858.5,11884112
2025-02-20,818.758056640625,843.5499877929688,857.3499755859375,842.6500244140625,855.5,26390510
2025-02-21,821.378662109375,846.25,847.4749755859375,838.625,840.4500122070312,15680940
2025-02-24,813.9049072265625,838.5499877929688,842.0999755859375,830.5499877929688,840.5499877929688,20693646
2025-02-25,816.4527587890625,841.1749877929688,844.0,835.5499877929688,835.5499877929688,24138708
2025-02-27,825.3580932617188,850.3499755859375,855.375,841.2750244140625,841.2750244140625,35786800
2025-02-28,840.7423706054688,866.2000122070312,868.625,842.5,842.5,54516728
2025-03-03,825.770751953125,850.7750244140625,871.5250244140625,847.0499877929688,869.9000244140625,21205364
2025-03-04,829.8714599609375,855.0,857.1500244140625,846.625,849.0,19920958
2025-03-05,820.1654052734375,845.0,855.4000244140625,844.125,850.9749755859375,21583872
2025-03-06,820.7476806640625,845.5999755859375,849.9500122070312,836.125,843.5,32966088
2025-03-07,819.8014526367188,844.625,850.5750122070312,838.7999877929688,841.0,13372914
2025-03-10,818.9521484375,843.75,849.9500122070312,841.5250244140625,844.5,15604050
2025-03-11,817.9815063476562,842.75,847.0,835.0250244140625,841.2000122070312,19898430
2025-03-12,830.4296264648438,855.5750122070312,859.25,845.7750244140625,845.7750244140625,18784106
2025-03-13,828.221435546875,853.2999877929688,860.4000244140625,850.0250244140625,858.0250244140625,15736264
2025-03-17,830.0656127929688,855.2000122070312,862.0,852.5,852.5,18950652
2025-03-18,830.0656127929688,855.2000122070312,855.2000122070312,855.2000122070312,855.2000122070312,0
2025-03-19,846.42041015625,872.0499877929688,875.5,866.0999755859375,867.5,15221406
2025-03-20,858.3831787109375,884.375,887.0,874.6500244140625,877.0,17833978
2025-03-21,859.15966796875,885.1749877929688,887.0499877929688,877.7750244140625,877.7750244140625,33508264
2025-03-24,873.5490112304688,900.0,902.2000122070312,886.8250122070312,889.5,17393736
2025-03-25,883.958740234375,910.7249755859375,921.8499755859375,900.75,902.4500122070312,39101416
2025-03-26,876.7277221679688,903.2750244140625,913.75,901.0,912.5,24478442
2025-03-27,885.8514404296875,912.6749877929688,920.5,899.0499877929688,900.0,41658100
2025-03-28,887.2345581054688,914.0999755859375,918.0,902.9249877929688,914.5,28773648
2025-04-01,857.9464111328125,883.9249877929688,904.9500122070312,882.6749877929688,901.0,28511006
2025-04-02,872.0444946289062,898.4500122070312,899.5999755859375,885.3499755859375,885.3499755859375,11573564
2025-04-03,871.0496215820312,897.4249877929688,902.0,888.5,890.5499877929688,11250038
2025-04-04,881.9447631835938,908.6500244140625,920.9749755859375,905.5499877929688,906.5,33540454
2025-04-07,853.0205078125,878.8499755859375,889.9249877929688,869.0999755859375,881.4000244140625,37995450
2025-04-08,858.5773315429688,884.5750122070312,891.0,875.1500244140625,882.5,35563872
2025-04-09,856.5632934570312,882.5,887.5,876.75,882.5,22454608
2025-04-11,876.8247680664062,903.375,909.7000122070312,887.375,887.375,32775766
2025-04-15,905.0452880859375,932.4500122070312,938.4000244140625,927.5,932.5,49298344
2025-04-16,911.4027099609375,939.0,941.9000244140625,930.25,941.9000244140625,19136820
2025-04-17,925.3309936523438,953.3499755859375,959.8499755859375,938.3499755859375,941.0,35703084
2025-04-21,935.231201171875,963.5499877929688,975.3499755859375,955.0,962.0,34247298
2025-04-22,952.0227661132812,980.8499755859375,985.2999877929688,967.5,967.5,45961750
2025-04-23,933.67822265625,961.9500122070312,989.4500122070312,960.25,989.4500122070312,30570642
2025-04-24,930.2325439453125,958.4000244140625,961.9500122070312,952.5499877929688,955.0,25931754
2025-04-25,927.5148315429688,955.5999755859375,966.5,945.9000244140625,962.4000244140625,18500878
2025-04-28,931.882568359375,960.0999755859375,964.8499755859375,954.2000122070312,955.5999755859375,13920492
2025-04-29,926.3501586914062,954.4000244140625,964.4000244140625,950.0999755859375,959.4000244140625,18918308
2025-04-30,934.2120361328125,962.5,968.4500122070312,955.1500244140625,956.5,31936870
2025-05-02,932.7077026367188,960.9500122070312,970.9500122070312,960.0,964.9000244140625,17840404
2025-05-05,939.9386596679688,968.4000244140625,976.0,966.1500244140625,969.5,15068024
2025-05-06,937.463623046875,965.8499755859375,970.0499877929688,962.1500244140625,965.0,17490156
2025-05-07,944.2093505859375,972.7999877929688,974.3499755859375,961.2000122070312,967.0,21420778
2025-05-08,935.91064453125,964.25,977.4000244140625,959.5499877929688,977.4000244140625,34803430
2025-05-09,917.080810546875,944.8499755859375,959.5,943.4000244140625,955.0499877929688,17188796
2025-05-12,949.8388671875,978.5999755859375,979.9500122070312,956.1500244140625,958.7999877929688,18618972
2025-05-13,933.04736328125,961.2999877929688,980.8499755859375,960.0,975.0,24242102
2025-05-14,927.2236938476562,955.2999877929688,965.0999755859375,951.5,961.0499877929688,15445308
2025-05-15,938.4827880859375,966.9000244140625,972.4000244140625,948.5,956.75,32241458
2025-05-16,938.9194946289062,967.3499755859375,971.9000244140625,964.2000122070312,966.9000244140625,15868010
2025-05-19,940.8607177734375,969.3499755859375,972.5,965.5,968.5,10202964
2025-05-20,929.310546875,957.4500122070312,967.2999877929688,956.5,964.0499877929688,23879090
2025-05-21,935.085693359375,963.4000244140625,973.4500122070312,960.5499877929688,963.5,15132040
2025-05-22,931.737060546875,959.9500122070312,962.0999755859375,952.5999755859375,957.5999755859375,21306670
2025-05-23,938.3856811523438,966.7999877929688,968.5,957.25,960.0499877929688,9566072
2025-05-26,941.588623046875,970.0999755859375,974.9500122070312,963.4500122070312,967.5,10802860
2025-05-27,934.8429565429688,963.1500244140625,974.0,958.1500244140625,965.7999877929688,26162148
2025-05-28,933.484130859375,961.75,967.25,958.8499755859375,960.0999755859375,18157594
2025-05-29,935.4253540039062,963.75,970.4000244140625,953.6500244140625,964.0,28917794
2025-05-30,943.86962890625,972.4500122070312,974.4000244140625,962.7000122070312,965.9500122070312,28748078
2025-06-02,937.65771484375,966.0499877929688,968.0,954.0,965.0499877929688,14668822
2025-06-03,934.0179443359375,962.2999877929688,976.0,960.0,969.0,24377584
2025-06-04,942.073974609375,970.5999755859375,971.6500244140625,960.4500122070312,960.5,12961542
2025-06-05,946.1505126953125,974.7999877929688,979.4500122070312,970.0999755859375,974.0,22255418
2025-06-06,960.27294921875,989.3499755859375,998.1500244140625,971.3499755859375,972.0,30127008
2025-06-09,960.3700561523438,989.4500122070312,997.5,987.9500122070312,997.5,13202588
2025-06-10,953.7698974609375,982.6500244140625,991.4000244140625,980.5499877929688,991.4000244140625,15533126
2025-06-11,946.5388793945312,975.2000122070312,983.7999877929688,973.5,983.7999877929688,11096394
2025-06-12,943.1416625976562,971.7000122070312,980.5,967.6500244140625,975.0,16349130
2025-06-13,930.620849609375,958.7999877929688,966.5,956.5,960.0,12117762
2025-06-16,939.2592163085938,967.7000122070312,969.4500122070312,960.0499877929688,962.0,16513746
2025-06-17,936.4444580078125,964.7999877929688,970.7999877929688,959.5499877929688,968.5,16978736
2025-06-18,938.5313110351562,966.9500122070312,968.1500244140625,958.5,958.5,18433816
2025-06-19,939.210693359375,967.6500244140625,973.4000244140625,962.7999877929688,966.9500122070312,16876220
2025-06-20,953.4786376953125,982.3499755859375,984.9500122070312,965.7999877929688,965.7999877929688,32900408
2025-06-23,945.5681762695312,974.2000122070312,978.9500122070312,970.9000244140625,974.2000122070312,11739518
2025-06-24,951.634521484375,980.4500122070312,989.5,977.7999877929688,982.5,22625322
2025-06-25,961.0009155273438,990.0999755859375,991.0,981.9500122070312,983.0,18405932
2025-06-26,981.1895751953125,1010.9000244140625,1013.5499877929688,990.0,990.7000122070312,50084830
2025-06-27,988.5983276367188,1007.4500122070312,1009.9000244140625,996.7000122070312,1006.5,28213384
2025-06-30,982.023681640625,1000.75,1006.9000244140625,997.75,1005.75,13649020
2025-07-01,987.2244873046875,1006.0499877929688,1008.0,1002.0,1002.5,14389386
2025-07-02,974.418701171875,993.0,1009.9500122070312,988.9500122070312,1009.9500122070312,18878250
2025-07-03,974.9583740234375,993.5499877929688,1004.0,992.1500244140625,997.4500122070312,16860506
2025-07-04,976.037841796875,994.6500244140625,1001.75,990.0,993.5499877929688,7863944
2025-07-07,975.1055908203125,993.7000122070312,999.2000122070312,991.9000244140625,994.5,11349426
2025-07-08,981.974609375,1000.7000122070312,1002.5,988.5,988.5,15224316
2025-07-09,986.7828979492188,1005.5999755859375,1006.9000244140625,999.0499877929688,1003.5,13861428
2025-07-10,984.3296508789062,1003.0999755859375,1008.5,1000.0,1008.0,17030310
2025-07-11,973.2901611328125,991.8499755859375,1002.4000244140625,990.4500122070312,999.0,12516922
2025-07-14,972.94677734375,991.5,994.3499755859375,985.2999877929688,991.5,13088850
2025-07-15,979.079833984375,997.75,1001.7999877929688,986.5,986.5,14498168
2025-07-16,979.4723510742188,998.1500244140625,1011.3499755859375,996.2999877929688,1009.0,17994612
2025-07-17,974.8602905273438,993.4500122070312,1002.4000244140625,991.3499755859375,1002.0,22529158
2025-07-18,960.3862915039062,978.7000122070312,998.5,976.5,993.4500122070312,16129446
2025-07-21,981.5330200195312,1000.25,1001.0,988.25,989.0999755859375,22309078
2025-07-22,984.771240234375,1003.5499877929688,1009.0,1001.5,1006.5499877929688,14836814
2025-07-23,993.2103881835938,1012.1500244140625,1014.9000244140625,1001.5,1005.5,13634916
2025-07-24,988.2548217773438,1007.0999755859375,1018.8499755859375,1004.2000122070312,1018.8499755859375,19107176
2025-07-25,985.9922485351562,1002.2999877929688,1007.5,999.5,1007.5,9306598
2025-07-28,987.9105224609375,1004.25,1010.7000122070312,1000.25,1001.5,12059580
2025-07-29,994.3539428710938,1010.7999877929688,1013.25,998.1500244140625,999.9500122070312,19895696
2025-07-30,996.4197998046875,1012.9000244140625,1016.2999877929688,1008.5,1014.0,15154036
2025-07-31,992.6815795898438,1009.0999755859375,1015.7000122070312,1004.0,1007.2999877929688,22183032
2025-08-01,989.7304077148438,1006.0999755859375,1014.1500244140625,1004.6500244140625,1007.0,11317258
2025-08-04,979.7947387695312,996.0,1009.25,994.0499877929688,1005.0499877929688,13933946
2025-08-05,972.7118530273438,988.7999877929688,997.2000122070312,982.75,993.25,23978058
2025-08-06,976.499267578125,992.6500244140625,994.0,985.0,985.5499877929688,14080204
2025-08-07,981.4671020507812,997.7000122070312,1000.7999877929688,988.4000244140625,990.0499877929688,13081186
2025-08-08,970.8920288085938,986.9500122070312,996.4000244140625,985.0,993.5499877929688,13895264
2025-08-11,981.5654296875,997.7999877929688,998.7999877929688,986.5499877929688,987.9500122070312,9105854
2025-08-12,968.924560546875,984.9500122070312,998.0,983.75,995.9500122070312,12937802
2025-08-13,974.0399169921875,990.1500244140625,997.0,984.5499877929688,997.0,13577396
2025-08-14,979.35205078125,995.5499877929688,998.0,985.5999755859375,989.0,17511716
2025-08-18,985.5003662109375,1001.7999877929688,1013.2999877929688,997.7999877929688,1005.0,19284796
2025-08-19,979.35205078125,995.5499877929688,1003.0499877929688,993.3499755859375,999.1500244140625,12352438
2025-08-20,977.9256591796875,994.0999755859375,996.0,989.5,993.5,9950228
2025-08-21,979.4012451171875,995.5999755859375,998.75,991.5999755859375,998.75,12439850
2025-08-22,966.317626953125,982.2999877929688,998.0,978.5499877929688,994.9500122070312,19833502
2025-08-25,966.0717163085938,982.0499877929688,988.7000122070312,978.5,980.0999755859375,17518044
2025-08-26,957.5625,973.4000244140625,985.7000122070312,968.0,979.5,16917731
2025-08-28,942.2162475585938,957.7999877929688,972.2000122070312,955.0,967.0,25438255
2025-08-29,936.1171264648438,951.5999755859375,963.2999877929688,950.0999755859375,954.0,14823813
2025-09-01,935.1333618164062,950.5999755859375,957.4500122070312,946.3499755859375,949.5999755859375,20178344
2025-09-02,929.1326904296875,944.5,954.7999877929688,944.0,951.0,14196320
2025-09-03,938.9207763671875,954.4500122070312,956.2999877929688,940.0,945.0,16083481
2025-09-04,945.610107421875,961.25,965.7000122070312,956.25,960.2000122070312,17597657
2025-09-05,947.7251586914062,963.4000244140625,967.5,954.0499877929688,967.5,11602111
2025-09-08,950.2828369140625,966.0,973.1500244140625,960.4500122070312,969.0,11711307
2025-09-09,949.4467163085938,965.1500244140625,974.4000244140625,962.7000122070312,974.0,13985539
2025-09-10,950.1845092773438,965.9000244140625,973.9000244140625,961.7000122070312,973.9000244140625,18091100
2025-09-11,952.0535278320312,967.7999877929688,969.25,959.9000244140625,960.2999877929688,15113633
2025-09-12,951.5617065429688,967.2999877929688,970.75,962.25,969.9000244140625,14363519
2025-09-15,951.3157348632812,967.0499877929688,972.3499755859375,965.0,969.5999755859375,14486377
2025-09-16,951.1190185546875,966.8499755859375,969.3499755859375,961.2000122070312,961.2000122070312,18661794
2025-09-17,950.7747192382812,966.5,974.4000244140625,964.3499755859375,965.1500244140625,17361476
2025-09-18,961.0055541992188,976.9000244140625,979.6500244140625,969.25,973.2999877929688,17791598
2025-09-19,951.168212890625,966.9000244140625,976.7000122070312,962.0999755859375,974.9000244140625,31243267
2025-09-22,948.5121459960938,964.2000122070312,971.2000122070312,961.9500122070312,964.0,10854415
2025-09-23,941.6260375976562,957.2000122070312,968.2000122070312,955.5,967.0,21022298
2025-09-24,935.5761108398438,951.0499877929688,956.4500122070312,943.0,952.2000122070312,15117220
2025-09-25,934.3955688476562,949.8499755859375,958.0,947.4000244140625,952.5,31413279
2025-09-26,929.6737060546875,945.0499877929688,951.4500122070312,941.2999877929688,945.0999755859375,14874656
2025-09-29,934.8382568359375,950.2999877929688,956.7999877929688,939.0999755859375,946.0499877929688,32398179
2025-09-30,935.5269165039062,951.0,960.0,946.2999877929688,958.0499877929688,28296687
2025-10-01,949.5450439453125,965.25,969.5999755859375,946.0,952.7000122070312,25350832
2025-10-03,949.4467163085938,965.1500244140625,966.75,952.0,952.0,26658296
2025-10-06,957.6116333007812,973.4500122070312,977.4000244140625,962.0,971.9000244140625,18542683
2025-10-07,966.514404296875,982.5,989.8499755859375,971.0,974.0,25535736
2025-10-08,962.7762451171875,978.7000122070312,985.9000244140625,974.5499877929688,976.0,15939710
2025-10-09,961.2022094726562,977.0999755859375,979.0,970.1500244140625,974.5,15370950
2025-10-10,964.9404296875,980.9000244140625,986.2000122070312,978.0999755859375,979.0,13757080
2025-10-13,961.1038818359375,977.0,981.0,972.0,974.2999877929688,18634254
2025-10-14,961.25146484375,977.1500244140625,980.4500122070312,967.0,970.0,22934382
2025-10-15,962.3335571289062,978.25,984.9000244140625,973.3499755859375,975.0,23310447
2025-10-16,978.1715698242188,994.3499755859375,996.5999755859375,981.5,982.6500244140625,22936566
2025-10-17,986.2381591796875,1002.5499877929688,1009.0,986.0,993.9500122070312,25210511
2025-10-20,986.6316528320312,1002.9500122070312,1020.0,997.0,997.0,22195202
2025-10-21,991.3043823242188,1007.7000122070312,1010.0,1004.0,1006.0,3471600
2025-10-23,992.386474609375,1008.7999877929688,1020.5,1006.0,1016.0,43526526
2025-10-24,978.5650634765625,994.75,1011.9500122070312,991.2999877929688,1011.0,17707768
2025-10-27,986.6316528320312,1002.9500122070312,1009.0499877929688,996.2000122070312,996.5,15700796
2025-10-28,987.2218627929688,1003.5499877929688,1008.0,995.0,997.6500244140625,33904289
2025-10-29,991.451904296875,1007.8499755859375,1012.5,1000.0,1004.9000244140625,17769445
2025-10-30,981.9097900390625,998.1500244140625,1009.5,997.0999755859375,1000.0,19962917
2025-10-31,971.2362670898438,987.2999877929688,1004.4500122070312,981.1500244140625,994.0,23221330
2025-11-03,976.499267578125,992.6500244140625,994.5499877929688,983.2999877929688,985.0,16607180
2025-11-04,969.2196655273438,985.25,997.0,983.7000122070312,987.0,20024544
2025-11-06,968.6294555664062,984.6500244140625,991.0499877929688,974.0,981.0,22279516
2025-11-07,966.317626953125,982.2999877929688,984.9000244140625,974.75,980.0,15004568
2025-11-10,968.4818725585938,984.5,990.9500122070312,980.2000122070312,982.2999877929688,15988262
2025-11-11,975.564697265625,991.7000122070312,993.5,978.0,983.5,10200530
2025-11-12,973.4005126953125,989.5,999.0,987.7000122070312,998.7999877929688,13137263
2025-11-13,970.596923828125,986.6500244140625,990.0999755859375,982.5999755859375,984.0,14124839
2025-11-14,973.4988403320312,989.5999755859375,991.6500244140625,976.0499877929688,976.0499877929688,21386965
2025-11-17,980.3357543945312,996.5499877929688,997.9500122070312,985.5999755859375,991.25,18396408
2025-11-18,976.302490234375,992.4500122070312,999.0,990.0,997.6500244140625,20002640
2025-11-19,978.41748046875,994.5999755859375,996.5499877929688,984.0,990.0,19813847
2025-11-20,992.4356689453125,1008.8499755859375,1011.5999755859375,992.4500122070312,995.2999877929688,19850865
2025-11-21,981.8114013671875,998.0499877929688,1008.2999877929688,996.5499877929688,1003.0999755859375,17499897
2025-11-24,982.8934936523438,999.1500244140625,1011.4500122070312,993.5999755859375,1000.0,32204053
2025-11-25,973.6956176757812,989.7999877929688,1006.0999755859375,988.4000244140625,1004.0,24989383
2025-11-26,987.5662231445312,1003.9000244140625,1006.9500122070312,981.2999877929688,981.2999877929688,19494356
2025-11-27,993.0750732421875,1009.5,1016.7999877929688,1001.0,1002.0999755859375,25536848
2025-11-28,991.2059936523438,1007.5999755859375,1012.0499877929688,1004.2000122070312,1007.0,15988807
2025-12-01,985.7954711914062,1002.0999755859375,1017.5,999.2999877929688,1017.5,16746566
2025-12-02,973.6956176757812,989.7999877929688,994.4000244140625,985.0,988.0,27316662
2025-12-03,984.2214965820312,1000.5,1002.2999877929688,986.0,986.0,15448777
2025-12-04,980.9752197265625,997.2000122070312,1004.7000122070312,993.0,1000.0,14528169
2025-12-05,986.9759521484375,1003.2999877929688,1008.0,990.2000122070312,992.0,12843366
2025-12-08,986.7791748046875,1003.0999755859375,1006.5,997.5,1000.0,12901022
2025-12-09,980.8768310546875,997.0999755859375,1002.7999877929688,994.0,994.9000244140625,15294322
2025-12-10,973.6956176757812,989.7999877929688,998.5,985.2999877929688,997.5,15322830
2025-12-11,984.0247802734375,1000.2999877929688,1002.7000122070312,988.5,990.0,11844809
2025-12-12,985.2052612304688,1001.5,1004.7000122070312,998.2000122070312,1003.0,11988618
2025-12-15,979.89306640625,996.0999755859375,1001.7999877929688,992.0,992.0,9790060
2025-12-16,978.1223754882812,994.2999877929688,998.7000122070312,990.0999755859375,990.0999755859375,20049088
2025-12-17,967.989990234375,984.0,996.0,980.7999877929688,996.0,19080922
2025-12-18,963.7599487304688,979.7000122070312,987.4000244140625,973.2999877929688,973.2999877929688,14912404
2025-12-19,969.465576171875,985.5,988.0,978.7000122070312,987.0,25952384
2025-12-22,971.6298217773438,987.7000122070312,992.9000244140625,983.9000244140625,988.0,13540411
2025-12-23,980.3849487304688,996.5999755859375,998.9000244140625,987.7000122070312,990.5,17927849
2025-12-24,980.9752197265625,997.2000122070312,999.4000244140625,993.0,993.0,13699996
2025-12-26,975.9581909179688,992.0999755859375,997.2000122070312,987.7000122070312,996.0,9360853
2025-12-29,975.564697265625,991.7000122070312,997.4000244140625,987.2000122070312,993.0999755859375,13545749
2025-12-30,974.7777709960938,990.9000244140625,995.0,982.2000122070312,990.2000122070312,33155849
2025-12-31,975.0728759765625,991.2000122070312,997.5999755859375,987.5999755859375,991.0,10963454
2026-01-01,975.023681640625,991.1500244140625,997.5499877929688,989.5,993.5,7132074
2026-01-02,985.3035888671875,1001.5999755859375,1003.2000122070312,988.7999877929688,991.1500244140625,11751459
2026-01-05,961.5957641601562,977.5,1006.4000244140625,976.2999877929688,1005.75,27647379
2026-01-06,946.544677734375,962.2000122070312,966.7000122070312,956.0,962.7000122070312,31988783
2026-01-07,933.608642578125,949.0499877929688,956.4500122070312,946.0,956.0,52884712
2026-01-08,931.296875,946.7000122070312,953.0,941.4000244140625,944.7000122070312,21928849
2026-01-09,923.72216796875,939.0,950.5999755859375,933.2999877929688,945.0,38183839
2026-01-12,921.7055053710938,936.9500122070312,942.0,929.5999755859375,937.5,21071666
2026-01-13,922.0989990234375,937.3499755859375,947.7000122070312,932.5999755859375,947.7000122070312,32042827
2026-01-14,910.3926391601562,925.4500122070312,940.0499877929688,920.2000122070312,930.0,36688248
2026-01-15,910.3926391601562,925.4500122070312,925.4500122070312,925.4500122070312,925.4500122070312,0
2026-01-16,915.95068359375,931.0999755859375,935.9500122070312,919.2000122070312,922.0,37780235
2026-01-19,912.8027954101562,927.9000244140625,936.1500244140625,919.5,935.9000244140625,38191942
2026-01-20,916.049072265625,931.2000122070312,934.5,919.5999755859375,929.2999877929688,36022727
2026-01-21,905.3755493164062,920.3499755859375,932.1500244140625,915.5,925.0,32766854
2026-01-22,903.75244140625,918.7000122070312,928.2999877929688,913.2000122070312,928.0,44444755
2026-01-23,901.1947021484375,916.0999755859375,926.0999755859375,909.25,920.0,30985247
2026-01-27,911.3272094726562,926.4000244140625,931.2000122070312,905.0,906.0,44753093
2026-01-28,917.524658203125,932.7000122070312,941.4500122070312,928.4000244140625,932.5,35347138
2026-01-29,920.2791137695312,935.5,939.2999877929688,924.3499755859375,930.0999755859375,37175628
2026-01-30,914.1307983398438,929.25,938.9000244140625,927.75,930.0,29691233
2026-02-02,912.9994506835938,928.0999755859375,929.7999877929688,909.2999877929688,915.0,28032106
2026-02-03,933.2643432617188,948.7000122070312,994.0,945.0,983.75,50336968
2026-02-04,937.5927124023438,953.0999755859375,957.2000122070312,947.9500122070312,952.5,24366770
2026-02-05,934.248046875,949.7000122070312,956.0499877929688,946.7000122070312,956.0,28103169
2026-02-06,925.7879638671875,941.0999755859375,948.0999755859375,937.5999755859375,945.0,18120272
2026-02-09,922.0006103515625,937.25,950.0,935.3499755859375,945.0,23947829
2026-02-10,917.2295532226562,932.4000244140625,940.9000244140625,929.9500122070312,930.0,31525385
2026-02-11,912.0157470703125,927.0999755859375,936.0,925.2999877929688,931.25,24869804
2026-02-12,905.6215209960938,920.5999755859375,928.5999755859375,918.5,927.0,33872203
2026-02-13,889.1932373046875,903.9000244140625,928.2000122070312,901.0,913.0,50188359
2026-02-16,910.7368774414062,925.7999877929688,929.5,902.0999755859375,903.9000244140625,18806989
2026-02-17,910.6385498046875,925.7000122070312,928.0999755859375,918.5999755859375,923.0,22599629
2026-02-18,909.6548461914062,924.7000122070312,925.5,919.5499877929688,923.2000122070312,12738702
2026-02-19,900.702880859375,915.5999755859375,929.2000122070312,912.4500122070312,929.0,21209234
2026-02-20,897.0138549804688,911.8499755859375,917.8499755859375,908.4000244140625,911.0,22654907
2026-02-23,908.5726928710938,923.5999755859375,925.6500244140625,915.25,916.5,23270122
2026-02-24,895.6858520507812,910.5,927.9500122070312,909.1500244140625,927.9500122070312,31313985
2026-02-25,892.8330078125,907.5999755859375,916.0,903.0999755859375,910.5499877929688,27884303
2026-02-26,883.9794311523438,898.5999755859375,912.0,895.0,912.0,41165937
2026-02-27,873.3060302734375,887.75,898.9500122070312,885.0,898.5999755859375,34620755
2026-03-02,865.0918579101562,879.4000244140625,887.75,871.5499877929688,876.2000122070312,38378924
2026-03-04,854.5167846679688,868.6500244140625,879.2999877929688,848.0,848.0,39862322
2026-03-05,863.4686889648438,877.75,881.4000244140625,863.5,873.8499755859375,31324582
2026-03-06,843.10546875,857.0499877929688,871.7000122070312,855.0999755859375,868.0499877929688,34439647
2026-03-09,827.0215454101562,840.7000122070312,842.4500122070312,821.5,825.0,35592613
2026-03-10,835.629150390625,849.4500122070312,856.7999877929688,840.5999755859375,850.0499877929688,52866024
2026-03-11,820.38134765625,833.9500122070312,848.8499755859375,827.5999755859375,845.0,42261076
2026-03-12,819.2008666992188,832.75,836.4000244140625,820.0999755859375,820.0999755859375,46107561
2026-03-13,803.7071533203125,817.0,823.7999877929688,812.0,820.0,41700464
2026-03-16,826.9231567382812,840.5999755859375,844.5,815.6500244140625,817.0,52182605
2026-03-17,831.5958251953125,845.3499755859375,848.9000244140625,835.0999755859375,847.7000122070312,38826979
2026-03-18,829.333251953125,843.0499877929688,846.7999877929688,831.5999755859375,845.3499755859375,23507063
2026-03-19,785.2130126953125,798.2000122070312,815.6500244140625,770.0,770.0,171637393
2026-03-20,767.7518310546875,780.4500122070312,793.75,778.2000122070312,785.0,103129469
2026-03-23,732.04248046875,744.1500244140625,768.7000122070312,741.0499877929688,763.1500244140625,72341738
2026-03-24,752.454833984375,764.9000244140625,772.75,747.7000122070312,755.0,61269986
2026-03-25,769.5717163085938,782.2999877929688,794.7999877929688,768.2000122070312,768.2000122070312,59230640
2026-03-27,743.8963623046875,756.2000122070312,774.9000244140625,754.5499877929688,773.2000122070312,65485199
2026-03-30,719.6473999023438,731.5499877929688,751.0,726.6500244140625,745.2000122070312,103500135
2026-04-01,730.17333984375,742.25,755.9000244140625,739.0999755859375,743.0,78862761
2026-04-02,738.6826171875,750.9000244140625,755.0,726.6500244140625,730.0,49310300
2026-04-06,758.45556640625,771.0,772.75,745.0,759.0,42976659
2026-04-07,759.4392700195312,772.0,774.0,761.0,766.0,51309793
2026-04-08,802.82177734375,816.0999755859375,817.7999877929688,796.0,800.0,70269512
2026-04-09,784.72119140625,797.7000122070312,819.0,793.0999755859375,815.0,48879392
2026-04-10,797.1161499023438,810.2999877929688,812.25,801.0,804.0,38156026
2026-04-13,781.7699584960938,794.7000122070312,798.5,787.3499755859375,791.5,47549328
2026-04-15,796.72265625,809.9000244140625,814.7999877929688,804.0,804.9500122070312,39769515
2026-04-16,782.5077514648438,795.4500122070312,820.0499877929688,792.2000122070312,818.0,62861293
2026-04-17,786.8853759765625,799.9000244140625,803.9500122070312,788.2000122070312,790.0999755859375,37282544
2026-04-20,782.5077514648438,795.4500122070312,809.9500122070312,790.0,797.0999755859375,52148044
2026-04-21,798.5425415039062,811.75,814.9000244140625,795.2000122070312,795.2000122070312,49135752
2026-04-22,786.8853759765625,799.9000244140625,813.0499877929688,798.0,810.0,23876412
2026-04-23,771.5883178710938,784.3499755859375,796.6500244140625,782.5,792.0,37677616
2026-04-24,772.0802001953125,784.8499755859375,787.5999755859375,777.0,777.2999877929688,27720358
2026-04-27,776.9496459960938,789.7999877929688,793.0,785.0,787.5,18115375
2026-04-28,769.817626953125,782.5499877929688,794.5,778.2999877929688,785.0,35366803
2026-04-29,766.3253784179688,779.0,790.0,777.3499755859375,785.5,25799963
2026-04-30,759.1441650390625,771.7000122070312,778.7999877929688,762.25,770.0,47998755
2026-05-01,759.1441650390625,771.7000122070312,771.7000122070312,771.7000122070312,771.7000122070312,0
2026-05-04,766.7189331054688,779.4000244140625,786.5999755859375,772.5999755859375,772.5999755859375,29028060
2026-05-05,759.734375,772.2999877929688,776.9000244140625,763.7000122070312,774.4000244140625,38887657
2026-05-06,783.58984375,796.5499877929688,798.9500122070312,773.5,775.1500244140625,35530831
2026-05-07,783.0979614257812,796.0499877929688,801.5499877929688,788.5499877929688,794.0,46137553
2026-05-08,768.145263671875,780.8499755859375,788.75,777.2000122070312,784.0,38016841
2026-05-11,751.2251586914062,763.6500244140625,774.8499755859375,761.9000244140625,771.9500122070312,41123422
2026-05-12,738.2399291992188,750.4500122070312,759.7000122070312,747.7999877929688,756.5999755859375,43937132
2026-05-13,737.4037475585938,749.5999755859375,759.9500122070312,747.3499755859375,752.0,28960919
2026-05-14,757.0291748046875,769.5499877929688,778.2999877929688,747.0,751.0,50992358
2026-05-15,755.0125122070312,767.5,781.9000244140625,765.4000244140625,773.0,24347873
2026-05-18,756.143798828125,768.6500244140625,774.0999755859375,751.3499755859375,759.0,29812079
2026-05-19,750.044677734375,762.4500122070312,770.7999877929688,760.25,766.7000122070312,40307830
2026-05-20,747.1427001953125,759.5,762.25,755.1500244140625,759.5999755859375,24013451
2026-05-21,746.7984008789062,759.1500244140625,768.25,755.1500244140625,767.0,34664725
2026-05-22,754.3239135742188,766.7999877929688,775.0,759.1500244140625,759.1500244140625,25604071
2026-05-25,774.0476684570312,786.8499755859375,787.8499755859375,775.2000122070312,776.0,26043952
2026-05-26,766.22705078125,778.9000244140625,790.8499755859375,776.75,784.0499877929688,31528062
2026-05-27,746.3065185546875,758.6500244140625,773.9000244140625,756.9000244140625,769.5,63680153
2026-05-28,746.3065185546875,758.6500244140625,758.6500244140625,758.6500244140625,758.6500244140625,0
2026-05-29,732.4359130859375,744.5499877929688,760.5,737.75,746.0499877929688,101299431
2026-06-01,730.6160278320312,742.7000122070312,752.3499755859375,739.2000122070312,749.0,47996441
2026-06-02,736.0757446289062,748.25,753.5999755859375,733.1500244140625,737.0,47314447
2026-06-03,741.3878784179688,753.6500244140625,756.9000244140625,742.5999755859375,744.4500122070312,36109480
2026-06-04,741.9288940429688,754.2000122070312,757.2999877929688,745.0,749.1500244140625,42673538
2026-06-05,734.8952026367188,747.0499877929688,758.7000122070312,744.6500244140625,753.9500122070312,22116568
2026-06-08,726.6319580078125,738.6500244140625,741.5,734.5,738.0,21550700
2026-06-09,726.3367919921875,738.3499755859375,743.9500122070312,732.2999877929688,739.4500122070312,38539563
2026-06-10,734.698486328125,746.8499755859375,755.9500122070312,736.4000244140625,736.5,44458159
2026-06-11,732.485107421875,744.5999755859375,756.0,740.0999755859375,743.0,32632007
2026-06-12,759.8819580078125,772.4500122070312,774.4500122070312,753.0999755859375,754.7000122070312,36088159
2026-06-15,764.7022094726562,777.3499755859375,793.5,775.5999755859375,790.0,39990334
2026-06-16,772.1294555664062,784.9000244140625,787.7000122070312,779.4500122070312,780.5,27820970
2026-06-17,774.2935791015625,787.0999755859375,794.2999877929688,783.0999755859375,787.6500244140625,32405604
2026-06-18,786.0,799.0,802.9500122070312,786.2000122070312,786.5,41492071
2026-06-19,779.7999877929688,779.7999877929688,789.0499877929688,776.2000122070312,788.7000122070312,33798761
2026-06-22,786.4000244140625,786.4000244140625,789.9000244140625,783.0999755859375,789.9000244140625,25194765
2026-06-23,774.6500244140625,774.6500244140625,790.9000244140625,772.5499877929688,783.0499877929688,28289062
2026-06-24,793.2000122070312,793.2000122070312,794.9000244140625,772.6500244140625,773.0,34701292
2026-06-25,796.2999877929688,796.2999877929688,804.4500122070312,794.75,798.5,46707966
2026-06-26,796.2999877929688,796.2999877929688,796.2999877929688,796.2999877929688,796.2999877929688,0
2026-06-29,798.9000244140625,798.9000244140625,805.9000244140625,793.2999877929688,800.0,46695977
2026-06-30,797.9500122070312,797.9500122070312,806.0999755859375,792.75,806.0999755859375,45778356
2026-07-01,796.1500244140625,796.1500244140625,802.25,793.5,793.5,26094378
2026-07-02,795.9000244140625,795.9000244140625,805.4500122070312,794.0,795.0,34143823
2026-07-03,801.0499877929688,801.0499877929688,807.0,798.5499877929688,803.0,25871958
2026-07-06,829.8499755859375,829.8499755859375,831.5,805.0,805.0,63203327
2026-07-07,829.2999877929688,829.2999877929688,843.0,826.0999755859375,843.0,57611729
2026-07-08,810.2999877929688,810.2999877929688,834.3499755859375,806.9500122070312,825.9000244140625,38754632
2026-07-09,817.5499877929688,817.5499877929688,822.8499755859375,812.2999877929688,813.0,39891798
2026-07-10,824.9500122070312,824.9500122070312,827.7000122070312,820.2999877929688,824.0,23595785
2026-07-13,817.9500122070312,817.9500122070312,821.9500122070312,811.0,817.0,21741736
2026-07-14,809.4000244140625,809.4000244140625,818.4000244140625,807.0,811.4000244140625,25605395
2026-07-15,815.4500122070312,815.4500122070312,819.7000122070312,809.7000122070312,811.0,21488739
2026-07-16,808.2999877929688,808.2999877929688,818.0,806.5,814.5,18698186
2026-07-17,819.5999755859375,819.5999755859375,823.7000122070312,808.5,810.0,17415322
2026-07-20,777.5999755859375,777.5999755859375,790.0,774.5499877929688,790.0,56061789
2026-07-21,761.4500122070312,761.4500122070312,772.5,760.0999755859375,769.1500244140625,42246009
2026-07-22,753.1500244140625,753.1500244140625,761.3499755859375,750.3499755859375,760.25,23385446
2026-07-23,747.25,747.25,751.0,743.25,749.4000244140625,32532090
2026-07-24,742.7999877929688,742.7999877929688,748.25,737.25,738.5,23837859
2026-07-27,739.5499877929688,739.5499877929688,747.9500122070312,738.0999755859375,746.0999755859375,29678752
2026-07-28,735.4000244140625,735.4000244140625,740.25,732.0,732.0,33886037
2026-07-29,748.2000122070312,748.2000122070312,751.25,740.7999877929688,743.0,20460659
2026-07-30,753.9500122070312,753.9500122070312,757.9000244140625,745.5,752.7999877929688,35844392
2026-07-31,748.1500244140625,748.1500244140625,757.5499877929688,747.2000122070312,753.9500122070312,25522483
2026-08-03,753.0,753.0,756.8499755859375,750.0499877929688,753.0499877929688,14827841
2026-08-04,742.0,742.0,753.2000122070312,738.0,753.2000122070312,31559802
2026-08-05,735.0,735.0,741.9500122070312,732.5999755859375,733.7999877929688,60050538
2026-08-06,734.2999877929688,734.2999877929688,740.5,733.5499877929688,739.0,44772122
2026-08-07,731.0,731.0,736.0,728.2000122070312,733.0,19382042
2026-08-10,731.0,731.0,737.5499877929688,728.5,731.5,23660590
2026-08-11,729.0,729.0,730.8499755859375,726.5499877929688,730.5,29154365
2026-08-12,729.0,729.0,730.6500244140625,722.0,729.0,26993177
2026-08-13,725.0,725.0,729.0,724.5,726.9000244140625,22129893
2026-08-14,727.0,727.0,729.5999755859375,723.5,725.0,20364131
2026-08-17,729.0,729.0,732.0999755859375,724.5,727.0499877929688,14823722
2026-08-18,723.0,723.0,729.0,723.0,726.2999877929688,17916507
2026-08-19,720.0,720.0,725.4000244140625,715.0999755859375,724.0,21342651
2026-08-20,725.0499877929688,725.0499877929688,728.2999877929688,724.2999877929688,725.5,17603805
2026-08-21,726.9500122070312,726.9500122070312,732.7999877929688,726.5999755859375,728.2999877929688,26029811
2026-08-24,729.0,729.0,734.4000244140625,724.0999755859375,732.5,11408345
2026-08-25,727.5,727.5,728.7000122070312,722.0,726.5999755859375,17511874
2026-08-26,727.2000122070312,727.2000122070312,731.0,724.1500244140625,728.0,21156463
2026-08-27,711.0,711.0,728.1500244140625,710.0,728.1500244140625,46515020
2026-08-28,720.2999877929688,720.2999877929688,720.2999877929688,707.0,710.8499755859375,16494301
2026-08-31,709.0,709.0,739.75,704.1500244140625,723.0499877929688,78157067
2026-09-01,711.9000244140625,711.9000244140625,715.4500122070312,698.5,705.0499877929688,44417092
2026-09-02,700.7999877929688,700.7999877929688,705.6500244140625,700.0,702.2999877929688,36950338
2026-09-03,706.6500244140625,706.6500244140625,712.5999755859375,705.0,705.0,27770641
2026-09-04,712.0999755859375,712.0999755859375,716.5,708.3499755859375,708.3499755859375,14488024
2026-09-07,710.5,710.5,713.0,707.0499877929688,712.0999755859375,12180390
2026-09-08,703.0,703.0,708.9000244140625,703.0,707.0999755859375,19883515
2026-09-09,687.0999755859375,687.0999755859375,700.0,687.0999755859375,698.0,39173990
2026-09-10,693.7999877929688,693.7999877929688,694.5,686.2000122070312,687.0999755859375,27108053
2026-09-11,708.25,708.25,709.0,681.9000244140625,683.9000244140625,31411934
